model_021/PatchRoot/CoreScripts/CoreScripts_CrossExperienceVoiceErrorReporter.luac	proto=4	pc=81	LOADN 60	debug=	line=1	context=RateLimiter | CEVBacktraceRepeatedErrorRateLimiting | CEVBacktraceRepeatedErrorRateLimitCount | CEVBacktraceRepeatedErrorRateLimitPeriod | CEVBacktraceRepeatedErrorRateLimitProcessIntervalTenths | processInterval
model_021/PatchRoot/DataModelInstances/CorePackages/Workspace/Packages/Workspace/ErrorReporters/ErrorReporters/Backtrace/BacktraceReporter.luac	proto=1	K23=60.0	debug=new	line=42	context=_generateLogMethod | _logIntervalInSeconds | generateLogMethod | logIntervalInSeconds
model_022/PatchRoot/CoreScripts/CoreScripts_ContextActionTouch.luac	proto=20	pc=44	LOADN 60	debug=	line=1	context=FixCASGetButtonYielded
model_022/PatchRoot/CoreScripts/CoreScripts_CoreScriptErrorReporter.luac	proto=4	pc=107	LOADN 60	debug=	line=1	context=RateLimiter | CoreScriptBacktraceRepeatedErrorRateLimiting | CoreScriptBacktraceRepeatedErrorRateLimitCount | CoreScriptBacktraceRepeatedErrorRateLimitPeriod | CoreScriptBacktraceRepeatedErrorRateLimitProcessIntervalTenths | processInterval
model_022/PatchRoot/CoreScripts/CoreScripts_CrossExperienceVoiceErrorReporter.luac	proto=4	pc=81	LOADN 60	debug=	line=1	context=RateLimiter | CEVBacktraceRepeatedErrorRateLimiting | CEVBacktraceRepeatedErrorRateLimitCount | CEVBacktraceRepeatedErrorRateLimitPeriod | CEVBacktraceRepeatedErrorRateLimitProcessIntervalTenths | processInterval
model_022/PatchRoot/CoreScripts/CoreScripts_VehicleHud.luac	proto=11	pc=48	LOADN 60	debug=	line=1	context=Frame | VehicleHudFrame | SpeedBarClippingFrame
model_022/PatchRoot/CoreScripts/CoreScripts_VoiceUserAgency.luac	proto=16	pc=518	LOADN 60	debug=showUserAgencyPrompt	line=118	context=Frame | VoiceUserAgencyFrame | TimerFrame
model_022/PatchRoot/CoreScripts/ServerCoreScripts_ServerSocialScript.luac	proto=34	pc=137	LOADN 60	debug=	line=1	context=FFlagEnableModerateChatRemoteEvent | ProfileSettingsSlidingWindowRateLimit | ProfileSettingsRateLimitSeconds | ProfileSettingsRateLimitWindowSeconds | ModerateChatSettingUpdated
model_022/PatchRoot/DataModelInstances/CoreGui/RobloxGui/Modules/AbuseReportMenu/Components/Constants.luac	proto=0	pc=236	LOADN 60	debug=	line=1	context=AbuseReportMenuPlaceholderFrame
model_022/PatchRoot/DataModelInstances/CoreGui/RobloxGui/Modules/AbuseReportMenu/ReportAnything/Components/ScreenshotDialog.luac	proto=1	pc=8	LOADN 60	debug=PortraitModeFooter	line=43	context=Frame
model_022/PatchRoot/DataModelInstances/CoreGui/RobloxGui/Modules/AbuseReportMenu/ReportAnything/Components/ScreenshotDialogPortraitModeHeader.luac	proto=5	pc=6	LOADN 60	debug=	line=83	context=Frame
model_022/PatchRoot/DataModelInstances/CoreGui/RobloxGui/Modules/AbuseReportMenu/ReportAnything/Components/ScreenshotReviewDialog.luac	proto=11	pc=12	LOADN 60	debug=ScreenshotReviewDialog	line=103	context=Frame | renderLeft | renderRight
model_022/PatchRoot/DataModelInstances/CoreGui/RobloxGui/Modules/BackpackScript.luac	proto=73	pc=36	LOADN 60	debug=addGamepadHint	line=1577	context=Frame | HintFrame
model_022/PatchRoot/DataModelInstances/CoreGui/RobloxGui/Modules/BackpackScript.luac	proto=73	pc=38	LOADN 60	debug=addGamepadHint	line=1577	context=Frame | HintFrame
model_022/PatchRoot/DataModelInstances/CoreGui/RobloxGui/Modules/BackpackScript.luac	proto=99	pc=110	LOADN 60	debug=	line=1	context=Frame | ScrollingFrame | UIGridFrame | GamepadHintsFrame
model_022/PatchRoot/DataModelInstances/CoreGui/RobloxGui/Modules/BackpackScript.luac	proto=99	pc=945	LOADN 60	debug=	line=1	context=Frame | ScrollingFrame | UIGridFrame | GamepadHintsFrame
model_022/PatchRoot/DataModelInstances/CoreGui/RobloxGui/Modules/DevConsole/Components/MicroProfiler/RecordAndDumpView.luac	proto=4	pc=17	LOADN 60	debug=recordAndDumpRows	line=104	context=Number of frames to record | ClientFramesToRecord | ServerFramesToRecord
model_022/PatchRoot/DataModelInstances/CoreGui/RobloxGui/Modules/DevConsole/Components/RequestOrchestrator/OrchestratorRow.luac	proto=11	pc=86	LOADN 60	debug=	line=1	context=renderQueueChildren | render
model_022/PatchRoot/DataModelInstances/CoreGui/RobloxGui/Modules/DevConsole/Components/ScriptProfiler/MobileSettingsView.luac	proto=20	pc=88	LOADN 60	debug=	line=1	context=SmallFrameHeight | renderToggle | renderStateToggle | renderDropDown | render
model_022/PatchRoot/DataModelInstances/CoreGui/RobloxGui/Modules/DevConsole/Components/ScriptProfiler/MobileSettingsView.luac	proto=20	pc=131	LOADN 60	debug=	line=1	context=SmallFrameHeight | renderToggle | renderStateToggle | renderDropDown | render
model_022/PatchRoot/DataModelInstances/CoreGui/RobloxGui/Modules/DevConsole/Constants.luac	proto=0	pc=347	LOADN 60	debug=	line=1	context=HeaderFrameHeight | EntryFrameHeight | FrameHeight | SmallFrameHeight | TextFrameHeight | TextFramePadding | MinFrameWidth | Rate (/s) | Steps Per Sec (/s) | Step Time (ms) | GraphEntryFrameHeight | PathEntryFrameHeight | RefEntryFrameHeight | StatEntryFrameHeight
model_022/PatchRoot/DataModelInstances/CoreGui/RobloxGui/Modules/Feedback/Components/ModalDialog.luac	proto=7	pc=165	LOADN 60	debug=	line=115	context=Frame | renderLeft | renderRight | renderHeaderBarLeft | renderHeaderBarRight
model_022/PatchRoot/DataModelInstances/CoreGui/RobloxGui/Modules/InGameMenu/Components/ReportPage/ReportDialog.luac	proto=5	pc=34	LOADN 60	debug=renderButtons	line=136	context=Frame
model_022/PatchRoot/DataModelInstances/CoreGui/RobloxGui/Modules/InGameMenu/Resources/Constants.luac	proto=0	pc=185	LOADN 60	debug=	line=1	context=Moderated | MoreFramerateOptions | FramerateCaps
model_022/PatchRoot/DataModelInstances/CoreGui/RobloxGui/Modules/InGameMenu/Resources/Constants.luac	proto=0	pc=196	LOADN 60	debug=	line=1	context=Moderated | MoreFramerateOptions | FramerateCaps
model_022/PatchRoot/DataModelInstances/CoreGui/RobloxGui/Modules/InGameMenu/Resources/GetImageSetData.luac	proto=0	pc=212	LOADN 60	debug=make_assets_1x	line=11	context=LuaApp/category/filter_toprated | LuaApp/category/ic-top rated | LuaApp/icons/common_refresh
model_022/PatchRoot/DataModelInstances/CoreGui/RobloxGui/Modules/InGameMenu/Resources/GetImageSetData.luac	proto=0	pc=1803	LOADN 60	debug=make_assets_1x	line=11	context=LuaApp/category/filter_toprated | LuaApp/category/ic-top rated | LuaApp/icons/common_refresh
model_022/PatchRoot/DataModelInstances/CoreGui/RobloxGui/Modules/InGameMenu/Resources/GetImageSetData.luac	proto=1	pc=380	LOADN 60	debug=make_assets_3x	line=295	context=LuaApp/category/filter_toprated | LuaApp/category/ic-top rated | LuaApp/icons/common_refresh
model_022/PatchRoot/DataModelInstances/CoreGui/RobloxGui/Modules/InGameMenu/Resources/GetImageSetData.luac	proto=1	pc=381	LOADN 60	debug=make_assets_3x	line=295	context=LuaApp/category/filter_toprated | LuaApp/category/ic-top rated | LuaApp/icons/common_refresh
model_022/PatchRoot/DataModelInstances/CoreGui/RobloxGui/Modules/InGameMenu/Resources/GetImageSetData.luac	proto=1	pc=392	LOADN 60	debug=make_assets_3x	line=295	context=LuaApp/category/filter_toprated | LuaApp/category/ic-top rated | LuaApp/icons/common_refresh
model_022/PatchRoot/DataModelInstances/CoreGui/RobloxGui/Modules/InGameMenu/Resources/GetImageSetData.luac	proto=1	pc=393	LOADN 60	debug=make_assets_3x	line=295	context=LuaApp/category/filter_toprated | LuaApp/category/ic-top rated | LuaApp/icons/common_refresh
model_022/PatchRoot/DataModelInstances/CoreGui/RobloxGui/Modules/InGameMenu/Resources/GetImageSetData.luac	proto=1	pc=404	LOADN 60	debug=make_assets_3x	line=295	context=LuaApp/category/filter_toprated | LuaApp/category/ic-top rated | LuaApp/icons/common_refresh
model_022/PatchRoot/DataModelInstances/CoreGui/RobloxGui/Modules/InGameMenu/Resources/GetImageSetData.luac	proto=1	pc=405	LOADN 60	debug=make_assets_3x	line=295	context=LuaApp/category/filter_toprated | LuaApp/category/ic-top rated | LuaApp/icons/common_refresh
model_022/PatchRoot/DataModelInstances/CoreGui/RobloxGui/Modules/InGameMenu/Resources/GetImageSetData.luac	proto=1	pc=416	LOADN 60	debug=make_assets_3x	line=295	context=LuaApp/category/filter_toprated | LuaApp/category/ic-top rated | LuaApp/icons/common_refresh
model_022/PatchRoot/DataModelInstances/CoreGui/RobloxGui/Modules/InGameMenu/Resources/GetImageSetData.luac	proto=1	pc=417	LOADN 60	debug=make_assets_3x	line=295	context=LuaApp/category/filter_toprated | LuaApp/category/ic-top rated | LuaApp/icons/common_refresh
model_022/PatchRoot/DataModelInstances/CoreGui/RobloxGui/Modules/InGameMenu/Resources/GetImageSetData.luac	proto=1	pc=428	LOADN 60	debug=make_assets_3x	line=295	context=LuaApp/category/filter_toprated | LuaApp/category/ic-top rated | LuaApp/icons/common_refresh
model_022/PatchRoot/DataModelInstances/CoreGui/RobloxGui/Modules/InGameMenu/Resources/GetImageSetData.luac	proto=1	pc=429	LOADN 60	debug=make_assets_3x	line=295	context=LuaApp/category/filter_toprated | LuaApp/category/ic-top rated | LuaApp/icons/common_refresh
model_022/PatchRoot/DataModelInstances/CoreGui/RobloxGui/Modules/InGameMenu/Resources/GetImageSetData.luac	proto=1	pc=440	LOADN 60	debug=make_assets_3x	line=295	context=LuaApp/category/filter_toprated | LuaApp/category/ic-top rated | LuaApp/icons/common_refresh
model_022/PatchRoot/DataModelInstances/CoreGui/RobloxGui/Modules/InGameMenu/Resources/GetImageSetData.luac	proto=1	pc=441	LOADN 60	debug=make_assets_3x	line=295	context=LuaApp/category/filter_toprated | LuaApp/category/ic-top rated | LuaApp/icons/common_refresh
model_022/PatchRoot/DataModelInstances/CoreGui/RobloxGui/Modules/InGameMenu/Resources/GetImageSetData.luac	proto=1	pc=452	LOADN 60	debug=make_assets_3x	line=295	context=LuaApp/category/filter_toprated | LuaApp/category/ic-top rated | LuaApp/icons/common_refresh
model_022/PatchRoot/DataModelInstances/CoreGui/RobloxGui/Modules/InGameMenu/Resources/GetImageSetData.luac	proto=1	pc=453	LOADN 60	debug=make_assets_3x	line=295	context=LuaApp/category/filter_toprated | LuaApp/category/ic-top rated | LuaApp/icons/common_refresh
model_022/PatchRoot/DataModelInstances/CoreGui/RobloxGui/Modules/InGameMenu/Resources/GetImageSetData.luac	proto=1	pc=464	LOADN 60	debug=make_assets_3x	line=295	context=LuaApp/category/filter_toprated | LuaApp/category/ic-top rated | LuaApp/icons/common_refresh
model_022/PatchRoot/DataModelInstances/CoreGui/RobloxGui/Modules/InGameMenu/Resources/GetImageSetData.luac	proto=1	pc=465	LOADN 60	debug=make_assets_3x	line=295	context=LuaApp/category/filter_toprated | LuaApp/category/ic-top rated | LuaApp/icons/common_refresh
model_022/PatchRoot/DataModelInstances/CoreGui/RobloxGui/Modules/InGameMenu/Resources/GetImageSetData.luac	proto=1	pc=476	LOADN 60	debug=make_assets_3x	line=295	context=LuaApp/category/filter_toprated | LuaApp/category/ic-top rated | LuaApp/icons/common_refresh
model_022/PatchRoot/DataModelInstances/CoreGui/RobloxGui/Modules/InGameMenu/Resources/GetImageSetData.luac	proto=1	pc=477	LOADN 60	debug=make_assets_3x	line=295	context=LuaApp/category/filter_toprated | LuaApp/category/ic-top rated | LuaApp/icons/common_refresh
model_022/PatchRoot/DataModelInstances/CoreGui/RobloxGui/Modules/InGameMenu/Resources/GetImageSetData.luac	proto=1	pc=488	LOADN 60	debug=make_assets_3x	line=295	context=LuaApp/category/filter_toprated | LuaApp/category/ic-top rated | LuaApp/icons/common_refresh
model_022/PatchRoot/DataModelInstances/CoreGui/RobloxGui/Modules/InGameMenu/Resources/GetImageSetData.luac	proto=1	pc=489	LOADN 60	debug=make_assets_3x	line=295	context=LuaApp/category/filter_toprated | LuaApp/category/ic-top rated | LuaApp/icons/common_refresh
model_022/PatchRoot/DataModelInstances/CoreGui/RobloxGui/Modules/InGameMenu/Resources/GetImageSetData.luac	proto=1	pc=500	LOADN 60	debug=make_assets_3x	line=295	context=LuaApp/category/filter_toprated | LuaApp/category/ic-top rated | LuaApp/icons/common_refresh
model_022/PatchRoot/DataModelInstances/CoreGui/RobloxGui/Modules/InGameMenu/Resources/GetImageSetData.luac	proto=1	pc=501	LOADN 60	debug=make_assets_3x	line=295	context=LuaApp/category/filter_toprated | LuaApp/category/ic-top rated | LuaApp/icons/common_refresh
model_022/PatchRoot/DataModelInstances/CoreGui/RobloxGui/Modules/InGameMenu/Resources/GetImageSetData.luac	proto=1	pc=512	LOADN 60	debug=make_assets_3x	line=295	context=LuaApp/category/filter_toprated | LuaApp/category/ic-top rated | LuaApp/icons/common_refresh
model_022/PatchRoot/DataModelInstances/CoreGui/RobloxGui/Modules/InGameMenu/Resources/GetImageSetData.luac	proto=1	pc=513	LOADN 60	debug=make_assets_3x	line=295	context=LuaApp/category/filter_toprated | LuaApp/category/ic-top rated | LuaApp/icons/common_refresh
model_022/PatchRoot/DataModelInstances/CoreGui/RobloxGui/Modules/InGameMenu/Resources/GetImageSetData.luac	proto=1	pc=524	LOADN 60	debug=make_assets_3x	line=295	context=LuaApp/category/filter_toprated | LuaApp/category/ic-top rated | LuaApp/icons/common_refresh
model_022/PatchRoot/DataModelInstances/CoreGui/RobloxGui/Modules/InGameMenu/Resources/GetImageSetData.luac	proto=1	pc=525	LOADN 60	debug=make_assets_3x	line=295	context=LuaApp/category/filter_toprated | LuaApp/category/ic-top rated | LuaApp/icons/common_refresh
model_022/PatchRoot/DataModelInstances/CoreGui/RobloxGui/Modules/InGameMenu/Resources/GetImageSetData.luac	proto=1	pc=536	LOADN 60	debug=make_assets_3x	line=295	context=LuaApp/category/filter_toprated | LuaApp/category/ic-top rated | LuaApp/icons/common_refresh
model_022/PatchRoot/DataModelInstances/CoreGui/RobloxGui/Modules/InGameMenu/Resources/GetImageSetData.luac	proto=1	pc=537	LOADN 60	debug=make_assets_3x	line=295	context=LuaApp/category/filter_toprated | LuaApp/category/ic-top rated | LuaApp/icons/common_refresh
model_022/PatchRoot/DataModelInstances/CoreGui/RobloxGui/Modules/InGameMenu/Resources/GetImageSetData.luac	proto=1	pc=548	LOADN 60	debug=make_assets_3x	line=295	context=LuaApp/category/filter_toprated | LuaApp/category/ic-top rated | LuaApp/icons/common_refresh
model_022/PatchRoot/DataModelInstances/CoreGui/RobloxGui/Modules/InGameMenu/Resources/GetImageSetData.luac	proto=1	pc=549	LOADN 60	debug=make_assets_3x	line=295	context=LuaApp/category/filter_toprated | LuaApp/category/ic-top rated | LuaApp/icons/common_refresh
model_022/PatchRoot/DataModelInstances/CoreGui/RobloxGui/Modules/InGameMenu/Resources/GetImageSetData.luac	proto=1	pc=560	LOADN 60	debug=make_assets_3x	line=295	context=LuaApp/category/filter_toprated | LuaApp/category/ic-top rated | LuaApp/icons/common_refresh
model_022/PatchRoot/DataModelInstances/CoreGui/RobloxGui/Modules/InGameMenu/Resources/GetImageSetData.luac	proto=1	pc=561	LOADN 60	debug=make_assets_3x	line=295	context=LuaApp/category/filter_toprated | LuaApp/category/ic-top rated | LuaApp/icons/common_refresh
model_022/PatchRoot/DataModelInstances/CoreGui/RobloxGui/Modules/InGameMenu/Resources/GetImageSetData.luac	proto=1	pc=956	LOADN 60	debug=make_assets_3x	line=295	context=LuaApp/category/filter_toprated | LuaApp/category/ic-top rated | LuaApp/icons/common_refresh
model_022/PatchRoot/DataModelInstances/CoreGui/RobloxGui/Modules/InGameMenu/Resources/GetImageSetData.luac	proto=1	pc=1820	LOADN 60	debug=make_assets_3x	line=295	context=LuaApp/category/filter_toprated | LuaApp/category/ic-top rated | LuaApp/icons/common_refresh
model_022/PatchRoot/DataModelInstances/CoreGui/RobloxGui/Modules/InGameMenu/Resources/GetImageSetData.luac	proto=1	pc=1821	LOADN 60	debug=make_assets_3x	line=295	context=LuaApp/category/filter_toprated | LuaApp/category/ic-top rated | LuaApp/icons/common_refresh
model_022/PatchRoot/DataModelInstances/CoreGui/RobloxGui/Modules/InGameMenu/Resources/GetImageSetData.luac	proto=1	pc=2228	LOADN 60	debug=make_assets_3x	line=295	context=LuaApp/category/filter_toprated | LuaApp/category/ic-top rated | LuaApp/icons/common_refresh
model_022/PatchRoot/DataModelInstances/CoreGui/RobloxGui/Modules/InGameMenu/Resources/GetImageSetData.luac	proto=1	pc=2229	LOADN 60	debug=make_assets_3x	line=295	context=LuaApp/category/filter_toprated | LuaApp/category/ic-top rated | LuaApp/icons/common_refresh
model_022/PatchRoot/DataModelInstances/CoreGui/RobloxGui/Modules/InspectAndBuy/Components/AssetDetails.luac	proto=8	K86=60.0	debug=render	line=225	context=Frame | ScrollingFrame
model_022/PatchRoot/DataModelInstances/CoreGui/RobloxGui/Modules/PublishAssetPrompt/Components/PublishAssetPromptSingleStep.luac	proto=12	pc=311	LOADN 60	debug=	line=209	context=Frame
model_022/PatchRoot/DataModelInstances/CoreGui/RobloxGui/Modules/Server/FreeCamera/FreeCameraIAS.luac	proto=128	pc=144	LOADN 60	debug=	line=1393	context=frame
model_022/PatchRoot/DataModelInstances/CoreGui/RobloxGui/Modules/Server/FreeCamera/FreeCameraIAS.luac	proto=128	pc=145	LOADN 60	debug=	line=1393	context=frame
model_022/PatchRoot/DataModelInstances/CoreGui/RobloxGui/Modules/Server/FreeCamera/FreeCameraIAS.luac	proto=128	pc=146	LOADN 60	debug=	line=1393	context=frame
model_022/PatchRoot/DataModelInstances/CoreGui/RobloxGui/Modules/Settings/Pages/GameSettings.luac	proto=133	K29=60.0	debug=createMouseOptions	line=2803	context=MouseAdvancedFrame | SliderFrame
model_022/PatchRoot/DataModelInstances/CoreGui/RobloxGui/Modules/Settings/Pages/GameSettings.luac	proto=133	pc=163	LOADN 60	debug=createMouseOptions	line=2803	context=MouseAdvancedFrame | SliderFrame
model_022/PatchRoot/DataModelInstances/CoreGui/RobloxGui/Modules/Settings/Pages/Players.luac	proto=41	pc=115	LOADN 60	debug=createRow	line=1005	context=PlayerRowFrame
model_022/PatchRoot/DataModelInstances/CoreGui/RobloxGui/Modules/Settings/Pages/Players.luac	proto=41	pc=122	LOADN 60	debug=createRow	line=1005	context=PlayerRowFrame
model_022/PatchRoot/DataModelInstances/CoreGui/RobloxGui/Modules/Settings/Pages/Players.luac	proto=41	pc=168	LOADN 60	debug=createRow	line=1005	context=PlayerRowFrame
model_022/PatchRoot/DataModelInstances/CoreGui/RobloxGui/Modules/Settings/Pages/ShareGame/Components/InviteListEntry.luac	proto=4	pc=44	LOADN 60	debug=	line=64	context=PlayerRowFrame | Frame
model_022/PatchRoot/DataModelInstances/CoreGui/RobloxGui/Modules/Settings/Pages/ShareGame/Components/ModalShareGamePageFrame.luac	proto=4	pc=102	LOADN 60	debug=render	line=92	context=promptMessageFitsFrame | Frame
model_022/PatchRoot/DataModelInstances/CoreGui/RobloxGui/Modules/Settings/Pages/ShareGame/Components/ModalShareGamePageFrame.luac	proto=4	pc=224	LOADN 60	debug=render	line=92	context=promptMessageFitsFrame | Frame
model_022/PatchRoot/DataModelInstances/CoreGui/RobloxGui/Modules/Settings/Pages/ShareGame/Constants.luac	proto=0	K87=60.0	debug=	line=1	context=Moderated
model_022/PatchRoot/DataModelInstances/CoreGui/RobloxGui/Modules/Settings/Resources/GameSettingsConstants.luac	proto=1	pc=155	LOADN 60	debug=	line=1	context=FFlagEnableModerateChatRemoteEvent | ChatModerationFrameLayoutOrder | ChatModerationFrame | ShiftLockFrame | CameraModeFrame | MovementModeFrame | FramerateCap | GamepadSensitivityFrame | CameraInvertedFrame | CameraDeviceFrame | MouseAdvancedFrame | VoiceConnectFrame | VoiceDisconnectFrame | PlayerChoiceTranslationFrame | LanguageSelectorFrame | ChatTranslationFrame | ChatLanguageSelectorFrame | ChatTranslationToggleFrame | ChatNotificationsFrame | VRComfortSettingFrame | VRVignetteEnabledFrame
model_022/PatchRoot/DataModelInstances/CoreGui/RobloxGui/Modules/Settings/SettingsHub.luac	proto=75	pc=1415	LOADN 60	debug=createGui	line=1052	context=Frame | ScrollingFrame | ButtonsFrame | VoiceRecordingIndicatorFrame | onStep | PageViewInnerFrame | BottomButtonFrame
model_022/PatchRoot/DataModelInstances/CoreGui/RobloxGui/Modules/Settings/SettingsHub.luac	proto=75	pc=1469	LOADN 60	debug=createGui	line=1052	context=Frame | ScrollingFrame | ButtonsFrame | VoiceRecordingIndicatorFrame | onStep | PageViewInnerFrame | BottomButtonFrame
model_022/PatchRoot/DataModelInstances/CoreGui/RobloxGui/Modules/Settings/SettingsHub.luac	proto=75	pc=1535	LOADN 60	debug=createGui	line=1052	context=Frame | ScrollingFrame | ButtonsFrame | VoiceRecordingIndicatorFrame | onStep | PageViewInnerFrame | BottomButtonFrame
model_022/PatchRoot/DataModelInstances/CoreGui/RobloxGui/Modules/Settings/SettingsHub.luac	proto=75	pc=1615	LOADN 60	debug=createGui	line=1052	context=Frame | ScrollingFrame | ButtonsFrame | VoiceRecordingIndicatorFrame | onStep | PageViewInnerFrame | BottomButtonFrame
model_022/PatchRoot/DataModelInstances/CoreGui/RobloxGui/Modules/Settings/SettingsHub.luac	proto=75	pc=1634	LOADN 60	debug=createGui	line=1052	context=Frame | ScrollingFrame | ButtonsFrame | VoiceRecordingIndicatorFrame | onStep | PageViewInnerFrame | BottomButtonFrame
model_022/PatchRoot/DataModelInstances/CoreGui/RobloxGui/Modules/Settings/SettingsHub.luac	proto=79	K42=60.0	debug=onScreenSizeChanged	line=2205	context=BottomButtonFrameRoot | BottomButtonFrame | Heartbeat
model_022/PatchRoot/DataModelInstances/CoreGui/RobloxGui/Modules/Settings/SettingsHub.luac	proto=79	pc=241	LOADN 60	debug=onScreenSizeChanged	line=2205	context=BottomButtonFrameRoot | BottomButtonFrame | Heartbeat
model_022/PatchRoot/DataModelInstances/CoreGui/RobloxGui/Modules/Settings/SettingsHub.luac	proto=79	pc=251	LOADN 60	debug=onScreenSizeChanged	line=2205	context=BottomButtonFrameRoot | BottomButtonFrame | Heartbeat
model_022/PatchRoot/DataModelInstances/CoreGui/RobloxGui/Modules/Settings/Utility.luac	proto=92	pc=206	LOADN 60	debug=ShowAlert	line=1588	context=GenerateGUID
model_022/PatchRoot/DataModelInstances/CoreGui/RobloxGui/Modules/Shell/GlobalSettings.luac	proto=0	K204=60.0	debug=	line=1	context=BadgeFrameColor | XboxAvatarPaneRefreshInterval | AvatarPaneRefreshInterval | XboxGameDetailsRefreshInterval | GameDetailsRefreshInterval | XboxGameSortsUpdateInterval | GameSortsUpdateInterval
model_022/PatchRoot/DataModelInstances/CoreGui/RobloxGui/Modules/TrustAndSafety/Components/BlockPlayerItem.luac	proto=2	pc=107	LOADN 60	debug=	line=50	context=CheckBoxFrame | TextFrame | Frame
model_022/PatchRoot/DataModelInstances/CoreGui/RobloxGui/Modules/VoiceChatPrompt/Components/VoiceChatConsentModal.luac	proto=1	pc=179	LOADN 60	debug=VoiceChatConsentModal	line=66	context=DialogMainFrame | Frame
model_022/PatchRoot/DataModelInstances/CorePackages/Packages/Index/EmojiList/EmojiList/emojiList.luac	proto=0	pc=3411	LOADN 60	debug=	line=1	context=pirate-flag | frame-with-picture | film-frames | heartbeat
model_022/PatchRoot/DataModelInstances/CorePackages/Packages/Index/EmojiList/EmojiList/emojiList.luac	proto=0	pc=4947	LOADN 60	debug=	line=1	context=pirate-flag | frame-with-picture | film-frames | heartbeat
model_022/PatchRoot/DataModelInstances/CorePackages/Packages/Index/EmojiList/EmojiList/emojiList.luac	proto=0	pc=7867	LOADN 60	debug=	line=1	context=pirate-flag | frame-with-picture | film-frames | heartbeat
model_022/PatchRoot/DataModelInstances/CorePackages/Packages/Index/EmojiList/EmojiList/emojiList.luac	proto=0	pc=8547	LOADN 60	debug=	line=1	context=pirate-flag | frame-with-picture | film-frames | heartbeat
model_022/PatchRoot/DataModelInstances/CorePackages/Packages/Index/EmojiList/EmojiList/emojiList.luac	proto=0	pc=12243	LOADN 60	debug=	line=1	context=pirate-flag | frame-with-picture | film-frames | heartbeat
model_022/PatchRoot/DataModelInstances/CorePackages/Packages/Index/FoundationImages/FoundationImages/Deprecated/GetDeprecatedIconImageSetData.luac	proto=0	pc=1892	LOADN 60	debug=make_assets_1x	line=7	context=icons/common/refresh | icons/common/refresh_small | icons/menu/AR_frame
model_022/PatchRoot/DataModelInstances/CorePackages/Packages/Index/FoundationImages/FoundationImages/Deprecated/GetDeprecatedIconImageSetData.luac	proto=0	pc=1893	LOADN 60	debug=make_assets_1x	line=7	context=icons/common/refresh | icons/common/refresh_small | icons/menu/AR_frame
model_022/PatchRoot/DataModelInstances/CorePackages/Packages/Index/FoundationImages/FoundationImages/Deprecated/GetDeprecatedIconImageSetData.luac	proto=2	pc=148	LOADN 60	debug=make_assets_3x	line=1505	context=icons/common/refresh | icons/common/refresh_small | icons/menu/AR_frame
model_022/PatchRoot/DataModelInstances/CorePackages/Packages/Index/FoundationImages/FoundationImages/Deprecated/GetDeprecatedIconImageSetData.luac	proto=2	pc=628	LOADN 60	debug=make_assets_3x	line=1505	context=icons/common/refresh | icons/common/refresh_small | icons/menu/AR_frame
model_022/PatchRoot/DataModelInstances/CorePackages/Packages/Index/FoundationImages/FoundationImages/Deprecated/GetDeprecatedIconImageSetData.luac	proto=2	pc=976	LOADN 60	debug=make_assets_3x	line=1505	context=icons/common/refresh | icons/common/refresh_small | icons/menu/AR_frame
model_022/PatchRoot/DataModelInstances/CorePackages/Packages/Index/FoundationImages/FoundationImages/Deprecated/GetDeprecatedIconImageSetData.luac	proto=2	pc=2044	LOADN 60	debug=make_assets_3x	line=1505	context=icons/common/refresh | icons/common/refresh_small | icons/menu/AR_frame
model_022/PatchRoot/DataModelInstances/CorePackages/Packages/Index/FoundationImages/FoundationImages/Deprecated/GetDeprecatedIconImageSetData.luac	proto=2	pc=3016	LOADN 60	debug=make_assets_3x	line=1505	context=icons/common/refresh | icons/common/refresh_small | icons/menu/AR_frame
model_022/PatchRoot/DataModelInstances/CorePackages/Packages/Index/FoundationImages/FoundationImages/Deprecated/GetDeprecatedIconImageSetData.luac	proto=2	pc=3448	LOADN 60	debug=make_assets_3x	line=1505	context=icons/common/refresh | icons/common/refresh_small | icons/menu/AR_frame
model_022/PatchRoot/DataModelInstances/CorePackages/Packages/Index/FoundationImages/FoundationImages/Deprecated/GetDeprecatedIconImageSetData.luac	proto=2	pc=3748	LOADN 60	debug=make_assets_3x	line=1505	context=icons/common/refresh | icons/common/refresh_small | icons/menu/AR_frame
model_022/PatchRoot/DataModelInstances/CorePackages/Packages/Index/FoundationImages/FoundationImages/Deprecated/GetDeprecatedIconImageSetData.luac	proto=2	pc=3940	LOADN 60	debug=make_assets_3x	line=1505	context=icons/common/refresh | icons/common/refresh_small | icons/menu/AR_frame
model_022/PatchRoot/DataModelInstances/CorePackages/Packages/Index/FoundationImages/FoundationImages/Deprecated/GetDeprecatedIconImageSetData.luac	proto=2	pc=4024	LOADN 60	debug=make_assets_3x	line=1505	context=icons/common/refresh | icons/common/refresh_small | icons/menu/AR_frame
model_022/PatchRoot/DataModelInstances/CorePackages/Packages/Index/FoundationImages/FoundationImages/Deprecated/GetDeprecatedIconImageSetData.luac	proto=2	pc=4036	LOADN 60	debug=make_assets_3x	line=1505	context=icons/common/refresh | icons/common/refresh_small | icons/menu/AR_frame
model_022/PatchRoot/DataModelInstances/CorePackages/Packages/Index/FoundationImages/FoundationImages/Deprecated/GetDeprecatedIconImageSetData.luac	proto=2	pc=4072	LOADN 60	debug=make_assets_3x	line=1505	context=icons/common/refresh | icons/common/refresh_small | icons/menu/AR_frame
model_022/PatchRoot/DataModelInstances/CorePackages/Packages/Index/FoundationImages/FoundationImages/Deprecated/GetDeprecatedIconImageSetData.luac	proto=2	pc=4084	LOADN 60	debug=make_assets_3x	line=1505	context=icons/common/refresh | icons/common/refresh_small | icons/menu/AR_frame
model_022/PatchRoot/DataModelInstances/CorePackages/Packages/Index/FoundationImages/FoundationImages/Deprecated/GetDeprecatedIconImageSetData.luac	proto=2	pc=4371	LOADN 60	debug=make_assets_3x	line=1505	context=icons/common/refresh | icons/common/refresh_small | icons/menu/AR_frame
model_022/PatchRoot/DataModelInstances/CorePackages/Packages/Index/FoundationImages/FoundationImages/Deprecated/GetDeprecatedIconImageSetData.luac	proto=2	pc=4408	LOADN 60	debug=make_assets_3x	line=1505	context=icons/common/refresh | icons/common/refresh_small | icons/menu/AR_frame
model_022/PatchRoot/DataModelInstances/CorePackages/Packages/Index/FoundationImages/FoundationImages/Deprecated/GetDeprecatedIconImageSetData.luac	proto=2	pc=4420	LOADN 60	debug=make_assets_3x	line=1505	context=icons/common/refresh | icons/common/refresh_small | icons/menu/AR_frame
model_022/PatchRoot/DataModelInstances/CorePackages/Packages/Index/FoundationImages/FoundationImages/Generated/GetImageSetData.luac	proto=0	pc=572	LOADN 60	debug=make_assets_1x	line=11	context=icons/menu/AR_frame
model_022/PatchRoot/DataModelInstances/CorePackages/Packages/Index/FoundationImages/FoundationImages/Generated/GetImageSetData.luac	proto=0	pc=573	LOADN 60	debug=make_assets_1x	line=11	context=icons/menu/AR_frame
model_022/PatchRoot/DataModelInstances/CorePackages/Packages/Index/FoundationImages/FoundationImages/Generated/GetImageSetData.luac	proto=0	pc=1016	LOADN 60	debug=make_assets_1x	line=11	context=icons/menu/AR_frame
model_022/PatchRoot/DataModelInstances/CorePackages/Packages/Index/FoundationImages/FoundationImages/Generated/GetImageSetData.luac	proto=0	pc=1017	LOADN 60	debug=make_assets_1x	line=11	context=icons/menu/AR_frame
model_022/PatchRoot/DataModelInstances/CorePackages/Packages/Index/FoundationImages/FoundationImages/Generated/GetImageSetData.luac	proto=0	pc=1972	LOADN 60	debug=make_assets_1x	line=11	context=icons/menu/AR_frame
model_022/PatchRoot/DataModelInstances/CorePackages/Packages/Index/FoundationImages/FoundationImages/Generated/GetImageSetData.luac	proto=0	pc=1984	LOADN 60	debug=make_assets_1x	line=11	context=icons/menu/AR_frame
model_022/PatchRoot/DataModelInstances/CorePackages/Packages/Index/FoundationImages/FoundationImages/Generated/GetImageSetData.luac	proto=0	pc=3537	LOADN 60	debug=make_assets_1x	line=11	context=icons/menu/AR_frame
model_022/PatchRoot/DataModelInstances/CorePackages/Packages/Index/FoundationImages/FoundationImages/Generated/GetImageSetData.luac	proto=0	pc=3549	LOADN 60	debug=make_assets_1x	line=11	context=icons/menu/AR_frame
model_022/PatchRoot/DataModelInstances/CorePackages/Packages/Index/FoundationImages/FoundationImages/Generated/GetImageSetData.luac	proto=0	pc=3561	LOADN 60	debug=make_assets_1x	line=11	context=icons/menu/AR_frame
model_022/PatchRoot/DataModelInstances/CorePackages/Packages/Index/FoundationImages/FoundationImages/Generated/GetImageSetData.luac	proto=0	pc=3573	LOADN 60	debug=make_assets_1x	line=11	context=icons/menu/AR_frame
model_022/PatchRoot/DataModelInstances/CorePackages/Packages/Index/FoundationImages/FoundationImages/Generated/GetImageSetData.luac	proto=0	pc=3585	LOADN 60	debug=make_assets_1x	line=11	context=icons/menu/AR_frame
model_022/PatchRoot/DataModelInstances/CorePackages/Packages/Index/FoundationImages/FoundationImages/Generated/GetImageSetData.luac	proto=0	pc=3597	LOADN 60	debug=make_assets_1x	line=11	context=icons/menu/AR_frame
model_022/PatchRoot/DataModelInstances/CorePackages/Packages/Index/FoundationImages/FoundationImages/Generated/GetImageSetData.luac	proto=0	pc=3609	LOADN 60	debug=make_assets_1x	line=11	context=icons/menu/AR_frame
model_022/PatchRoot/DataModelInstances/CorePackages/Packages/Index/FoundationImages/FoundationImages/Generated/GetImageSetData.luac	proto=0	pc=3621	LOADN 60	debug=make_assets_1x	line=11	context=icons/menu/AR_frame
model_022/PatchRoot/DataModelInstances/CorePackages/Packages/Index/FoundationImages/FoundationImages/Generated/GetImageSetData.luac	proto=0	pc=3633	LOADN 60	debug=make_assets_1x	line=11	context=icons/menu/AR_frame
model_022/PatchRoot/DataModelInstances/CorePackages/Packages/Index/FoundationImages/FoundationImages/Generated/GetImageSetData.luac	proto=0	pc=3645	LOADN 60	debug=make_assets_1x	line=11	context=icons/menu/AR_frame
model_022/PatchRoot/DataModelInstances/CorePackages/Packages/Index/FoundationImages/FoundationImages/Generated/GetImageSetData.luac	proto=0	pc=3657	LOADN 60	debug=make_assets_1x	line=11	context=icons/menu/AR_frame
model_022/PatchRoot/DataModelInstances/CorePackages/Packages/Index/FoundationImages/FoundationImages/Generated/GetImageSetData.luac	proto=0	pc=3669	LOADN 60	debug=make_assets_1x	line=11	context=icons/menu/AR_frame
model_022/PatchRoot/DataModelInstances/CorePackages/Packages/Index/FoundationImages/FoundationImages/Generated/GetImageSetData.luac	proto=0	pc=3681	LOADN 60	debug=make_assets_1x	line=11	context=icons/menu/AR_frame
model_022/PatchRoot/DataModelInstances/CorePackages/Packages/Index/FoundationImages/FoundationImages/Generated/GetImageSetData.luac	proto=0	pc=3693	LOADN 60	debug=make_assets_1x	line=11	context=icons/menu/AR_frame
model_022/PatchRoot/DataModelInstances/CorePackages/Packages/Index/FoundationImages/FoundationImages/Generated/GetImageSetData.luac	proto=0	pc=3705	LOADN 60	debug=make_assets_1x	line=11	context=icons/menu/AR_frame
model_022/PatchRoot/DataModelInstances/CorePackages/Packages/Index/FoundationImages/FoundationImages/Generated/GetImageSetData.luac	proto=0	pc=3717	LOADN 60	debug=make_assets_1x	line=11	context=icons/menu/AR_frame
model_022/PatchRoot/DataModelInstances/CorePackages/Packages/Index/FoundationImages/FoundationImages/Generated/GetImageSetData.luac	proto=0	pc=3729	LOADN 60	debug=make_assets_1x	line=11	context=icons/menu/AR_frame
model_022/PatchRoot/DataModelInstances/CorePackages/Packages/Index/FoundationImages/FoundationImages/Generated/GetImageSetData.luac	proto=0	pc=4347	LOADN 60	debug=make_assets_1x	line=11	context=icons/menu/AR_frame
model_022/PatchRoot/DataModelInstances/CorePackages/Packages/Index/FoundationImages/FoundationImages/Generated/GetImageSetData.luac	proto=1	pc=268	LOADN 60	debug=make_assets_2x	line=432	context=icons/menu/AR_frame
model_022/PatchRoot/DataModelInstances/CorePackages/Packages/Index/FoundationImages/FoundationImages/Generated/GetImageSetData.luac	proto=1	pc=447	LOADN 60	debug=make_assets_2x	line=432	context=icons/menu/AR_frame
model_022/PatchRoot/DataModelInstances/CorePackages/Packages/Index/FoundationImages/FoundationImages/Generated/GetImageSetData.luac	proto=1	pc=476	LOADN 60	debug=make_assets_2x	line=432	context=icons/menu/AR_frame
model_022/PatchRoot/DataModelInstances/CorePackages/Packages/Index/FoundationImages/FoundationImages/Generated/GetImageSetData.luac	proto=1	pc=477	LOADN 60	debug=make_assets_2x	line=432	context=icons/menu/AR_frame
model_022/PatchRoot/DataModelInstances/CorePackages/Packages/Index/FoundationImages/FoundationImages/Generated/GetImageSetData.luac	proto=1	pc=999	LOADN 60	debug=make_assets_2x	line=432	context=icons/menu/AR_frame
model_022/PatchRoot/DataModelInstances/CorePackages/Packages/Index/FoundationImages/FoundationImages/Generated/GetImageSetData.luac	proto=1	pc=4023	LOADN 60	debug=make_assets_2x	line=432	context=icons/menu/AR_frame
model_022/PatchRoot/DataModelInstances/CorePackages/Packages/Index/FoundationImages/FoundationImages/Generated/GetImageSetData.luac	proto=1	pc=4976	LOADN 60	debug=make_assets_2x	line=432	context=icons/menu/AR_frame
model_022/PatchRoot/DataModelInstances/CorePackages/Packages/Index/FoundationImages/FoundationImages/Generated/GetImageSetData.luac	proto=1	pc=4977	LOADN 60	debug=make_assets_2x	line=432	context=icons/menu/AR_frame
model_022/PatchRoot/DataModelInstances/CorePackages/Packages/Index/RbxDesignFoundations-31ab8d40-3.0.5/RbxDesignFoundations/tokens/Dark.luac	proto=0	pc=884	LOADN 60	debug=	line=1	context=RateCount | CheckFrame | IconFrame | TextFrame | Interval
model_022/PatchRoot/DataModelInstances/CorePackages/Packages/Index/RbxDesignFoundations-31ab8d40-3.0.5/RbxDesignFoundations/tokens/Dark.luac	proto=0	pc=998	LOADN 60	debug=	line=1	context=RateCount | CheckFrame | IconFrame | TextFrame | Interval
model_022/PatchRoot/DataModelInstances/CorePackages/Packages/Index/RbxDesignFoundations-31ab8d40-3.0.5/RbxDesignFoundations/tokens/Dark.luac	proto=0	pc=6067	LOADN 60	debug=	line=1	context=RateCount | CheckFrame | IconFrame | TextFrame | Interval
model_022/PatchRoot/DataModelInstances/CorePackages/Packages/Index/RbxDesignFoundations-31ab8d40-3.0.5/RbxDesignFoundations/tokens/Light.luac	proto=0	pc=884	LOADN 60	debug=	line=1	context=RateCount | CheckFrame | IconFrame | TextFrame | Interval
model_022/PatchRoot/DataModelInstances/CorePackages/Packages/Index/RbxDesignFoundations-31ab8d40-3.0.5/RbxDesignFoundations/tokens/Light.luac	proto=0	pc=998	LOADN 60	debug=	line=1	context=RateCount | CheckFrame | IconFrame | TextFrame | Interval
model_022/PatchRoot/DataModelInstances/CorePackages/Packages/Index/RbxDesignFoundations-31ab8d40-3.0.5/RbxDesignFoundations/tokens/Light.luac	proto=0	pc=6067	LOADN 60	debug=	line=1	context=RateCount | CheckFrame | IconFrame | TextFrame | Interval
model_022/PatchRoot/DataModelInstances/CorePackages/Packages/Index/RbxDesignFoundations-31ab8d40-4.0.7/RbxDesignFoundations/CircuitRush/Dark.luac	proto=0	pc=884	LOADN 60	debug=	line=1	context=RateCount | CheckFrame | IconFrame | TextFrame | Interval
model_022/PatchRoot/DataModelInstances/CorePackages/Packages/Index/RbxDesignFoundations-31ab8d40-4.0.7/RbxDesignFoundations/CircuitRush/Dark.luac	proto=0	pc=998	LOADN 60	debug=	line=1	context=RateCount | CheckFrame | IconFrame | TextFrame | Interval
model_022/PatchRoot/DataModelInstances/CorePackages/Packages/Index/RbxDesignFoundations-31ab8d40-4.0.7/RbxDesignFoundations/CircuitRush/Dark.luac	proto=0	pc=3755	LOADN 60	debug=	line=1	context=RateCount | CheckFrame | IconFrame | TextFrame | Interval
model_022/PatchRoot/DataModelInstances/CorePackages/Packages/Index/RbxDesignFoundations-31ab8d40-4.0.7/RbxDesignFoundations/CircuitRush/Dark.luac	proto=0	pc=4001	LOADN 60	debug=	line=1	context=RateCount | CheckFrame | IconFrame | TextFrame | Interval
model_022/PatchRoot/DataModelInstances/CorePackages/Packages/Index/RbxDesignFoundations-31ab8d40-4.0.7/RbxDesignFoundations/CircuitRush/Dark.luac	proto=0	pc=6080	LOADN 60	debug=	line=1	context=RateCount | CheckFrame | IconFrame | TextFrame | Interval
model_022/PatchRoot/DataModelInstances/CorePackages/Packages/Index/RbxDesignFoundations-31ab8d40-4.0.7/RbxDesignFoundations/CircuitRush/Light.luac	proto=0	pc=884	LOADN 60	debug=	line=1	context=RateCount | CheckFrame | IconFrame | TextFrame | Interval
model_022/PatchRoot/DataModelInstances/CorePackages/Packages/Index/RbxDesignFoundations-31ab8d40-4.0.7/RbxDesignFoundations/CircuitRush/Light.luac	proto=0	pc=998	LOADN 60	debug=	line=1	context=RateCount | CheckFrame | IconFrame | TextFrame | Interval
model_022/PatchRoot/DataModelInstances/CorePackages/Packages/Index/RbxDesignFoundations-31ab8d40-4.0.7/RbxDesignFoundations/CircuitRush/Light.luac	proto=0	pc=3755	LOADN 60	debug=	line=1	context=RateCount | CheckFrame | IconFrame | TextFrame | Interval
model_022/PatchRoot/DataModelInstances/CorePackages/Packages/Index/RbxDesignFoundations-31ab8d40-4.0.7/RbxDesignFoundations/CircuitRush/Light.luac	proto=0	pc=4001	LOADN 60	debug=	line=1	context=RateCount | CheckFrame | IconFrame | TextFrame | Interval
model_022/PatchRoot/DataModelInstances/CorePackages/Packages/Index/RbxDesignFoundations-31ab8d40-4.0.7/RbxDesignFoundations/CircuitRush/Light.luac	proto=0	pc=6080	LOADN 60	debug=	line=1	context=RateCount | CheckFrame | IconFrame | TextFrame | Interval
model_022/PatchRoot/DataModelInstances/CorePackages/Packages/Index/RbxDesignFoundations-31ab8d40-4.0.7/RbxDesignFoundations/Classic/Dark.luac	proto=0	pc=884	LOADN 60	debug=	line=1	context=RateCount | CheckFrame | IconFrame | TextFrame | Interval
model_022/PatchRoot/DataModelInstances/CorePackages/Packages/Index/RbxDesignFoundations-31ab8d40-4.0.7/RbxDesignFoundations/Classic/Dark.luac	proto=0	pc=998	LOADN 60	debug=	line=1	context=RateCount | CheckFrame | IconFrame | TextFrame | Interval
model_022/PatchRoot/DataModelInstances/CorePackages/Packages/Index/RbxDesignFoundations-31ab8d40-4.0.7/RbxDesignFoundations/Classic/Dark.luac	proto=0	pc=6080	LOADN 60	debug=	line=1	context=RateCount | CheckFrame | IconFrame | TextFrame | Interval
model_022/PatchRoot/DataModelInstances/CorePackages/Packages/Index/RbxDesignFoundations-31ab8d40-4.0.7/RbxDesignFoundations/Classic/Light.luac	proto=0	pc=884	LOADN 60	debug=	line=1	context=RateCount | CheckFrame | IconFrame | TextFrame | Interval
model_022/PatchRoot/DataModelInstances/CorePackages/Packages/Index/RbxDesignFoundations-31ab8d40-4.0.7/RbxDesignFoundations/Classic/Light.luac	proto=0	pc=998	LOADN 60	debug=	line=1	context=RateCount | CheckFrame | IconFrame | TextFrame | Interval
model_022/PatchRoot/DataModelInstances/CorePackages/Packages/Index/RbxDesignFoundations-31ab8d40-4.0.7/RbxDesignFoundations/Classic/Light.luac	proto=0	pc=6080	LOADN 60	debug=	line=1	context=RateCount | CheckFrame | IconFrame | TextFrame | Interval
model_022/PatchRoot/DataModelInstances/CorePackages/Packages/Index/RbxDesignFoundations-31ab8d40-4.0.7/RbxDesignFoundations/CosmicDust/Dark.luac	proto=0	pc=884	LOADN 60	debug=	line=1	context=RateCount | CheckFrame | IconFrame | TextFrame | Interval
model_022/PatchRoot/DataModelInstances/CorePackages/Packages/Index/RbxDesignFoundations-31ab8d40-4.0.7/RbxDesignFoundations/CosmicDust/Dark.luac	proto=0	pc=998	LOADN 60	debug=	line=1	context=RateCount | CheckFrame | IconFrame | TextFrame | Interval
model_022/PatchRoot/DataModelInstances/CorePackages/Packages/Index/RbxDesignFoundations-31ab8d40-4.0.7/RbxDesignFoundations/CosmicDust/Dark.luac	proto=0	pc=3755	LOADN 60	debug=	line=1	context=RateCount | CheckFrame | IconFrame | TextFrame | Interval
model_022/PatchRoot/DataModelInstances/CorePackages/Packages/Index/RbxDesignFoundations-31ab8d40-4.0.7/RbxDesignFoundations/CosmicDust/Dark.luac	proto=0	pc=4001	LOADN 60	debug=	line=1	context=RateCount | CheckFrame | IconFrame | TextFrame | Interval
model_022/PatchRoot/DataModelInstances/CorePackages/Packages/Index/RbxDesignFoundations-31ab8d40-4.0.7/RbxDesignFoundations/CosmicDust/Dark.luac	proto=0	pc=6080	LOADN 60	debug=	line=1	context=RateCount | CheckFrame | IconFrame | TextFrame | Interval
model_022/PatchRoot/DataModelInstances/CorePackages/Packages/Index/RbxDesignFoundations-31ab8d40-4.0.7/RbxDesignFoundations/CosmicDust/Light.luac	proto=0	pc=884	LOADN 60	debug=	line=1	context=RateCount | CheckFrame | IconFrame | TextFrame | Interval
model_022/PatchRoot/DataModelInstances/CorePackages/Packages/Index/RbxDesignFoundations-31ab8d40-4.0.7/RbxDesignFoundations/CosmicDust/Light.luac	proto=0	pc=998	LOADN 60	debug=	line=1	context=RateCount | CheckFrame | IconFrame | TextFrame | Interval
model_022/PatchRoot/DataModelInstances/CorePackages/Packages/Index/RbxDesignFoundations-31ab8d40-4.0.7/RbxDesignFoundations/CosmicDust/Light.luac	proto=0	pc=3755	LOADN 60	debug=	line=1	context=RateCount | CheckFrame | IconFrame | TextFrame | Interval
model_022/PatchRoot/DataModelInstances/CorePackages/Packages/Index/RbxDesignFoundations-31ab8d40-4.0.7/RbxDesignFoundations/CosmicDust/Light.luac	proto=0	pc=4001	LOADN 60	debug=	line=1	context=RateCount | CheckFrame | IconFrame | TextFrame | Interval
model_022/PatchRoot/DataModelInstances/CorePackages/Packages/Index/RbxDesignFoundations-31ab8d40-4.0.7/RbxDesignFoundations/CosmicDust/Light.luac	proto=0	pc=6080	LOADN 60	debug=	line=1	context=RateCount | CheckFrame | IconFrame | TextFrame | Interval
model_022/PatchRoot/DataModelInstances/CorePackages/Packages/Index/RbxDesignFoundations-31ab8d40-4.0.7/RbxDesignFoundations/Default/Dark.luac	proto=0	pc=884	LOADN 60	debug=	line=1	context=RateCount | CheckFrame | IconFrame | TextFrame | Interval
model_022/PatchRoot/DataModelInstances/CorePackages/Packages/Index/RbxDesignFoundations-31ab8d40-4.0.7/RbxDesignFoundations/Default/Dark.luac	proto=0	pc=998	LOADN 60	debug=	line=1	context=RateCount | CheckFrame | IconFrame | TextFrame | Interval
model_022/PatchRoot/DataModelInstances/CorePackages/Packages/Index/RbxDesignFoundations-31ab8d40-4.0.7/RbxDesignFoundations/Default/Dark.luac	proto=0	pc=3755	LOADN 60	debug=	line=1	context=RateCount | CheckFrame | IconFrame | TextFrame | Interval
model_022/PatchRoot/DataModelInstances/CorePackages/Packages/Index/RbxDesignFoundations-31ab8d40-4.0.7/RbxDesignFoundations/Default/Dark.luac	proto=0	pc=4001	LOADN 60	debug=	line=1	context=RateCount | CheckFrame | IconFrame | TextFrame | Interval
model_022/PatchRoot/DataModelInstances/CorePackages/Packages/Index/RbxDesignFoundations-31ab8d40-4.0.7/RbxDesignFoundations/Default/Dark.luac	proto=0	pc=6080	LOADN 60	debug=	line=1	context=RateCount | CheckFrame | IconFrame | TextFrame | Interval
model_022/PatchRoot/DataModelInstances/CorePackages/Packages/Index/RbxDesignFoundations-31ab8d40-4.0.7/RbxDesignFoundations/Default/Light.luac	proto=0	pc=884	LOADN 60	debug=	line=1	context=RateCount | CheckFrame | IconFrame | TextFrame | Interval
model_022/PatchRoot/DataModelInstances/CorePackages/Packages/Index/RbxDesignFoundations-31ab8d40-4.0.7/RbxDesignFoundations/Default/Light.luac	proto=0	pc=998	LOADN 60	debug=	line=1	context=RateCount | CheckFrame | IconFrame | TextFrame | Interval
model_022/PatchRoot/DataModelInstances/CorePackages/Packages/Index/RbxDesignFoundations-31ab8d40-4.0.7/RbxDesignFoundations/Default/Light.luac	proto=0	pc=3755	LOADN 60	debug=	line=1	context=RateCount | CheckFrame | IconFrame | TextFrame | Interval
model_022/PatchRoot/DataModelInstances/CorePackages/Packages/Index/RbxDesignFoundations-31ab8d40-4.0.7/RbxDesignFoundations/Default/Light.luac	proto=0	pc=4001	LOADN 60	debug=	line=1	context=RateCount | CheckFrame | IconFrame | TextFrame | Interval
model_022/PatchRoot/DataModelInstances/CorePackages/Packages/Index/RbxDesignFoundations-31ab8d40-4.0.7/RbxDesignFoundations/Default/Light.luac	proto=0	pc=6080	LOADN 60	debug=	line=1	context=RateCount | CheckFrame | IconFrame | TextFrame | Interval
model_022/PatchRoot/DataModelInstances/CorePackages/Packages/Index/RbxDesignFoundations-31ab8d40-4.0.7/RbxDesignFoundations/ElectricLime/Dark.luac	proto=0	pc=884	LOADN 60	debug=	line=1	context=RateCount | CheckFrame | IconFrame | TextFrame | Interval
model_022/PatchRoot/DataModelInstances/CorePackages/Packages/Index/RbxDesignFoundations-31ab8d40-4.0.7/RbxDesignFoundations/ElectricLime/Dark.luac	proto=0	pc=998	LOADN 60	debug=	line=1	context=RateCount | CheckFrame | IconFrame | TextFrame | Interval
model_022/PatchRoot/DataModelInstances/CorePackages/Packages/Index/RbxDesignFoundations-31ab8d40-4.0.7/RbxDesignFoundations/ElectricLime/Dark.luac	proto=0	pc=1734	LOADN 60	debug=	line=1	context=RateCount | CheckFrame | IconFrame | TextFrame | Interval
model_022/PatchRoot/DataModelInstances/CorePackages/Packages/Index/RbxDesignFoundations-31ab8d40-4.0.7/RbxDesignFoundations/ElectricLime/Dark.luac	proto=0	pc=1872	LOADN 60	debug=	line=1	context=RateCount | CheckFrame | IconFrame | TextFrame | Interval
model_022/PatchRoot/DataModelInstances/CorePackages/Packages/Index/RbxDesignFoundations-31ab8d40-4.0.7/RbxDesignFoundations/ElectricLime/Dark.luac	proto=0	pc=2441	LOADN 60	debug=	line=1	context=RateCount | CheckFrame | IconFrame | TextFrame | Interval
model_022/PatchRoot/DataModelInstances/CorePackages/Packages/Index/RbxDesignFoundations-31ab8d40-4.0.7/RbxDesignFoundations/ElectricLime/Dark.luac	proto=0	pc=2612	LOADN 60	debug=	line=1	context=RateCount | CheckFrame | IconFrame | TextFrame | Interval
model_022/PatchRoot/DataModelInstances/CorePackages/Packages/Index/RbxDesignFoundations-31ab8d40-4.0.7/RbxDesignFoundations/ElectricLime/Dark.luac	proto=0	pc=2632	LOADN 60	debug=	line=1	context=RateCount | CheckFrame | IconFrame | TextFrame | Interval
model_022/PatchRoot/DataModelInstances/CorePackages/Packages/Index/RbxDesignFoundations-31ab8d40-4.0.7/RbxDesignFoundations/ElectricLime/Dark.luac	proto=0	pc=2652	LOADN 60	debug=	line=1	context=RateCount | CheckFrame | IconFrame | TextFrame | Interval
model_022/PatchRoot/DataModelInstances/CorePackages/Packages/Index/RbxDesignFoundations-31ab8d40-4.0.7/RbxDesignFoundations/ElectricLime/Dark.luac	proto=0	pc=2684	LOADN 60	debug=	line=1	context=RateCount | CheckFrame | IconFrame | TextFrame | Interval
model_022/PatchRoot/DataModelInstances/CorePackages/Packages/Index/RbxDesignFoundations-31ab8d40-4.0.7/RbxDesignFoundations/ElectricLime/Dark.luac	proto=0	pc=2704	LOADN 60	debug=	line=1	context=RateCount | CheckFrame | IconFrame | TextFrame | Interval
model_022/PatchRoot/DataModelInstances/CorePackages/Packages/Index/RbxDesignFoundations-31ab8d40-4.0.7/RbxDesignFoundations/ElectricLime/Dark.luac	proto=0	pc=2724	LOADN 60	debug=	line=1	context=RateCount | CheckFrame | IconFrame | TextFrame | Interval
model_022/PatchRoot/DataModelInstances/CorePackages/Packages/Index/RbxDesignFoundations-31ab8d40-4.0.7/RbxDesignFoundations/ElectricLime/Dark.luac	proto=0	pc=3462	LOADN 60	debug=	line=1	context=RateCount | CheckFrame | IconFrame | TextFrame | Interval
model_022/PatchRoot/DataModelInstances/CorePackages/Packages/Index/RbxDesignFoundations-31ab8d40-4.0.7/RbxDesignFoundations/ElectricLime/Dark.luac	proto=0	pc=3600	LOADN 60	debug=	line=1	context=RateCount | CheckFrame | IconFrame | TextFrame | Interval
model_022/PatchRoot/DataModelInstances/CorePackages/Packages/Index/RbxDesignFoundations-31ab8d40-4.0.7/RbxDesignFoundations/ElectricLime/Dark.luac	proto=0	pc=3755	LOADN 60	debug=	line=1	context=RateCount | CheckFrame | IconFrame | TextFrame | Interval
model_022/PatchRoot/DataModelInstances/CorePackages/Packages/Index/RbxDesignFoundations-31ab8d40-4.0.7/RbxDesignFoundations/ElectricLime/Dark.luac	proto=0	pc=4001	LOADN 60	debug=	line=1	context=RateCount | CheckFrame | IconFrame | TextFrame | Interval
model_022/PatchRoot/DataModelInstances/CorePackages/Packages/Index/RbxDesignFoundations-31ab8d40-4.0.7/RbxDesignFoundations/ElectricLime/Dark.luac	proto=0	pc=4234	LOADN 60	debug=	line=1	context=RateCount | CheckFrame | IconFrame | TextFrame | Interval
model_022/PatchRoot/DataModelInstances/CorePackages/Packages/Index/RbxDesignFoundations-31ab8d40-4.0.7/RbxDesignFoundations/ElectricLime/Dark.luac	proto=0	pc=4364	LOADN 60	debug=	line=1	context=RateCount | CheckFrame | IconFrame | TextFrame | Interval
model_022/PatchRoot/DataModelInstances/CorePackages/Packages/Index/RbxDesignFoundations-31ab8d40-4.0.7/RbxDesignFoundations/ElectricLime/Dark.luac	proto=0	pc=4476	LOADN 60	debug=	line=1	context=RateCount | CheckFrame | IconFrame | TextFrame | Interval
model_022/PatchRoot/DataModelInstances/CorePackages/Packages/Index/RbxDesignFoundations-31ab8d40-4.0.7/RbxDesignFoundations/ElectricLime/Dark.luac	proto=0	pc=4508	LOADN 60	debug=	line=1	context=RateCount | CheckFrame | IconFrame | TextFrame | Interval
model_022/PatchRoot/DataModelInstances/CorePackages/Packages/Index/RbxDesignFoundations-31ab8d40-4.0.7/RbxDesignFoundations/ElectricLime/Dark.luac	proto=0	pc=4612	LOADN 60	debug=	line=1	context=RateCount | CheckFrame | IconFrame | TextFrame | Interval
model_022/PatchRoot/DataModelInstances/CorePackages/Packages/Index/RbxDesignFoundations-31ab8d40-4.0.7/RbxDesignFoundations/ElectricLime/Dark.luac	proto=0	pc=4620	LOADN 60	debug=	line=1	context=RateCount | CheckFrame | IconFrame | TextFrame | Interval
model_022/PatchRoot/DataModelInstances/CorePackages/Packages/Index/RbxDesignFoundations-31ab8d40-4.0.7/RbxDesignFoundations/ElectricLime/Dark.luac	proto=0	pc=4628	LOADN 60	debug=	line=1	context=RateCount | CheckFrame | IconFrame | TextFrame | Interval
model_022/PatchRoot/DataModelInstances/CorePackages/Packages/Index/RbxDesignFoundations-31ab8d40-4.0.7/RbxDesignFoundations/ElectricLime/Dark.luac	proto=0	pc=4636	LOADN 60	debug=	line=1	context=RateCount | CheckFrame | IconFrame | TextFrame | Interval
model_022/PatchRoot/DataModelInstances/CorePackages/Packages/Index/RbxDesignFoundations-31ab8d40-4.0.7/RbxDesignFoundations/ElectricLime/Dark.luac	proto=0	pc=4646	LOADN 60	debug=	line=1	context=RateCount | CheckFrame | IconFrame | TextFrame | Interval
model_022/PatchRoot/DataModelInstances/CorePackages/Packages/Index/RbxDesignFoundations-31ab8d40-4.0.7/RbxDesignFoundations/ElectricLime/Dark.luac	proto=0	pc=4662	LOADN 60	debug=	line=1	context=RateCount | CheckFrame | IconFrame | TextFrame | Interval
model_022/PatchRoot/DataModelInstances/CorePackages/Packages/Index/RbxDesignFoundations-31ab8d40-4.0.7/RbxDesignFoundations/ElectricLime/Dark.luac	proto=0	pc=4672	LOADN 60	debug=	line=1	context=RateCount | CheckFrame | IconFrame | TextFrame | Interval
model_022/PatchRoot/DataModelInstances/CorePackages/Packages/Index/RbxDesignFoundations-31ab8d40-4.0.7/RbxDesignFoundations/ElectricLime/Dark.luac	proto=0	pc=4680	LOADN 60	debug=	line=1	context=RateCount | CheckFrame | IconFrame | TextFrame | Interval
model_022/PatchRoot/DataModelInstances/CorePackages/Packages/Index/RbxDesignFoundations-31ab8d40-4.0.7/RbxDesignFoundations/ElectricLime/Dark.luac	proto=0	pc=4688	LOADN 60	debug=	line=1	context=RateCount | CheckFrame | IconFrame | TextFrame | Interval
model_022/PatchRoot/DataModelInstances/CorePackages/Packages/Index/RbxDesignFoundations-31ab8d40-4.0.7/RbxDesignFoundations/ElectricLime/Dark.luac	proto=0	pc=4786	LOADN 60	debug=	line=1	context=RateCount | CheckFrame | IconFrame | TextFrame | Interval
model_022/PatchRoot/DataModelInstances/CorePackages/Packages/Index/RbxDesignFoundations-31ab8d40-4.0.7/RbxDesignFoundations/ElectricLime/Dark.luac	proto=0	pc=4916	LOADN 60	debug=	line=1	context=RateCount | CheckFrame | IconFrame | TextFrame | Interval
model_022/PatchRoot/DataModelInstances/CorePackages/Packages/Index/RbxDesignFoundations-31ab8d40-4.0.7/RbxDesignFoundations/ElectricLime/Dark.luac	proto=0	pc=5028	LOADN 60	debug=	line=1	context=RateCount | CheckFrame | IconFrame | TextFrame | Interval
model_022/PatchRoot/DataModelInstances/CorePackages/Packages/Index/RbxDesignFoundations-31ab8d40-4.0.7/RbxDesignFoundations/ElectricLime/Dark.luac	proto=0	pc=5060	LOADN 60	debug=	line=1	context=RateCount | CheckFrame | IconFrame | TextFrame | Interval
model_022/PatchRoot/DataModelInstances/CorePackages/Packages/Index/RbxDesignFoundations-31ab8d40-4.0.7/RbxDesignFoundations/ElectricLime/Dark.luac	proto=0	pc=5164	LOADN 60	debug=	line=1	context=RateCount | CheckFrame | IconFrame | TextFrame | Interval
model_022/PatchRoot/DataModelInstances/CorePackages/Packages/Index/RbxDesignFoundations-31ab8d40-4.0.7/RbxDesignFoundations/ElectricLime/Dark.luac	proto=0	pc=5172	LOADN 60	debug=	line=1	context=RateCount | CheckFrame | IconFrame | TextFrame | Interval
model_022/PatchRoot/DataModelInstances/CorePackages/Packages/Index/RbxDesignFoundations-31ab8d40-4.0.7/RbxDesignFoundations/ElectricLime/Dark.luac	proto=0	pc=5180	LOADN 60	debug=	line=1	context=RateCount | CheckFrame | IconFrame | TextFrame | Interval
model_022/PatchRoot/DataModelInstances/CorePackages/Packages/Index/RbxDesignFoundations-31ab8d40-4.0.7/RbxDesignFoundations/ElectricLime/Dark.luac	proto=0	pc=5188	LOADN 60	debug=	line=1	context=RateCount | CheckFrame | IconFrame | TextFrame | Interval
model_022/PatchRoot/DataModelInstances/CorePackages/Packages/Index/RbxDesignFoundations-31ab8d40-4.0.7/RbxDesignFoundations/ElectricLime/Dark.luac	proto=0	pc=5198	LOADN 60	debug=	line=1	context=RateCount | CheckFrame | IconFrame | TextFrame | Interval
model_022/PatchRoot/DataModelInstances/CorePackages/Packages/Index/RbxDesignFoundations-31ab8d40-4.0.7/RbxDesignFoundations/ElectricLime/Dark.luac	proto=0	pc=5214	LOADN 60	debug=	line=1	context=RateCount | CheckFrame | IconFrame | TextFrame | Interval
model_022/PatchRoot/DataModelInstances/CorePackages/Packages/Index/RbxDesignFoundations-31ab8d40-4.0.7/RbxDesignFoundations/ElectricLime/Dark.luac	proto=0	pc=5224	LOADN 60	debug=	line=1	context=RateCount | CheckFrame | IconFrame | TextFrame | Interval
model_022/PatchRoot/DataModelInstances/CorePackages/Packages/Index/RbxDesignFoundations-31ab8d40-4.0.7/RbxDesignFoundations/ElectricLime/Dark.luac	proto=0	pc=5232	LOADN 60	debug=	line=1	context=RateCount | CheckFrame | IconFrame | TextFrame | Interval
model_022/PatchRoot/DataModelInstances/CorePackages/Packages/Index/RbxDesignFoundations-31ab8d40-4.0.7/RbxDesignFoundations/ElectricLime/Dark.luac	proto=0	pc=5240	LOADN 60	debug=	line=1	context=RateCount | CheckFrame | IconFrame | TextFrame | Interval
model_022/PatchRoot/DataModelInstances/CorePackages/Packages/Index/RbxDesignFoundations-31ab8d40-4.0.7/RbxDesignFoundations/ElectricLime/Dark.luac	proto=0	pc=5538	LOADN 60	debug=	line=1	context=RateCount | CheckFrame | IconFrame | TextFrame | Interval
model_022/PatchRoot/DataModelInstances/CorePackages/Packages/Index/RbxDesignFoundations-31ab8d40-4.0.7/RbxDesignFoundations/ElectricLime/Dark.luac	proto=0	pc=5572	LOADN 60	debug=	line=1	context=RateCount | CheckFrame | IconFrame | TextFrame | Interval
model_022/PatchRoot/DataModelInstances/CorePackages/Packages/Index/RbxDesignFoundations-31ab8d40-4.0.7/RbxDesignFoundations/ElectricLime/Dark.luac	proto=0	pc=5741	LOADN 60	debug=	line=1	context=RateCount | CheckFrame | IconFrame | TextFrame | Interval
model_022/PatchRoot/DataModelInstances/CorePackages/Packages/Index/RbxDesignFoundations-31ab8d40-4.0.7/RbxDesignFoundations/ElectricLime/Dark.luac	proto=0	pc=5749	LOADN 60	debug=	line=1	context=RateCount | CheckFrame | IconFrame | TextFrame | Interval
model_022/PatchRoot/DataModelInstances/CorePackages/Packages/Index/RbxDesignFoundations-31ab8d40-4.0.7/RbxDesignFoundations/ElectricLime/Dark.luac	proto=0	pc=5767	LOADN 60	debug=	line=1	context=RateCount | CheckFrame | IconFrame | TextFrame | Interval
model_022/PatchRoot/DataModelInstances/CorePackages/Packages/Index/RbxDesignFoundations-31ab8d40-4.0.7/RbxDesignFoundations/ElectricLime/Dark.luac	proto=0	pc=5775	LOADN 60	debug=	line=1	context=RateCount | CheckFrame | IconFrame | TextFrame | Interval
model_022/PatchRoot/DataModelInstances/CorePackages/Packages/Index/RbxDesignFoundations-31ab8d40-4.0.7/RbxDesignFoundations/ElectricLime/Dark.luac	proto=0	pc=6080	LOADN 60	debug=	line=1	context=RateCount | CheckFrame | IconFrame | TextFrame | Interval
model_022/PatchRoot/DataModelInstances/CorePackages/Packages/Index/RbxDesignFoundations-31ab8d40-4.0.7/RbxDesignFoundations/ElectricLime/Light.luac	proto=0	pc=6	LOADN 60	debug=	line=1	context=RateCount | CheckFrame | IconFrame | TextFrame | Interval
model_022/PatchRoot/DataModelInstances/CorePackages/Packages/Index/RbxDesignFoundations-31ab8d40-4.0.7/RbxDesignFoundations/ElectricLime/Light.luac	proto=0	pc=136	LOADN 60	debug=	line=1	context=RateCount | CheckFrame | IconFrame | TextFrame | Interval
model_022/PatchRoot/DataModelInstances/CorePackages/Packages/Index/RbxDesignFoundations-31ab8d40-4.0.7/RbxDesignFoundations/ElectricLime/Light.luac	proto=0	pc=248	LOADN 60	debug=	line=1	context=RateCount | CheckFrame | IconFrame | TextFrame | Interval
model_022/PatchRoot/DataModelInstances/CorePackages/Packages/Index/RbxDesignFoundations-31ab8d40-4.0.7/RbxDesignFoundations/ElectricLime/Light.luac	proto=0	pc=280	LOADN 60	debug=	line=1	context=RateCount | CheckFrame | IconFrame | TextFrame | Interval
model_022/PatchRoot/DataModelInstances/CorePackages/Packages/Index/RbxDesignFoundations-31ab8d40-4.0.7/RbxDesignFoundations/ElectricLime/Light.luac	proto=0	pc=884	LOADN 60	debug=	line=1	context=RateCount | CheckFrame | IconFrame | TextFrame | Interval
model_022/PatchRoot/DataModelInstances/CorePackages/Packages/Index/RbxDesignFoundations-31ab8d40-4.0.7/RbxDesignFoundations/ElectricLime/Light.luac	proto=0	pc=998	LOADN 60	debug=	line=1	context=RateCount | CheckFrame | IconFrame | TextFrame | Interval
model_022/PatchRoot/DataModelInstances/CorePackages/Packages/Index/RbxDesignFoundations-31ab8d40-4.0.7/RbxDesignFoundations/ElectricLime/Light.luac	proto=0	pc=1786	LOADN 60	debug=	line=1	context=RateCount | CheckFrame | IconFrame | TextFrame | Interval
model_022/PatchRoot/DataModelInstances/CorePackages/Packages/Index/RbxDesignFoundations-31ab8d40-4.0.7/RbxDesignFoundations/ElectricLime/Light.luac	proto=0	pc=1794	LOADN 60	debug=	line=1	context=RateCount | CheckFrame | IconFrame | TextFrame | Interval
model_022/PatchRoot/DataModelInstances/CorePackages/Packages/Index/RbxDesignFoundations-31ab8d40-4.0.7/RbxDesignFoundations/ElectricLime/Light.luac	proto=0	pc=1802	LOADN 60	debug=	line=1	context=RateCount | CheckFrame | IconFrame | TextFrame | Interval
model_022/PatchRoot/DataModelInstances/CorePackages/Packages/Index/RbxDesignFoundations-31ab8d40-4.0.7/RbxDesignFoundations/ElectricLime/Light.luac	proto=0	pc=1810	LOADN 60	debug=	line=1	context=RateCount | CheckFrame | IconFrame | TextFrame | Interval
model_022/PatchRoot/DataModelInstances/CorePackages/Packages/Index/RbxDesignFoundations-31ab8d40-4.0.7/RbxDesignFoundations/ElectricLime/Light.luac	proto=0	pc=1820	LOADN 60	debug=	line=1	context=RateCount | CheckFrame | IconFrame | TextFrame | Interval
model_022/PatchRoot/DataModelInstances/CorePackages/Packages/Index/RbxDesignFoundations-31ab8d40-4.0.7/RbxDesignFoundations/ElectricLime/Light.luac	proto=0	pc=1836	LOADN 60	debug=	line=1	context=RateCount | CheckFrame | IconFrame | TextFrame | Interval
model_022/PatchRoot/DataModelInstances/CorePackages/Packages/Index/RbxDesignFoundations-31ab8d40-4.0.7/RbxDesignFoundations/ElectricLime/Light.luac	proto=0	pc=1846	LOADN 60	debug=	line=1	context=RateCount | CheckFrame | IconFrame | TextFrame | Interval
model_022/PatchRoot/DataModelInstances/CorePackages/Packages/Index/RbxDesignFoundations-31ab8d40-4.0.7/RbxDesignFoundations/ElectricLime/Light.luac	proto=0	pc=1854	LOADN 60	debug=	line=1	context=RateCount | CheckFrame | IconFrame | TextFrame | Interval
model_022/PatchRoot/DataModelInstances/CorePackages/Packages/Index/RbxDesignFoundations-31ab8d40-4.0.7/RbxDesignFoundations/ElectricLime/Light.luac	proto=0	pc=1862	LOADN 60	debug=	line=1	context=RateCount | CheckFrame | IconFrame | TextFrame | Interval
model_022/PatchRoot/DataModelInstances/CorePackages/Packages/Index/RbxDesignFoundations-31ab8d40-4.0.7/RbxDesignFoundations/ElectricLime/Light.luac	proto=0	pc=1971	LOADN 60	debug=	line=1	context=RateCount | CheckFrame | IconFrame | TextFrame | Interval
model_022/PatchRoot/DataModelInstances/CorePackages/Packages/Index/RbxDesignFoundations-31ab8d40-4.0.7/RbxDesignFoundations/ElectricLime/Light.luac	proto=0	pc=2235	LOADN 60	debug=	line=1	context=RateCount | CheckFrame | IconFrame | TextFrame | Interval
model_022/PatchRoot/DataModelInstances/CorePackages/Packages/Index/RbxDesignFoundations-31ab8d40-4.0.7/RbxDesignFoundations/ElectricLime/Light.luac	proto=0	pc=2404	LOADN 60	debug=	line=1	context=RateCount | CheckFrame | IconFrame | TextFrame | Interval
model_022/PatchRoot/DataModelInstances/CorePackages/Packages/Index/RbxDesignFoundations-31ab8d40-4.0.7/RbxDesignFoundations/ElectricLime/Light.luac	proto=0	pc=2465	LOADN 60	debug=	line=1	context=RateCount | CheckFrame | IconFrame | TextFrame | Interval
model_022/PatchRoot/DataModelInstances/CorePackages/Packages/Index/RbxDesignFoundations-31ab8d40-4.0.7/RbxDesignFoundations/ElectricLime/Light.luac	proto=0	pc=2612	LOADN 60	debug=	line=1	context=RateCount | CheckFrame | IconFrame | TextFrame | Interval
model_022/PatchRoot/DataModelInstances/CorePackages/Packages/Index/RbxDesignFoundations-31ab8d40-4.0.7/RbxDesignFoundations/ElectricLime/Light.luac	proto=0	pc=2632	LOADN 60	debug=	line=1	context=RateCount | CheckFrame | IconFrame | TextFrame | Interval
model_022/PatchRoot/DataModelInstances/CorePackages/Packages/Index/RbxDesignFoundations-31ab8d40-4.0.7/RbxDesignFoundations/ElectricLime/Light.luac	proto=0	pc=2652	LOADN 60	debug=	line=1	context=RateCount | CheckFrame | IconFrame | TextFrame | Interval
model_022/PatchRoot/DataModelInstances/CorePackages/Packages/Index/RbxDesignFoundations-31ab8d40-4.0.7/RbxDesignFoundations/ElectricLime/Light.luac	proto=0	pc=2828	LOADN 60	debug=	line=1	context=RateCount | CheckFrame | IconFrame | TextFrame | Interval
model_022/PatchRoot/DataModelInstances/CorePackages/Packages/Index/RbxDesignFoundations-31ab8d40-4.0.7/RbxDesignFoundations/ElectricLime/Light.luac	proto=0	pc=2848	LOADN 60	debug=	line=1	context=RateCount | CheckFrame | IconFrame | TextFrame | Interval
model_022/PatchRoot/DataModelInstances/CorePackages/Packages/Index/RbxDesignFoundations-31ab8d40-4.0.7/RbxDesignFoundations/ElectricLime/Light.luac	proto=0	pc=2868	LOADN 60	debug=	line=1	context=RateCount | CheckFrame | IconFrame | TextFrame | Interval
model_022/PatchRoot/DataModelInstances/CorePackages/Packages/Index/RbxDesignFoundations-31ab8d40-4.0.7/RbxDesignFoundations/ElectricLime/Light.luac	proto=0	pc=2882	LOADN 60	debug=	line=1	context=RateCount | CheckFrame | IconFrame | TextFrame | Interval
model_022/PatchRoot/DataModelInstances/CorePackages/Packages/Index/RbxDesignFoundations-31ab8d40-4.0.7/RbxDesignFoundations/ElectricLime/Light.luac	proto=0	pc=2966	LOADN 60	debug=	line=1	context=RateCount | CheckFrame | IconFrame | TextFrame | Interval
model_022/PatchRoot/DataModelInstances/CorePackages/Packages/Index/RbxDesignFoundations-31ab8d40-4.0.7/RbxDesignFoundations/ElectricLime/Light.luac	proto=0	pc=3050	LOADN 60	debug=	line=1	context=RateCount | CheckFrame | IconFrame | TextFrame | Interval
model_022/PatchRoot/DataModelInstances/CorePackages/Packages/Index/RbxDesignFoundations-31ab8d40-4.0.7/RbxDesignFoundations/ElectricLime/Light.luac	proto=0	pc=3462	LOADN 60	debug=	line=1	context=RateCount | CheckFrame | IconFrame | TextFrame | Interval
model_022/PatchRoot/DataModelInstances/CorePackages/Packages/Index/RbxDesignFoundations-31ab8d40-4.0.7/RbxDesignFoundations/ElectricLime/Light.luac	proto=0	pc=3600	LOADN 60	debug=	line=1	context=RateCount | CheckFrame | IconFrame | TextFrame | Interval
model_022/PatchRoot/DataModelInstances/CorePackages/Packages/Index/RbxDesignFoundations-31ab8d40-4.0.7/RbxDesignFoundations/ElectricLime/Light.luac	proto=0	pc=3755	LOADN 60	debug=	line=1	context=RateCount | CheckFrame | IconFrame | TextFrame | Interval
model_022/PatchRoot/DataModelInstances/CorePackages/Packages/Index/RbxDesignFoundations-31ab8d40-4.0.7/RbxDesignFoundations/ElectricLime/Light.luac	proto=0	pc=4001	LOADN 60	debug=	line=1	context=RateCount | CheckFrame | IconFrame | TextFrame | Interval
model_022/PatchRoot/DataModelInstances/CorePackages/Packages/Index/RbxDesignFoundations-31ab8d40-4.0.7/RbxDesignFoundations/ElectricLime/Light.luac	proto=0	pc=4560	LOADN 60	debug=	line=1	context=RateCount | CheckFrame | IconFrame | TextFrame | Interval
model_022/PatchRoot/DataModelInstances/CorePackages/Packages/Index/RbxDesignFoundations-31ab8d40-4.0.7/RbxDesignFoundations/ElectricLime/Light.luac	proto=0	pc=4698	LOADN 60	debug=	line=1	context=RateCount | CheckFrame | IconFrame | TextFrame | Interval
model_022/PatchRoot/DataModelInstances/CorePackages/Packages/Index/RbxDesignFoundations-31ab8d40-4.0.7/RbxDesignFoundations/ElectricLime/Light.luac	proto=0	pc=4786	LOADN 60	debug=	line=1	context=RateCount | CheckFrame | IconFrame | TextFrame | Interval
model_022/PatchRoot/DataModelInstances/CorePackages/Packages/Index/RbxDesignFoundations-31ab8d40-4.0.7/RbxDesignFoundations/ElectricLime/Light.luac	proto=0	pc=4916	LOADN 60	debug=	line=1	context=RateCount | CheckFrame | IconFrame | TextFrame | Interval
model_022/PatchRoot/DataModelInstances/CorePackages/Packages/Index/RbxDesignFoundations-31ab8d40-4.0.7/RbxDesignFoundations/ElectricLime/Light.luac	proto=0	pc=5028	LOADN 60	debug=	line=1	context=RateCount | CheckFrame | IconFrame | TextFrame | Interval
model_022/PatchRoot/DataModelInstances/CorePackages/Packages/Index/RbxDesignFoundations-31ab8d40-4.0.7/RbxDesignFoundations/ElectricLime/Light.luac	proto=0	pc=5060	LOADN 60	debug=	line=1	context=RateCount | CheckFrame | IconFrame | TextFrame | Interval
model_022/PatchRoot/DataModelInstances/CorePackages/Packages/Index/RbxDesignFoundations-31ab8d40-4.0.7/RbxDesignFoundations/ElectricLime/Light.luac	proto=0	pc=5164	LOADN 60	debug=	line=1	context=RateCount | CheckFrame | IconFrame | TextFrame | Interval
model_022/PatchRoot/DataModelInstances/CorePackages/Packages/Index/RbxDesignFoundations-31ab8d40-4.0.7/RbxDesignFoundations/ElectricLime/Light.luac	proto=0	pc=5172	LOADN 60	debug=	line=1	context=RateCount | CheckFrame | IconFrame | TextFrame | Interval
model_022/PatchRoot/DataModelInstances/CorePackages/Packages/Index/RbxDesignFoundations-31ab8d40-4.0.7/RbxDesignFoundations/ElectricLime/Light.luac	proto=0	pc=5180	LOADN 60	debug=	line=1	context=RateCount | CheckFrame | IconFrame | TextFrame | Interval
model_022/PatchRoot/DataModelInstances/CorePackages/Packages/Index/RbxDesignFoundations-31ab8d40-4.0.7/RbxDesignFoundations/ElectricLime/Light.luac	proto=0	pc=5188	LOADN 60	debug=	line=1	context=RateCount | CheckFrame | IconFrame | TextFrame | Interval
model_022/PatchRoot/DataModelInstances/CorePackages/Packages/Index/RbxDesignFoundations-31ab8d40-4.0.7/RbxDesignFoundations/ElectricLime/Light.luac	proto=0	pc=5198	LOADN 60	debug=	line=1	context=RateCount | CheckFrame | IconFrame | TextFrame | Interval
model_022/PatchRoot/DataModelInstances/CorePackages/Packages/Index/RbxDesignFoundations-31ab8d40-4.0.7/RbxDesignFoundations/ElectricLime/Light.luac	proto=0	pc=5214	LOADN 60	debug=	line=1	context=RateCount | CheckFrame | IconFrame | TextFrame | Interval
model_022/PatchRoot/DataModelInstances/CorePackages/Packages/Index/RbxDesignFoundations-31ab8d40-4.0.7/RbxDesignFoundations/ElectricLime/Light.luac	proto=0	pc=5224	LOADN 60	debug=	line=1	context=RateCount | CheckFrame | IconFrame | TextFrame | Interval
model_022/PatchRoot/DataModelInstances/CorePackages/Packages/Index/RbxDesignFoundations-31ab8d40-4.0.7/RbxDesignFoundations/ElectricLime/Light.luac	proto=0	pc=5232	LOADN 60	debug=	line=1	context=RateCount | CheckFrame | IconFrame | TextFrame | Interval
model_022/PatchRoot/DataModelInstances/CorePackages/Packages/Index/RbxDesignFoundations-31ab8d40-4.0.7/RbxDesignFoundations/ElectricLime/Light.luac	proto=0	pc=5240	LOADN 60	debug=	line=1	context=RateCount | CheckFrame | IconFrame | TextFrame | Interval
model_022/PatchRoot/DataModelInstances/CorePackages/Packages/Index/RbxDesignFoundations-31ab8d40-4.0.7/RbxDesignFoundations/ElectricLime/Light.luac	proto=0	pc=5399	LOADN 60	debug=	line=1	context=RateCount | CheckFrame | IconFrame | TextFrame | Interval
model_022/PatchRoot/DataModelInstances/CorePackages/Packages/Index/RbxDesignFoundations-31ab8d40-4.0.7/RbxDesignFoundations/ElectricLime/Light.luac	proto=0	pc=5554	LOADN 60	debug=	line=1	context=RateCount | CheckFrame | IconFrame | TextFrame | Interval
model_022/PatchRoot/DataModelInstances/CorePackages/Packages/Index/RbxDesignFoundations-31ab8d40-4.0.7/RbxDesignFoundations/ElectricLime/Light.luac	proto=0	pc=5562	LOADN 60	debug=	line=1	context=RateCount | CheckFrame | IconFrame | TextFrame | Interval
model_022/PatchRoot/DataModelInstances/CorePackages/Packages/Index/RbxDesignFoundations-31ab8d40-4.0.7/RbxDesignFoundations/ElectricLime/Light.luac	proto=0	pc=5614	LOADN 60	debug=	line=1	context=RateCount | CheckFrame | IconFrame | TextFrame | Interval
model_022/PatchRoot/DataModelInstances/CorePackages/Packages/Index/RbxDesignFoundations-31ab8d40-4.0.7/RbxDesignFoundations/ElectricLime/Light.luac	proto=0	pc=5662	LOADN 60	debug=	line=1	context=RateCount | CheckFrame | IconFrame | TextFrame | Interval
model_022/PatchRoot/DataModelInstances/CorePackages/Packages/Index/RbxDesignFoundations-31ab8d40-4.0.7/RbxDesignFoundations/ElectricLime/Light.luac	proto=0	pc=5741	LOADN 60	debug=	line=1	context=RateCount | CheckFrame | IconFrame | TextFrame | Interval
model_022/PatchRoot/DataModelInstances/CorePackages/Packages/Index/RbxDesignFoundations-31ab8d40-4.0.7/RbxDesignFoundations/ElectricLime/Light.luac	proto=0	pc=5749	LOADN 60	debug=	line=1	context=RateCount | CheckFrame | IconFrame | TextFrame | Interval
model_022/PatchRoot/DataModelInstances/CorePackages/Packages/Index/RbxDesignFoundations-31ab8d40-4.0.7/RbxDesignFoundations/ElectricLime/Light.luac	proto=0	pc=5819	LOADN 60	debug=	line=1	context=RateCount | CheckFrame | IconFrame | TextFrame | Interval
model_022/PatchRoot/DataModelInstances/CorePackages/Packages/Index/RbxDesignFoundations-31ab8d40-4.0.7/RbxDesignFoundations/ElectricLime/Light.luac	proto=0	pc=5827	LOADN 60	debug=	line=1	context=RateCount | CheckFrame | IconFrame | TextFrame | Interval
model_022/PatchRoot/DataModelInstances/CorePackages/Packages/Index/RbxDesignFoundations-31ab8d40-4.0.7/RbxDesignFoundations/ElectricLime/Light.luac	proto=0	pc=5880	LOADN 60	debug=	line=1	context=RateCount | CheckFrame | IconFrame | TextFrame | Interval
model_022/PatchRoot/DataModelInstances/CorePackages/Packages/Index/RbxDesignFoundations-31ab8d40-4.0.7/RbxDesignFoundations/ElectricLime/Light.luac	proto=0	pc=5888	LOADN 60	debug=	line=1	context=RateCount | CheckFrame | IconFrame | TextFrame | Interval
model_022/PatchRoot/DataModelInstances/CorePackages/Packages/Index/RbxDesignFoundations-31ab8d40-4.0.7/RbxDesignFoundations/ElectricLime/Light.luac	proto=0	pc=5896	LOADN 60	debug=	line=1	context=RateCount | CheckFrame | IconFrame | TextFrame | Interval
model_022/PatchRoot/DataModelInstances/CorePackages/Packages/Index/RbxDesignFoundations-31ab8d40-4.0.7/RbxDesignFoundations/ElectricLime/Light.luac	proto=0	pc=6080	LOADN 60	debug=	line=1	context=RateCount | CheckFrame | IconFrame | TextFrame | Interval
model_022/PatchRoot/DataModelInstances/CorePackages/Packages/Index/RbxDesignFoundations-31ab8d40-4.0.7/RbxDesignFoundations/HyperPlum/Dark.luac	proto=0	pc=884	LOADN 60	debug=	line=1	context=RateCount | CheckFrame | IconFrame | TextFrame | Interval
model_022/PatchRoot/DataModelInstances/CorePackages/Packages/Index/RbxDesignFoundations-31ab8d40-4.0.7/RbxDesignFoundations/HyperPlum/Dark.luac	proto=0	pc=998	LOADN 60	debug=	line=1	context=RateCount | CheckFrame | IconFrame | TextFrame | Interval
model_022/PatchRoot/DataModelInstances/CorePackages/Packages/Index/RbxDesignFoundations-31ab8d40-4.0.7/RbxDesignFoundations/HyperPlum/Dark.luac	proto=0	pc=3755	LOADN 60	debug=	line=1	context=RateCount | CheckFrame | IconFrame | TextFrame | Interval
model_022/PatchRoot/DataModelInstances/CorePackages/Packages/Index/RbxDesignFoundations-31ab8d40-4.0.7/RbxDesignFoundations/HyperPlum/Dark.luac	proto=0	pc=4001	LOADN 60	debug=	line=1	context=RateCount | CheckFrame | IconFrame | TextFrame | Interval
model_022/PatchRoot/DataModelInstances/CorePackages/Packages/Index/RbxDesignFoundations-31ab8d40-4.0.7/RbxDesignFoundations/HyperPlum/Dark.luac	proto=0	pc=6080	LOADN 60	debug=	line=1	context=RateCount | CheckFrame | IconFrame | TextFrame | Interval
model_022/PatchRoot/DataModelInstances/CorePackages/Packages/Index/RbxDesignFoundations-31ab8d40-4.0.7/RbxDesignFoundations/HyperPlum/Light.luac	proto=0	pc=884	LOADN 60	debug=	line=1	context=RateCount | CheckFrame | IconFrame | TextFrame | Interval
model_022/PatchRoot/DataModelInstances/CorePackages/Packages/Index/RbxDesignFoundations-31ab8d40-4.0.7/RbxDesignFoundations/HyperPlum/Light.luac	proto=0	pc=998	LOADN 60	debug=	line=1	context=RateCount | CheckFrame | IconFrame | TextFrame | Interval
model_022/PatchRoot/DataModelInstances/CorePackages/Packages/Index/RbxDesignFoundations-31ab8d40-4.0.7/RbxDesignFoundations/HyperPlum/Light.luac	proto=0	pc=3755	LOADN 60	debug=	line=1	context=RateCount | CheckFrame | IconFrame | TextFrame | Interval
model_022/PatchRoot/DataModelInstances/CorePackages/Packages/Index/RbxDesignFoundations-31ab8d40-4.0.7/RbxDesignFoundations/HyperPlum/Light.luac	proto=0	pc=4001	LOADN 60	debug=	line=1	context=RateCount | CheckFrame | IconFrame | TextFrame | Interval
model_022/PatchRoot/DataModelInstances/CorePackages/Packages/Index/RbxDesignFoundations-31ab8d40-4.0.7/RbxDesignFoundations/HyperPlum/Light.luac	proto=0	pc=6080	LOADN 60	debug=	line=1	context=RateCount | CheckFrame | IconFrame | TextFrame | Interval
model_022/PatchRoot/DataModelInstances/CorePackages/Packages/Index/RbxDesignFoundations-31ab8d40-4.0.7/RbxDesignFoundations/InfernoBlast/Dark.luac	proto=0	pc=884	LOADN 60	debug=	line=1	context=RateCount | CheckFrame | IconFrame | TextFrame | Interval
model_022/PatchRoot/DataModelInstances/CorePackages/Packages/Index/RbxDesignFoundations-31ab8d40-4.0.7/RbxDesignFoundations/InfernoBlast/Dark.luac	proto=0	pc=998	LOADN 60	debug=	line=1	context=RateCount | CheckFrame | IconFrame | TextFrame | Interval
model_022/PatchRoot/DataModelInstances/CorePackages/Packages/Index/RbxDesignFoundations-31ab8d40-4.0.7/RbxDesignFoundations/InfernoBlast/Dark.luac	proto=0	pc=3755	LOADN 60	debug=	line=1	context=RateCount | CheckFrame | IconFrame | TextFrame | Interval
model_022/PatchRoot/DataModelInstances/CorePackages/Packages/Index/RbxDesignFoundations-31ab8d40-4.0.7/RbxDesignFoundations/InfernoBlast/Dark.luac	proto=0	pc=4001	LOADN 60	debug=	line=1	context=RateCount | CheckFrame | IconFrame | TextFrame | Interval
model_022/PatchRoot/DataModelInstances/CorePackages/Packages/Index/RbxDesignFoundations-31ab8d40-4.0.7/RbxDesignFoundations/InfernoBlast/Dark.luac	proto=0	pc=6080	LOADN 60	debug=	line=1	context=RateCount | CheckFrame | IconFrame | TextFrame | Interval
model_022/PatchRoot/DataModelInstances/CorePackages/Packages/Index/RbxDesignFoundations-31ab8d40-4.0.7/RbxDesignFoundations/InfernoBlast/Light.luac	proto=0	pc=884	LOADN 60	debug=	line=1	context=RateCount | CheckFrame | IconFrame | TextFrame | Interval
model_022/PatchRoot/DataModelInstances/CorePackages/Packages/Index/RbxDesignFoundations-31ab8d40-4.0.7/RbxDesignFoundations/InfernoBlast/Light.luac	proto=0	pc=998	LOADN 60	debug=	line=1	context=RateCount | CheckFrame | IconFrame | TextFrame | Interval
model_022/PatchRoot/DataModelInstances/CorePackages/Packages/Index/RbxDesignFoundations-31ab8d40-4.0.7/RbxDesignFoundations/InfernoBlast/Light.luac	proto=0	pc=3755	LOADN 60	debug=	line=1	context=RateCount | CheckFrame | IconFrame | TextFrame | Interval
model_022/PatchRoot/DataModelInstances/CorePackages/Packages/Index/RbxDesignFoundations-31ab8d40-4.0.7/RbxDesignFoundations/InfernoBlast/Light.luac	proto=0	pc=4001	LOADN 60	debug=	line=1	context=RateCount | CheckFrame | IconFrame | TextFrame | Interval
model_022/PatchRoot/DataModelInstances/CorePackages/Packages/Index/RbxDesignFoundations-31ab8d40-4.0.7/RbxDesignFoundations/InfernoBlast/Light.luac	proto=0	pc=6080	LOADN 60	debug=	line=1	context=RateCount | CheckFrame | IconFrame | TextFrame | Interval
model_022/PatchRoot/DataModelInstances/CorePackages/Packages/Index/RbxDesignFoundations-31ab8d40-4.0.7/RbxDesignFoundations/Kids/Dark.luac	proto=0	pc=884	LOADN 60	debug=	line=1	context=RateCount | CheckFrame | IconFrame | TextFrame | Interval
model_022/PatchRoot/DataModelInstances/CorePackages/Packages/Index/RbxDesignFoundations-31ab8d40-4.0.7/RbxDesignFoundations/Kids/Dark.luac	proto=0	pc=998	LOADN 60	debug=	line=1	context=RateCount | CheckFrame | IconFrame | TextFrame | Interval
model_022/PatchRoot/DataModelInstances/CorePackages/Packages/Index/RbxDesignFoundations-31ab8d40-4.0.7/RbxDesignFoundations/Kids/Dark.luac	proto=0	pc=3755	LOADN 60	debug=	line=1	context=RateCount | CheckFrame | IconFrame | TextFrame | Interval
model_022/PatchRoot/DataModelInstances/CorePackages/Packages/Index/RbxDesignFoundations-31ab8d40-4.0.7/RbxDesignFoundations/Kids/Dark.luac	proto=0	pc=4001	LOADN 60	debug=	line=1	context=RateCount | CheckFrame | IconFrame | TextFrame | Interval
model_022/PatchRoot/DataModelInstances/CorePackages/Packages/Index/RbxDesignFoundations-31ab8d40-4.0.7/RbxDesignFoundations/Kids/Dark.luac	proto=0	pc=6080	LOADN 60	debug=	line=1	context=RateCount | CheckFrame | IconFrame | TextFrame | Interval
model_022/PatchRoot/DataModelInstances/CorePackages/Packages/Index/RbxDesignFoundations-31ab8d40-4.0.7/RbxDesignFoundations/Kids/Light.luac	proto=0	pc=884	LOADN 60	debug=	line=1	context=RateCount | CheckFrame | IconFrame | TextFrame | Interval
model_022/PatchRoot/DataModelInstances/CorePackages/Packages/Index/RbxDesignFoundations-31ab8d40-4.0.7/RbxDesignFoundations/Kids/Light.luac	proto=0	pc=998	LOADN 60	debug=	line=1	context=RateCount | CheckFrame | IconFrame | TextFrame | Interval
model_022/PatchRoot/DataModelInstances/CorePackages/Packages/Index/RbxDesignFoundations-31ab8d40-4.0.7/RbxDesignFoundations/Kids/Light.luac	proto=0	pc=3755	LOADN 60	debug=	line=1	context=RateCount | CheckFrame | IconFrame | TextFrame | Interval
model_022/PatchRoot/DataModelInstances/CorePackages/Packages/Index/RbxDesignFoundations-31ab8d40-4.0.7/RbxDesignFoundations/Kids/Light.luac	proto=0	pc=4001	LOADN 60	debug=	line=1	context=RateCount | CheckFrame | IconFrame | TextFrame | Interval
model_022/PatchRoot/DataModelInstances/CorePackages/Packages/Index/RbxDesignFoundations-31ab8d40-4.0.7/RbxDesignFoundations/Kids/Light.luac	proto=0	pc=6080	LOADN 60	debug=	line=1	context=RateCount | CheckFrame | IconFrame | TextFrame | Interval
model_022/PatchRoot/DataModelInstances/CorePackages/Packages/Index/RbxDesignFoundations-31ab8d40-4.0.7/RbxDesignFoundations/KidsClassic/Dark.luac	proto=0	pc=884	LOADN 60	debug=	line=1	context=RateCount | CheckFrame | IconFrame | TextFrame | Interval
model_022/PatchRoot/DataModelInstances/CorePackages/Packages/Index/RbxDesignFoundations-31ab8d40-4.0.7/RbxDesignFoundations/KidsClassic/Dark.luac	proto=0	pc=998	LOADN 60	debug=	line=1	context=RateCount | CheckFrame | IconFrame | TextFrame | Interval
model_022/PatchRoot/DataModelInstances/CorePackages/Packages/Index/RbxDesignFoundations-31ab8d40-4.0.7/RbxDesignFoundations/KidsClassic/Dark.luac	proto=0	pc=6080	LOADN 60	debug=	line=1	context=RateCount | CheckFrame | IconFrame | TextFrame | Interval
model_022/PatchRoot/DataModelInstances/CorePackages/Packages/Index/RbxDesignFoundations-31ab8d40-4.0.7/RbxDesignFoundations/KidsClassic/Light.luac	proto=0	pc=884	LOADN 60	debug=	line=1	context=RateCount | CheckFrame | IconFrame | TextFrame | Interval
model_022/PatchRoot/DataModelInstances/CorePackages/Packages/Index/RbxDesignFoundations-31ab8d40-4.0.7/RbxDesignFoundations/KidsClassic/Light.luac	proto=0	pc=998	LOADN 60	debug=	line=1	context=RateCount | CheckFrame | IconFrame | TextFrame | Interval
model_022/PatchRoot/DataModelInstances/CorePackages/Packages/Index/RbxDesignFoundations-31ab8d40-4.0.7/RbxDesignFoundations/KidsClassic/Light.luac	proto=0	pc=6080	LOADN 60	debug=	line=1	context=RateCount | CheckFrame | IconFrame | TextFrame | Interval
model_022/PatchRoot/DataModelInstances/CorePackages/Packages/Index/RbxDesignFoundations-31ab8d40-4.0.7/RbxDesignFoundations/KineticEnergy/Dark.luac	proto=0	pc=884	LOADN 60	debug=	line=1	context=RateCount | CheckFrame | IconFrame | TextFrame | Interval
model_022/PatchRoot/DataModelInstances/CorePackages/Packages/Index/RbxDesignFoundations-31ab8d40-4.0.7/RbxDesignFoundations/KineticEnergy/Dark.luac	proto=0	pc=998	LOADN 60	debug=	line=1	context=RateCount | CheckFrame | IconFrame | TextFrame | Interval
model_022/PatchRoot/DataModelInstances/CorePackages/Packages/Index/RbxDesignFoundations-31ab8d40-4.0.7/RbxDesignFoundations/KineticEnergy/Dark.luac	proto=0	pc=2612	LOADN 60	debug=	line=1	context=RateCount | CheckFrame | IconFrame | TextFrame | Interval
model_022/PatchRoot/DataModelInstances/CorePackages/Packages/Index/RbxDesignFoundations-31ab8d40-4.0.7/RbxDesignFoundations/KineticEnergy/Dark.luac	proto=0	pc=2632	LOADN 60	debug=	line=1	context=RateCount | CheckFrame | IconFrame | TextFrame | Interval
model_022/PatchRoot/DataModelInstances/CorePackages/Packages/Index/RbxDesignFoundations-31ab8d40-4.0.7/RbxDesignFoundations/KineticEnergy/Dark.luac	proto=0	pc=2652	LOADN 60	debug=	line=1	context=RateCount | CheckFrame | IconFrame | TextFrame | Interval
model_022/PatchRoot/DataModelInstances/CorePackages/Packages/Index/RbxDesignFoundations-31ab8d40-4.0.7/RbxDesignFoundations/KineticEnergy/Dark.luac	proto=0	pc=2684	LOADN 60	debug=	line=1	context=RateCount | CheckFrame | IconFrame | TextFrame | Interval
model_022/PatchRoot/DataModelInstances/CorePackages/Packages/Index/RbxDesignFoundations-31ab8d40-4.0.7/RbxDesignFoundations/KineticEnergy/Dark.luac	proto=0	pc=2704	LOADN 60	debug=	line=1	context=RateCount | CheckFrame | IconFrame | TextFrame | Interval
model_022/PatchRoot/DataModelInstances/CorePackages/Packages/Index/RbxDesignFoundations-31ab8d40-4.0.7/RbxDesignFoundations/KineticEnergy/Dark.luac	proto=0	pc=2724	LOADN 60	debug=	line=1	context=RateCount | CheckFrame | IconFrame | TextFrame | Interval
model_022/PatchRoot/DataModelInstances/CorePackages/Packages/Index/RbxDesignFoundations-31ab8d40-4.0.7/RbxDesignFoundations/KineticEnergy/Dark.luac	proto=0	pc=3755	LOADN 60	debug=	line=1	context=RateCount | CheckFrame | IconFrame | TextFrame | Interval
model_022/PatchRoot/DataModelInstances/CorePackages/Packages/Index/RbxDesignFoundations-31ab8d40-4.0.7/RbxDesignFoundations/KineticEnergy/Dark.luac	proto=0	pc=4001	LOADN 60	debug=	line=1	context=RateCount | CheckFrame | IconFrame | TextFrame | Interval
model_022/PatchRoot/DataModelInstances/CorePackages/Packages/Index/RbxDesignFoundations-31ab8d40-4.0.7/RbxDesignFoundations/KineticEnergy/Dark.luac	proto=0	pc=4234	LOADN 60	debug=	line=1	context=RateCount | CheckFrame | IconFrame | TextFrame | Interval
model_022/PatchRoot/DataModelInstances/CorePackages/Packages/Index/RbxDesignFoundations-31ab8d40-4.0.7/RbxDesignFoundations/KineticEnergy/Dark.luac	proto=0	pc=4364	LOADN 60	debug=	line=1	context=RateCount | CheckFrame | IconFrame | TextFrame | Interval
model_022/PatchRoot/DataModelInstances/CorePackages/Packages/Index/RbxDesignFoundations-31ab8d40-4.0.7/RbxDesignFoundations/KineticEnergy/Dark.luac	proto=0	pc=4476	LOADN 60	debug=	line=1	context=RateCount | CheckFrame | IconFrame | TextFrame | Interval
model_022/PatchRoot/DataModelInstances/CorePackages/Packages/Index/RbxDesignFoundations-31ab8d40-4.0.7/RbxDesignFoundations/KineticEnergy/Dark.luac	proto=0	pc=4508	LOADN 60	debug=	line=1	context=RateCount | CheckFrame | IconFrame | TextFrame | Interval
model_022/PatchRoot/DataModelInstances/CorePackages/Packages/Index/RbxDesignFoundations-31ab8d40-4.0.7/RbxDesignFoundations/KineticEnergy/Dark.luac	proto=0	pc=4612	LOADN 60	debug=	line=1	context=RateCount | CheckFrame | IconFrame | TextFrame | Interval
model_022/PatchRoot/DataModelInstances/CorePackages/Packages/Index/RbxDesignFoundations-31ab8d40-4.0.7/RbxDesignFoundations/KineticEnergy/Dark.luac	proto=0	pc=4620	LOADN 60	debug=	line=1	context=RateCount | CheckFrame | IconFrame | TextFrame | Interval
model_022/PatchRoot/DataModelInstances/CorePackages/Packages/Index/RbxDesignFoundations-31ab8d40-4.0.7/RbxDesignFoundations/KineticEnergy/Dark.luac	proto=0	pc=4628	LOADN 60	debug=	line=1	context=RateCount | CheckFrame | IconFrame | TextFrame | Interval
model_022/PatchRoot/DataModelInstances/CorePackages/Packages/Index/RbxDesignFoundations-31ab8d40-4.0.7/RbxDesignFoundations/KineticEnergy/Dark.luac	proto=0	pc=4636	LOADN 60	debug=	line=1	context=RateCount | CheckFrame | IconFrame | TextFrame | Interval
model_022/PatchRoot/DataModelInstances/CorePackages/Packages/Index/RbxDesignFoundations-31ab8d40-4.0.7/RbxDesignFoundations/KineticEnergy/Dark.luac	proto=0	pc=4646	LOADN 60	debug=	line=1	context=RateCount | CheckFrame | IconFrame | TextFrame | Interval
model_022/PatchRoot/DataModelInstances/CorePackages/Packages/Index/RbxDesignFoundations-31ab8d40-4.0.7/RbxDesignFoundations/KineticEnergy/Dark.luac	proto=0	pc=4662	LOADN 60	debug=	line=1	context=RateCount | CheckFrame | IconFrame | TextFrame | Interval
model_022/PatchRoot/DataModelInstances/CorePackages/Packages/Index/RbxDesignFoundations-31ab8d40-4.0.7/RbxDesignFoundations/KineticEnergy/Dark.luac	proto=0	pc=4672	LOADN 60	debug=	line=1	context=RateCount | CheckFrame | IconFrame | TextFrame | Interval
model_022/PatchRoot/DataModelInstances/CorePackages/Packages/Index/RbxDesignFoundations-31ab8d40-4.0.7/RbxDesignFoundations/KineticEnergy/Dark.luac	proto=0	pc=4680	LOADN 60	debug=	line=1	context=RateCount | CheckFrame | IconFrame | TextFrame | Interval
model_022/PatchRoot/DataModelInstances/CorePackages/Packages/Index/RbxDesignFoundations-31ab8d40-4.0.7/RbxDesignFoundations/KineticEnergy/Dark.luac	proto=0	pc=4688	LOADN 60	debug=	line=1	context=RateCount | CheckFrame | IconFrame | TextFrame | Interval
model_022/PatchRoot/DataModelInstances/CorePackages/Packages/Index/RbxDesignFoundations-31ab8d40-4.0.7/RbxDesignFoundations/KineticEnergy/Dark.luac	proto=0	pc=4786	LOADN 60	debug=	line=1	context=RateCount | CheckFrame | IconFrame | TextFrame | Interval
model_022/PatchRoot/DataModelInstances/CorePackages/Packages/Index/RbxDesignFoundations-31ab8d40-4.0.7/RbxDesignFoundations/KineticEnergy/Dark.luac	proto=0	pc=4916	LOADN 60	debug=	line=1	context=RateCount | CheckFrame | IconFrame | TextFrame | Interval
model_022/PatchRoot/DataModelInstances/CorePackages/Packages/Index/RbxDesignFoundations-31ab8d40-4.0.7/RbxDesignFoundations/KineticEnergy/Dark.luac	proto=0	pc=5028	LOADN 60	debug=	line=1	context=RateCount | CheckFrame | IconFrame | TextFrame | Interval
model_022/PatchRoot/DataModelInstances/CorePackages/Packages/Index/RbxDesignFoundations-31ab8d40-4.0.7/RbxDesignFoundations/KineticEnergy/Dark.luac	proto=0	pc=5060	LOADN 60	debug=	line=1	context=RateCount | CheckFrame | IconFrame | TextFrame | Interval
model_022/PatchRoot/DataModelInstances/CorePackages/Packages/Index/RbxDesignFoundations-31ab8d40-4.0.7/RbxDesignFoundations/KineticEnergy/Dark.luac	proto=0	pc=5164	LOADN 60	debug=	line=1	context=RateCount | CheckFrame | IconFrame | TextFrame | Interval
model_022/PatchRoot/DataModelInstances/CorePackages/Packages/Index/RbxDesignFoundations-31ab8d40-4.0.7/RbxDesignFoundations/KineticEnergy/Dark.luac	proto=0	pc=5172	LOADN 60	debug=	line=1	context=RateCount | CheckFrame | IconFrame | TextFrame | Interval
model_022/PatchRoot/DataModelInstances/CorePackages/Packages/Index/RbxDesignFoundations-31ab8d40-4.0.7/RbxDesignFoundations/KineticEnergy/Dark.luac	proto=0	pc=5180	LOADN 60	debug=	line=1	context=RateCount | CheckFrame | IconFrame | TextFrame | Interval
model_022/PatchRoot/DataModelInstances/CorePackages/Packages/Index/RbxDesignFoundations-31ab8d40-4.0.7/RbxDesignFoundations/KineticEnergy/Dark.luac	proto=0	pc=5188	LOADN 60	debug=	line=1	context=RateCount | CheckFrame | IconFrame | TextFrame | Interval
model_022/PatchRoot/DataModelInstances/CorePackages/Packages/Index/RbxDesignFoundations-31ab8d40-4.0.7/RbxDesignFoundations/KineticEnergy/Dark.luac	proto=0	pc=5198	LOADN 60	debug=	line=1	context=RateCount | CheckFrame | IconFrame | TextFrame | Interval
model_022/PatchRoot/DataModelInstances/CorePackages/Packages/Index/RbxDesignFoundations-31ab8d40-4.0.7/RbxDesignFoundations/KineticEnergy/Dark.luac	proto=0	pc=5214	LOADN 60	debug=	line=1	context=RateCount | CheckFrame | IconFrame | TextFrame | Interval
model_022/PatchRoot/DataModelInstances/CorePackages/Packages/Index/RbxDesignFoundations-31ab8d40-4.0.7/RbxDesignFoundations/KineticEnergy/Dark.luac	proto=0	pc=5224	LOADN 60	debug=	line=1	context=RateCount | CheckFrame | IconFrame | TextFrame | Interval
model_022/PatchRoot/DataModelInstances/CorePackages/Packages/Index/RbxDesignFoundations-31ab8d40-4.0.7/RbxDesignFoundations/KineticEnergy/Dark.luac	proto=0	pc=5232	LOADN 60	debug=	line=1	context=RateCount | CheckFrame | IconFrame | TextFrame | Interval
model_022/PatchRoot/DataModelInstances/CorePackages/Packages/Index/RbxDesignFoundations-31ab8d40-4.0.7/RbxDesignFoundations/KineticEnergy/Dark.luac	proto=0	pc=5240	LOADN 60	debug=	line=1	context=RateCount | CheckFrame | IconFrame | TextFrame | Interval
model_022/PatchRoot/DataModelInstances/CorePackages/Packages/Index/RbxDesignFoundations-31ab8d40-4.0.7/RbxDesignFoundations/KineticEnergy/Dark.luac	proto=0	pc=5741	LOADN 60	debug=	line=1	context=RateCount | CheckFrame | IconFrame | TextFrame | Interval
model_022/PatchRoot/DataModelInstances/CorePackages/Packages/Index/RbxDesignFoundations-31ab8d40-4.0.7/RbxDesignFoundations/KineticEnergy/Dark.luac	proto=0	pc=5749	LOADN 60	debug=	line=1	context=RateCount | CheckFrame | IconFrame | TextFrame | Interval
model_022/PatchRoot/DataModelInstances/CorePackages/Packages/Index/RbxDesignFoundations-31ab8d40-4.0.7/RbxDesignFoundations/KineticEnergy/Dark.luac	proto=0	pc=5767	LOADN 60	debug=	line=1	context=RateCount | CheckFrame | IconFrame | TextFrame | Interval
model_022/PatchRoot/DataModelInstances/CorePackages/Packages/Index/RbxDesignFoundations-31ab8d40-4.0.7/RbxDesignFoundations/KineticEnergy/Dark.luac	proto=0	pc=5775	LOADN 60	debug=	line=1	context=RateCount | CheckFrame | IconFrame | TextFrame | Interval
model_022/PatchRoot/DataModelInstances/CorePackages/Packages/Index/RbxDesignFoundations-31ab8d40-4.0.7/RbxDesignFoundations/KineticEnergy/Dark.luac	proto=0	pc=6080	LOADN 60	debug=	line=1	context=RateCount | CheckFrame | IconFrame | TextFrame | Interval
model_022/PatchRoot/DataModelInstances/CorePackages/Packages/Index/RbxDesignFoundations-31ab8d40-4.0.7/RbxDesignFoundations/KineticEnergy/Light.luac	proto=0	pc=6	LOADN 60	debug=	line=1	context=RateCount | CheckFrame | IconFrame | TextFrame | Interval
model_022/PatchRoot/DataModelInstances/CorePackages/Packages/Index/RbxDesignFoundations-31ab8d40-4.0.7/RbxDesignFoundations/KineticEnergy/Light.luac	proto=0	pc=136	LOADN 60	debug=	line=1	context=RateCount | CheckFrame | IconFrame | TextFrame | Interval
model_022/PatchRoot/DataModelInstances/CorePackages/Packages/Index/RbxDesignFoundations-31ab8d40-4.0.7/RbxDesignFoundations/KineticEnergy/Light.luac	proto=0	pc=248	LOADN 60	debug=	line=1	context=RateCount | CheckFrame | IconFrame | TextFrame | Interval
model_022/PatchRoot/DataModelInstances/CorePackages/Packages/Index/RbxDesignFoundations-31ab8d40-4.0.7/RbxDesignFoundations/KineticEnergy/Light.luac	proto=0	pc=280	LOADN 60	debug=	line=1	context=RateCount | CheckFrame | IconFrame | TextFrame | Interval
model_022/PatchRoot/DataModelInstances/CorePackages/Packages/Index/RbxDesignFoundations-31ab8d40-4.0.7/RbxDesignFoundations/KineticEnergy/Light.luac	proto=0	pc=884	LOADN 60	debug=	line=1	context=RateCount | CheckFrame | IconFrame | TextFrame | Interval
model_022/PatchRoot/DataModelInstances/CorePackages/Packages/Index/RbxDesignFoundations-31ab8d40-4.0.7/RbxDesignFoundations/KineticEnergy/Light.luac	proto=0	pc=998	LOADN 60	debug=	line=1	context=RateCount | CheckFrame | IconFrame | TextFrame | Interval
model_022/PatchRoot/DataModelInstances/CorePackages/Packages/Index/RbxDesignFoundations-31ab8d40-4.0.7/RbxDesignFoundations/KineticEnergy/Light.luac	proto=0	pc=1786	LOADN 60	debug=	line=1	context=RateCount | CheckFrame | IconFrame | TextFrame | Interval
model_022/PatchRoot/DataModelInstances/CorePackages/Packages/Index/RbxDesignFoundations-31ab8d40-4.0.7/RbxDesignFoundations/KineticEnergy/Light.luac	proto=0	pc=1794	LOADN 60	debug=	line=1	context=RateCount | CheckFrame | IconFrame | TextFrame | Interval
model_022/PatchRoot/DataModelInstances/CorePackages/Packages/Index/RbxDesignFoundations-31ab8d40-4.0.7/RbxDesignFoundations/KineticEnergy/Light.luac	proto=0	pc=1802	LOADN 60	debug=	line=1	context=RateCount | CheckFrame | IconFrame | TextFrame | Interval
model_022/PatchRoot/DataModelInstances/CorePackages/Packages/Index/RbxDesignFoundations-31ab8d40-4.0.7/RbxDesignFoundations/KineticEnergy/Light.luac	proto=0	pc=1810	LOADN 60	debug=	line=1	context=RateCount | CheckFrame | IconFrame | TextFrame | Interval
model_022/PatchRoot/DataModelInstances/CorePackages/Packages/Index/RbxDesignFoundations-31ab8d40-4.0.7/RbxDesignFoundations/KineticEnergy/Light.luac	proto=0	pc=1820	LOADN 60	debug=	line=1	context=RateCount | CheckFrame | IconFrame | TextFrame | Interval
model_022/PatchRoot/DataModelInstances/CorePackages/Packages/Index/RbxDesignFoundations-31ab8d40-4.0.7/RbxDesignFoundations/KineticEnergy/Light.luac	proto=0	pc=1836	LOADN 60	debug=	line=1	context=RateCount | CheckFrame | IconFrame | TextFrame | Interval
model_022/PatchRoot/DataModelInstances/CorePackages/Packages/Index/RbxDesignFoundations-31ab8d40-4.0.7/RbxDesignFoundations/KineticEnergy/Light.luac	proto=0	pc=1846	LOADN 60	debug=	line=1	context=RateCount | CheckFrame | IconFrame | TextFrame | Interval
model_022/PatchRoot/DataModelInstances/CorePackages/Packages/Index/RbxDesignFoundations-31ab8d40-4.0.7/RbxDesignFoundations/KineticEnergy/Light.luac	proto=0	pc=1854	LOADN 60	debug=	line=1	context=RateCount | CheckFrame | IconFrame | TextFrame | Interval
model_022/PatchRoot/DataModelInstances/CorePackages/Packages/Index/RbxDesignFoundations-31ab8d40-4.0.7/RbxDesignFoundations/KineticEnergy/Light.luac	proto=0	pc=1862	LOADN 60	debug=	line=1	context=RateCount | CheckFrame | IconFrame | TextFrame | Interval
model_022/PatchRoot/DataModelInstances/CorePackages/Packages/Index/RbxDesignFoundations-31ab8d40-4.0.7/RbxDesignFoundations/KineticEnergy/Light.luac	proto=0	pc=1971	LOADN 60	debug=	line=1	context=RateCount | CheckFrame | IconFrame | TextFrame | Interval
model_022/PatchRoot/DataModelInstances/CorePackages/Packages/Index/RbxDesignFoundations-31ab8d40-4.0.7/RbxDesignFoundations/KineticEnergy/Light.luac	proto=0	pc=2235	LOADN 60	debug=	line=1	context=RateCount | CheckFrame | IconFrame | TextFrame | Interval
model_022/PatchRoot/DataModelInstances/CorePackages/Packages/Index/RbxDesignFoundations-31ab8d40-4.0.7/RbxDesignFoundations/KineticEnergy/Light.luac	proto=0	pc=2404	LOADN 60	debug=	line=1	context=RateCount | CheckFrame | IconFrame | TextFrame | Interval
model_022/PatchRoot/DataModelInstances/CorePackages/Packages/Index/RbxDesignFoundations-31ab8d40-4.0.7/RbxDesignFoundations/KineticEnergy/Light.luac	proto=0	pc=2465	LOADN 60	debug=	line=1	context=RateCount | CheckFrame | IconFrame | TextFrame | Interval
model_022/PatchRoot/DataModelInstances/CorePackages/Packages/Index/RbxDesignFoundations-31ab8d40-4.0.7/RbxDesignFoundations/KineticEnergy/Light.luac	proto=0	pc=2612	LOADN 60	debug=	line=1	context=RateCount | CheckFrame | IconFrame | TextFrame | Interval
model_022/PatchRoot/DataModelInstances/CorePackages/Packages/Index/RbxDesignFoundations-31ab8d40-4.0.7/RbxDesignFoundations/KineticEnergy/Light.luac	proto=0	pc=2632	LOADN 60	debug=	line=1	context=RateCount | CheckFrame | IconFrame | TextFrame | Interval
model_022/PatchRoot/DataModelInstances/CorePackages/Packages/Index/RbxDesignFoundations-31ab8d40-4.0.7/RbxDesignFoundations/KineticEnergy/Light.luac	proto=0	pc=2652	LOADN 60	debug=	line=1	context=RateCount | CheckFrame | IconFrame | TextFrame | Interval
model_022/PatchRoot/DataModelInstances/CorePackages/Packages/Index/RbxDesignFoundations-31ab8d40-4.0.7/RbxDesignFoundations/KineticEnergy/Light.luac	proto=0	pc=2828	LOADN 60	debug=	line=1	context=RateCount | CheckFrame | IconFrame | TextFrame | Interval
model_022/PatchRoot/DataModelInstances/CorePackages/Packages/Index/RbxDesignFoundations-31ab8d40-4.0.7/RbxDesignFoundations/KineticEnergy/Light.luac	proto=0	pc=2848	LOADN 60	debug=	line=1	context=RateCount | CheckFrame | IconFrame | TextFrame | Interval
model_022/PatchRoot/DataModelInstances/CorePackages/Packages/Index/RbxDesignFoundations-31ab8d40-4.0.7/RbxDesignFoundations/KineticEnergy/Light.luac	proto=0	pc=2868	LOADN 60	debug=	line=1	context=RateCount | CheckFrame | IconFrame | TextFrame | Interval
model_022/PatchRoot/DataModelInstances/CorePackages/Packages/Index/RbxDesignFoundations-31ab8d40-4.0.7/RbxDesignFoundations/KineticEnergy/Light.luac	proto=0	pc=2882	LOADN 60	debug=	line=1	context=RateCount | CheckFrame | IconFrame | TextFrame | Interval
model_022/PatchRoot/DataModelInstances/CorePackages/Packages/Index/RbxDesignFoundations-31ab8d40-4.0.7/RbxDesignFoundations/KineticEnergy/Light.luac	proto=0	pc=2966	LOADN 60	debug=	line=1	context=RateCount | CheckFrame | IconFrame | TextFrame | Interval
model_022/PatchRoot/DataModelInstances/CorePackages/Packages/Index/RbxDesignFoundations-31ab8d40-4.0.7/RbxDesignFoundations/KineticEnergy/Light.luac	proto=0	pc=3050	LOADN 60	debug=	line=1	context=RateCount | CheckFrame | IconFrame | TextFrame | Interval
model_022/PatchRoot/DataModelInstances/CorePackages/Packages/Index/RbxDesignFoundations-31ab8d40-4.0.7/RbxDesignFoundations/KineticEnergy/Light.luac	proto=0	pc=3755	LOADN 60	debug=	line=1	context=RateCount | CheckFrame | IconFrame | TextFrame | Interval
model_022/PatchRoot/DataModelInstances/CorePackages/Packages/Index/RbxDesignFoundations-31ab8d40-4.0.7/RbxDesignFoundations/KineticEnergy/Light.luac	proto=0	pc=4001	LOADN 60	debug=	line=1	context=RateCount | CheckFrame | IconFrame | TextFrame | Interval
model_022/PatchRoot/DataModelInstances/CorePackages/Packages/Index/RbxDesignFoundations-31ab8d40-4.0.7/RbxDesignFoundations/KineticEnergy/Light.luac	proto=0	pc=4786	LOADN 60	debug=	line=1	context=RateCount | CheckFrame | IconFrame | TextFrame | Interval
model_022/PatchRoot/DataModelInstances/CorePackages/Packages/Index/RbxDesignFoundations-31ab8d40-4.0.7/RbxDesignFoundations/KineticEnergy/Light.luac	proto=0	pc=4916	LOADN 60	debug=	line=1	context=RateCount | CheckFrame | IconFrame | TextFrame | Interval
model_022/PatchRoot/DataModelInstances/CorePackages/Packages/Index/RbxDesignFoundations-31ab8d40-4.0.7/RbxDesignFoundations/KineticEnergy/Light.luac	proto=0	pc=5028	LOADN 60	debug=	line=1	context=RateCount | CheckFrame | IconFrame | TextFrame | Interval
model_022/PatchRoot/DataModelInstances/CorePackages/Packages/Index/RbxDesignFoundations-31ab8d40-4.0.7/RbxDesignFoundations/KineticEnergy/Light.luac	proto=0	pc=5060	LOADN 60	debug=	line=1	context=RateCount | CheckFrame | IconFrame | TextFrame | Interval
model_022/PatchRoot/DataModelInstances/CorePackages/Packages/Index/RbxDesignFoundations-31ab8d40-4.0.7/RbxDesignFoundations/KineticEnergy/Light.luac	proto=0	pc=5164	LOADN 60	debug=	line=1	context=RateCount | CheckFrame | IconFrame | TextFrame | Interval
model_022/PatchRoot/DataModelInstances/CorePackages/Packages/Index/RbxDesignFoundations-31ab8d40-4.0.7/RbxDesignFoundations/KineticEnergy/Light.luac	proto=0	pc=5172	LOADN 60	debug=	line=1	context=RateCount | CheckFrame | IconFrame | TextFrame | Interval
model_022/PatchRoot/DataModelInstances/CorePackages/Packages/Index/RbxDesignFoundations-31ab8d40-4.0.7/RbxDesignFoundations/KineticEnergy/Light.luac	proto=0	pc=5180	LOADN 60	debug=	line=1	context=RateCount | CheckFrame | IconFrame | TextFrame | Interval
model_022/PatchRoot/DataModelInstances/CorePackages/Packages/Index/RbxDesignFoundations-31ab8d40-4.0.7/RbxDesignFoundations/KineticEnergy/Light.luac	proto=0	pc=5188	LOADN 60	debug=	line=1	context=RateCount | CheckFrame | IconFrame | TextFrame | Interval
model_022/PatchRoot/DataModelInstances/CorePackages/Packages/Index/RbxDesignFoundations-31ab8d40-4.0.7/RbxDesignFoundations/KineticEnergy/Light.luac	proto=0	pc=5198	LOADN 60	debug=	line=1	context=RateCount | CheckFrame | IconFrame | TextFrame | Interval
model_022/PatchRoot/DataModelInstances/CorePackages/Packages/Index/RbxDesignFoundations-31ab8d40-4.0.7/RbxDesignFoundations/KineticEnergy/Light.luac	proto=0	pc=5214	LOADN 60	debug=	line=1	context=RateCount | CheckFrame | IconFrame | TextFrame | Interval
model_022/PatchRoot/DataModelInstances/CorePackages/Packages/Index/RbxDesignFoundations-31ab8d40-4.0.7/RbxDesignFoundations/KineticEnergy/Light.luac	proto=0	pc=5224	LOADN 60	debug=	line=1	context=RateCount | CheckFrame | IconFrame | TextFrame | Interval
model_022/PatchRoot/DataModelInstances/CorePackages/Packages/Index/RbxDesignFoundations-31ab8d40-4.0.7/RbxDesignFoundations/KineticEnergy/Light.luac	proto=0	pc=5232	LOADN 60	debug=	line=1	context=RateCount | CheckFrame | IconFrame | TextFrame | Interval
model_022/PatchRoot/DataModelInstances/CorePackages/Packages/Index/RbxDesignFoundations-31ab8d40-4.0.7/RbxDesignFoundations/KineticEnergy/Light.luac	proto=0	pc=5240	LOADN 60	debug=	line=1	context=RateCount | CheckFrame | IconFrame | TextFrame | Interval
model_022/PatchRoot/DataModelInstances/CorePackages/Packages/Index/RbxDesignFoundations-31ab8d40-4.0.7/RbxDesignFoundations/KineticEnergy/Light.luac	proto=0	pc=5399	LOADN 60	debug=	line=1	context=RateCount | CheckFrame | IconFrame | TextFrame | Interval
model_022/PatchRoot/DataModelInstances/CorePackages/Packages/Index/RbxDesignFoundations-31ab8d40-4.0.7/RbxDesignFoundations/KineticEnergy/Light.luac	proto=0	pc=5554	LOADN 60	debug=	line=1	context=RateCount | CheckFrame | IconFrame | TextFrame | Interval
model_022/PatchRoot/DataModelInstances/CorePackages/Packages/Index/RbxDesignFoundations-31ab8d40-4.0.7/RbxDesignFoundations/KineticEnergy/Light.luac	proto=0	pc=5562	LOADN 60	debug=	line=1	context=RateCount | CheckFrame | IconFrame | TextFrame | Interval
model_022/PatchRoot/DataModelInstances/CorePackages/Packages/Index/RbxDesignFoundations-31ab8d40-4.0.7/RbxDesignFoundations/KineticEnergy/Light.luac	proto=0	pc=5614	LOADN 60	debug=	line=1	context=RateCount | CheckFrame | IconFrame | TextFrame | Interval
model_022/PatchRoot/DataModelInstances/CorePackages/Packages/Index/RbxDesignFoundations-31ab8d40-4.0.7/RbxDesignFoundations/KineticEnergy/Light.luac	proto=0	pc=5662	LOADN 60	debug=	line=1	context=RateCount | CheckFrame | IconFrame | TextFrame | Interval
model_022/PatchRoot/DataModelInstances/CorePackages/Packages/Index/RbxDesignFoundations-31ab8d40-4.0.7/RbxDesignFoundations/KineticEnergy/Light.luac	proto=0	pc=5741	LOADN 60	debug=	line=1	context=RateCount | CheckFrame | IconFrame | TextFrame | Interval
model_022/PatchRoot/DataModelInstances/CorePackages/Packages/Index/RbxDesignFoundations-31ab8d40-4.0.7/RbxDesignFoundations/KineticEnergy/Light.luac	proto=0	pc=5749	LOADN 60	debug=	line=1	context=RateCount | CheckFrame | IconFrame | TextFrame | Interval
model_022/PatchRoot/DataModelInstances/CorePackages/Packages/Index/RbxDesignFoundations-31ab8d40-4.0.7/RbxDesignFoundations/KineticEnergy/Light.luac	proto=0	pc=5819	LOADN 60	debug=	line=1	context=RateCount | CheckFrame | IconFrame | TextFrame | Interval
model_022/PatchRoot/DataModelInstances/CorePackages/Packages/Index/RbxDesignFoundations-31ab8d40-4.0.7/RbxDesignFoundations/KineticEnergy/Light.luac	proto=0	pc=5827	LOADN 60	debug=	line=1	context=RateCount | CheckFrame | IconFrame | TextFrame | Interval
model_022/PatchRoot/DataModelInstances/CorePackages/Packages/Index/RbxDesignFoundations-31ab8d40-4.0.7/RbxDesignFoundations/KineticEnergy/Light.luac	proto=0	pc=5880	LOADN 60	debug=	line=1	context=RateCount | CheckFrame | IconFrame | TextFrame | Interval
model_022/PatchRoot/DataModelInstances/CorePackages/Packages/Index/RbxDesignFoundations-31ab8d40-4.0.7/RbxDesignFoundations/KineticEnergy/Light.luac	proto=0	pc=5888	LOADN 60	debug=	line=1	context=RateCount | CheckFrame | IconFrame | TextFrame | Interval
model_022/PatchRoot/DataModelInstances/CorePackages/Packages/Index/RbxDesignFoundations-31ab8d40-4.0.7/RbxDesignFoundations/KineticEnergy/Light.luac	proto=0	pc=5896	LOADN 60	debug=	line=1	context=RateCount | CheckFrame | IconFrame | TextFrame | Interval
model_022/PatchRoot/DataModelInstances/CorePackages/Packages/Index/RbxDesignFoundations-31ab8d40-4.0.7/RbxDesignFoundations/KineticEnergy/Light.luac	proto=0	pc=6080	LOADN 60	debug=	line=1	context=RateCount | CheckFrame | IconFrame | TextFrame | Interval
model_022/PatchRoot/DataModelInstances/CorePackages/Packages/Index/RbxDesignFoundations-31ab8d40-4.0.7/RbxDesignFoundations/LavaGlow/Dark.luac	proto=0	pc=884	LOADN 60	debug=	line=1	context=RateCount | CheckFrame | IconFrame | TextFrame | Interval
model_022/PatchRoot/DataModelInstances/CorePackages/Packages/Index/RbxDesignFoundations-31ab8d40-4.0.7/RbxDesignFoundations/LavaGlow/Dark.luac	proto=0	pc=998	LOADN 60	debug=	line=1	context=RateCount | CheckFrame | IconFrame | TextFrame | Interval
model_022/PatchRoot/DataModelInstances/CorePackages/Packages/Index/RbxDesignFoundations-31ab8d40-4.0.7/RbxDesignFoundations/LavaGlow/Dark.luac	proto=0	pc=3755	LOADN 60	debug=	line=1	context=RateCount | CheckFrame | IconFrame | TextFrame | Interval
model_022/PatchRoot/DataModelInstances/CorePackages/Packages/Index/RbxDesignFoundations-31ab8d40-4.0.7/RbxDesignFoundations/LavaGlow/Dark.luac	proto=0	pc=4001	LOADN 60	debug=	line=1	context=RateCount | CheckFrame | IconFrame | TextFrame | Interval
model_022/PatchRoot/DataModelInstances/CorePackages/Packages/Index/RbxDesignFoundations-31ab8d40-4.0.7/RbxDesignFoundations/LavaGlow/Dark.luac	proto=0	pc=6080	LOADN 60	debug=	line=1	context=RateCount | CheckFrame | IconFrame | TextFrame | Interval
model_022/PatchRoot/DataModelInstances/CorePackages/Packages/Index/RbxDesignFoundations-31ab8d40-4.0.7/RbxDesignFoundations/LavaGlow/Light.luac	proto=0	pc=884	LOADN 60	debug=	line=1	context=RateCount | CheckFrame | IconFrame | TextFrame | Interval
model_022/PatchRoot/DataModelInstances/CorePackages/Packages/Index/RbxDesignFoundations-31ab8d40-4.0.7/RbxDesignFoundations/LavaGlow/Light.luac	proto=0	pc=998	LOADN 60	debug=	line=1	context=RateCount | CheckFrame | IconFrame | TextFrame | Interval
model_022/PatchRoot/DataModelInstances/CorePackages/Packages/Index/RbxDesignFoundations-31ab8d40-4.0.7/RbxDesignFoundations/LavaGlow/Light.luac	proto=0	pc=3755	LOADN 60	debug=	line=1	context=RateCount | CheckFrame | IconFrame | TextFrame | Interval
model_022/PatchRoot/DataModelInstances/CorePackages/Packages/Index/RbxDesignFoundations-31ab8d40-4.0.7/RbxDesignFoundations/LavaGlow/Light.luac	proto=0	pc=4001	LOADN 60	debug=	line=1	context=RateCount | CheckFrame | IconFrame | TextFrame | Interval
model_022/PatchRoot/DataModelInstances/CorePackages/Packages/Index/RbxDesignFoundations-31ab8d40-4.0.7/RbxDesignFoundations/LavaGlow/Light.luac	proto=0	pc=6080	LOADN 60	debug=	line=1	context=RateCount | CheckFrame | IconFrame | TextFrame | Interval
model_022/PatchRoot/DataModelInstances/CorePackages/Packages/Index/RbxDesignFoundations-31ab8d40-4.0.7/RbxDesignFoundations/NebulaDrift/Dark.luac	proto=0	pc=884	LOADN 60	debug=	line=1	context=RateCount | CheckFrame | IconFrame | TextFrame | Interval
model_022/PatchRoot/DataModelInstances/CorePackages/Packages/Index/RbxDesignFoundations-31ab8d40-4.0.7/RbxDesignFoundations/NebulaDrift/Dark.luac	proto=0	pc=998	LOADN 60	debug=	line=1	context=RateCount | CheckFrame | IconFrame | TextFrame | Interval
model_022/PatchRoot/DataModelInstances/CorePackages/Packages/Index/RbxDesignFoundations-31ab8d40-4.0.7/RbxDesignFoundations/NebulaDrift/Dark.luac	proto=0	pc=3755	LOADN 60	debug=	line=1	context=RateCount | CheckFrame | IconFrame | TextFrame | Interval
model_022/PatchRoot/DataModelInstances/CorePackages/Packages/Index/RbxDesignFoundations-31ab8d40-4.0.7/RbxDesignFoundations/NebulaDrift/Dark.luac	proto=0	pc=4001	LOADN 60	debug=	line=1	context=RateCount | CheckFrame | IconFrame | TextFrame | Interval
model_022/PatchRoot/DataModelInstances/CorePackages/Packages/Index/RbxDesignFoundations-31ab8d40-4.0.7/RbxDesignFoundations/NebulaDrift/Dark.luac	proto=0	pc=6080	LOADN 60	debug=	line=1	context=RateCount | CheckFrame | IconFrame | TextFrame | Interval
model_022/PatchRoot/DataModelInstances/CorePackages/Packages/Index/RbxDesignFoundations-31ab8d40-4.0.7/RbxDesignFoundations/NebulaDrift/Light.luac	proto=0	pc=884	LOADN 60	debug=	line=1	context=RateCount | CheckFrame | IconFrame | TextFrame | Interval
model_022/PatchRoot/DataModelInstances/CorePackages/Packages/Index/RbxDesignFoundations-31ab8d40-4.0.7/RbxDesignFoundations/NebulaDrift/Light.luac	proto=0	pc=998	LOADN 60	debug=	line=1	context=RateCount | CheckFrame | IconFrame | TextFrame | Interval
model_022/PatchRoot/DataModelInstances/CorePackages/Packages/Index/RbxDesignFoundations-31ab8d40-4.0.7/RbxDesignFoundations/NebulaDrift/Light.luac	proto=0	pc=3755	LOADN 60	debug=	line=1	context=RateCount | CheckFrame | IconFrame | TextFrame | Interval
model_022/PatchRoot/DataModelInstances/CorePackages/Packages/Index/RbxDesignFoundations-31ab8d40-4.0.7/RbxDesignFoundations/NebulaDrift/Light.luac	proto=0	pc=4001	LOADN 60	debug=	line=1	context=RateCount | CheckFrame | IconFrame | TextFrame | Interval
model_022/PatchRoot/DataModelInstances/CorePackages/Packages/Index/RbxDesignFoundations-31ab8d40-4.0.7/RbxDesignFoundations/NebulaDrift/Light.luac	proto=0	pc=6080	LOADN 60	debug=	line=1	context=RateCount | CheckFrame | IconFrame | TextFrame | Interval
model_022/PatchRoot/DataModelInstances/CorePackages/Packages/Index/RbxDesignFoundations-31ab8d40-4.0.7/RbxDesignFoundations/NitroFrost/Dark.luac	proto=0	pc=884	LOADN 60	debug=	line=1	context=RateCount | CheckFrame | IconFrame | TextFrame | Interval
model_022/PatchRoot/DataModelInstances/CorePackages/Packages/Index/RbxDesignFoundations-31ab8d40-4.0.7/RbxDesignFoundations/NitroFrost/Dark.luac	proto=0	pc=998	LOADN 60	debug=	line=1	context=RateCount | CheckFrame | IconFrame | TextFrame | Interval
model_022/PatchRoot/DataModelInstances/CorePackages/Packages/Index/RbxDesignFoundations-31ab8d40-4.0.7/RbxDesignFoundations/NitroFrost/Dark.luac	proto=0	pc=3755	LOADN 60	debug=	line=1	context=RateCount | CheckFrame | IconFrame | TextFrame | Interval
model_022/PatchRoot/DataModelInstances/CorePackages/Packages/Index/RbxDesignFoundations-31ab8d40-4.0.7/RbxDesignFoundations/NitroFrost/Dark.luac	proto=0	pc=4001	LOADN 60	debug=	line=1	context=RateCount | CheckFrame | IconFrame | TextFrame | Interval
model_022/PatchRoot/DataModelInstances/CorePackages/Packages/Index/RbxDesignFoundations-31ab8d40-4.0.7/RbxDesignFoundations/NitroFrost/Dark.luac	proto=0	pc=6080	LOADN 60	debug=	line=1	context=RateCount | CheckFrame | IconFrame | TextFrame | Interval
model_022/PatchRoot/DataModelInstances/CorePackages/Packages/Index/RbxDesignFoundations-31ab8d40-4.0.7/RbxDesignFoundations/NitroFrost/Light.luac	proto=0	pc=884	LOADN 60	debug=	line=1	context=RateCount | CheckFrame | IconFrame | TextFrame | Interval
model_022/PatchRoot/DataModelInstances/CorePackages/Packages/Index/RbxDesignFoundations-31ab8d40-4.0.7/RbxDesignFoundations/NitroFrost/Light.luac	proto=0	pc=998	LOADN 60	debug=	line=1	context=RateCount | CheckFrame | IconFrame | TextFrame | Interval
model_022/PatchRoot/DataModelInstances/CorePackages/Packages/Index/RbxDesignFoundations-31ab8d40-4.0.7/RbxDesignFoundations/NitroFrost/Light.luac	proto=0	pc=3755	LOADN 60	debug=	line=1	context=RateCount | CheckFrame | IconFrame | TextFrame | Interval
model_022/PatchRoot/DataModelInstances/CorePackages/Packages/Index/RbxDesignFoundations-31ab8d40-4.0.7/RbxDesignFoundations/NitroFrost/Light.luac	proto=0	pc=4001	LOADN 60	debug=	line=1	context=RateCount | CheckFrame | IconFrame | TextFrame | Interval
model_022/PatchRoot/DataModelInstances/CorePackages/Packages/Index/RbxDesignFoundations-31ab8d40-4.0.7/RbxDesignFoundations/NitroFrost/Light.luac	proto=0	pc=6080	LOADN 60	debug=	line=1	context=RateCount | CheckFrame | IconFrame | TextFrame | Interval
model_022/PatchRoot/DataModelInstances/CorePackages/Packages/Index/RbxDesignFoundations-31ab8d40-4.0.7/RbxDesignFoundations/PixelPop/Dark.luac	proto=0	pc=884	LOADN 60	debug=	line=1	context=RateCount | CheckFrame | IconFrame | TextFrame | Interval
model_022/PatchRoot/DataModelInstances/CorePackages/Packages/Index/RbxDesignFoundations-31ab8d40-4.0.7/RbxDesignFoundations/PixelPop/Dark.luac	proto=0	pc=998	LOADN 60	debug=	line=1	context=RateCount | CheckFrame | IconFrame | TextFrame | Interval
model_022/PatchRoot/DataModelInstances/CorePackages/Packages/Index/RbxDesignFoundations-31ab8d40-4.0.7/RbxDesignFoundations/PixelPop/Dark.luac	proto=0	pc=3755	LOADN 60	debug=	line=1	context=RateCount | CheckFrame | IconFrame | TextFrame | Interval
model_022/PatchRoot/DataModelInstances/CorePackages/Packages/Index/RbxDesignFoundations-31ab8d40-4.0.7/RbxDesignFoundations/PixelPop/Dark.luac	proto=0	pc=4001	LOADN 60	debug=	line=1	context=RateCount | CheckFrame | IconFrame | TextFrame | Interval
model_022/PatchRoot/DataModelInstances/CorePackages/Packages/Index/RbxDesignFoundations-31ab8d40-4.0.7/RbxDesignFoundations/PixelPop/Dark.luac	proto=0	pc=6080	LOADN 60	debug=	line=1	context=RateCount | CheckFrame | IconFrame | TextFrame | Interval
model_022/PatchRoot/DataModelInstances/CorePackages/Packages/Index/RbxDesignFoundations-31ab8d40-4.0.7/RbxDesignFoundations/PixelPop/Light.luac	proto=0	pc=884	LOADN 60	debug=	line=1	context=RateCount | CheckFrame | IconFrame | TextFrame | Interval
model_022/PatchRoot/DataModelInstances/CorePackages/Packages/Index/RbxDesignFoundations-31ab8d40-4.0.7/RbxDesignFoundations/PixelPop/Light.luac	proto=0	pc=998	LOADN 60	debug=	line=1	context=RateCount | CheckFrame | IconFrame | TextFrame | Interval
model_022/PatchRoot/DataModelInstances/CorePackages/Packages/Index/RbxDesignFoundations-31ab8d40-4.0.7/RbxDesignFoundations/PixelPop/Light.luac	proto=0	pc=3755	LOADN 60	debug=	line=1	context=RateCount | CheckFrame | IconFrame | TextFrame | Interval
model_022/PatchRoot/DataModelInstances/CorePackages/Packages/Index/RbxDesignFoundations-31ab8d40-4.0.7/RbxDesignFoundations/PixelPop/Light.luac	proto=0	pc=4001	LOADN 60	debug=	line=1	context=RateCount | CheckFrame | IconFrame | TextFrame | Interval
model_022/PatchRoot/DataModelInstances/CorePackages/Packages/Index/RbxDesignFoundations-31ab8d40-4.0.7/RbxDesignFoundations/PixelPop/Light.luac	proto=0	pc=6080	LOADN 60	debug=	line=1	context=RateCount | CheckFrame | IconFrame | TextFrame | Interval
model_022/PatchRoot/DataModelInstances/CorePackages/Packages/Index/RbxDesignFoundations-31ab8d40-4.0.7/RbxDesignFoundations/PolarFreeze/Dark.luac	proto=0	pc=884	LOADN 60	debug=	line=1	context=RateCount | CheckFrame | IconFrame | TextFrame | Interval
model_022/PatchRoot/DataModelInstances/CorePackages/Packages/Index/RbxDesignFoundations-31ab8d40-4.0.7/RbxDesignFoundations/PolarFreeze/Dark.luac	proto=0	pc=998	LOADN 60	debug=	line=1	context=RateCount | CheckFrame | IconFrame | TextFrame | Interval
model_022/PatchRoot/DataModelInstances/CorePackages/Packages/Index/RbxDesignFoundations-31ab8d40-4.0.7/RbxDesignFoundations/PolarFreeze/Dark.luac	proto=0	pc=3755	LOADN 60	debug=	line=1	context=RateCount | CheckFrame | IconFrame | TextFrame | Interval
model_022/PatchRoot/DataModelInstances/CorePackages/Packages/Index/RbxDesignFoundations-31ab8d40-4.0.7/RbxDesignFoundations/PolarFreeze/Dark.luac	proto=0	pc=4001	LOADN 60	debug=	line=1	context=RateCount | CheckFrame | IconFrame | TextFrame | Interval
model_022/PatchRoot/DataModelInstances/CorePackages/Packages/Index/RbxDesignFoundations-31ab8d40-4.0.7/RbxDesignFoundations/PolarFreeze/Dark.luac	proto=0	pc=6080	LOADN 60	debug=	line=1	context=RateCount | CheckFrame | IconFrame | TextFrame | Interval
model_022/PatchRoot/DataModelInstances/CorePackages/Packages/Index/RbxDesignFoundations-31ab8d40-4.0.7/RbxDesignFoundations/PolarFreeze/Light.luac	proto=0	pc=884	LOADN 60	debug=	line=1	context=RateCount | CheckFrame | IconFrame | TextFrame | Interval
model_022/PatchRoot/DataModelInstances/CorePackages/Packages/Index/RbxDesignFoundations-31ab8d40-4.0.7/RbxDesignFoundations/PolarFreeze/Light.luac	proto=0	pc=998	LOADN 60	debug=	line=1	context=RateCount | CheckFrame | IconFrame | TextFrame | Interval
model_022/PatchRoot/DataModelInstances/CorePackages/Packages/Index/RbxDesignFoundations-31ab8d40-4.0.7/RbxDesignFoundations/PolarFreeze/Light.luac	proto=0	pc=3755	LOADN 60	debug=	line=1	context=RateCount | CheckFrame | IconFrame | TextFrame | Interval
model_022/PatchRoot/DataModelInstances/CorePackages/Packages/Index/RbxDesignFoundations-31ab8d40-4.0.7/RbxDesignFoundations/PolarFreeze/Light.luac	proto=0	pc=4001	LOADN 60	debug=	line=1	context=RateCount | CheckFrame | IconFrame | TextFrame | Interval
model_022/PatchRoot/DataModelInstances/CorePackages/Packages/Index/RbxDesignFoundations-31ab8d40-4.0.7/RbxDesignFoundations/PolarFreeze/Light.luac	proto=0	pc=6080	LOADN 60	debug=	line=1	context=RateCount | CheckFrame | IconFrame | TextFrame | Interval
model_022/PatchRoot/DataModelInstances/CorePackages/Packages/Index/RbxDesignFoundations-31ab8d40-4.0.7/RbxDesignFoundations/QuantumPulse/Dark.luac	proto=0	pc=884	LOADN 60	debug=	line=1	context=RateCount | CheckFrame | IconFrame | TextFrame | Interval
model_022/PatchRoot/DataModelInstances/CorePackages/Packages/Index/RbxDesignFoundations-31ab8d40-4.0.7/RbxDesignFoundations/QuantumPulse/Dark.luac	proto=0	pc=998	LOADN 60	debug=	line=1	context=RateCount | CheckFrame | IconFrame | TextFrame | Interval
model_022/PatchRoot/DataModelInstances/CorePackages/Packages/Index/RbxDesignFoundations-31ab8d40-4.0.7/RbxDesignFoundations/QuantumPulse/Dark.luac	proto=0	pc=3755	LOADN 60	debug=	line=1	context=RateCount | CheckFrame | IconFrame | TextFrame | Interval
model_022/PatchRoot/DataModelInstances/CorePackages/Packages/Index/RbxDesignFoundations-31ab8d40-4.0.7/RbxDesignFoundations/QuantumPulse/Dark.luac	proto=0	pc=4001	LOADN 60	debug=	line=1	context=RateCount | CheckFrame | IconFrame | TextFrame | Interval
model_022/PatchRoot/DataModelInstances/CorePackages/Packages/Index/RbxDesignFoundations-31ab8d40-4.0.7/RbxDesignFoundations/QuantumPulse/Dark.luac	proto=0	pc=6080	LOADN 60	debug=	line=1	context=RateCount | CheckFrame | IconFrame | TextFrame | Interval
model_022/PatchRoot/DataModelInstances/CorePackages/Packages/Index/RbxDesignFoundations-31ab8d40-4.0.7/RbxDesignFoundations/QuantumPulse/Light.luac	proto=0	pc=884	LOADN 60	debug=	line=1	context=RateCount | CheckFrame | IconFrame | TextFrame | Interval
model_022/PatchRoot/DataModelInstances/CorePackages/Packages/Index/RbxDesignFoundations-31ab8d40-4.0.7/RbxDesignFoundations/QuantumPulse/Light.luac	proto=0	pc=998	LOADN 60	debug=	line=1	context=RateCount | CheckFrame | IconFrame | TextFrame | Interval
model_022/PatchRoot/DataModelInstances/CorePackages/Packages/Index/RbxDesignFoundations-31ab8d40-4.0.7/RbxDesignFoundations/QuantumPulse/Light.luac	proto=0	pc=3755	LOADN 60	debug=	line=1	context=RateCount | CheckFrame | IconFrame | TextFrame | Interval
model_022/PatchRoot/DataModelInstances/CorePackages/Packages/Index/RbxDesignFoundations-31ab8d40-4.0.7/RbxDesignFoundations/QuantumPulse/Light.luac	proto=0	pc=4001	LOADN 60	debug=	line=1	context=RateCount | CheckFrame | IconFrame | TextFrame | Interval
model_022/PatchRoot/DataModelInstances/CorePackages/Packages/Index/RbxDesignFoundations-31ab8d40-4.0.7/RbxDesignFoundations/QuantumPulse/Light.luac	proto=0	pc=6080	LOADN 60	debug=	line=1	context=RateCount | CheckFrame | IconFrame | TextFrame | Interval
model_022/PatchRoot/DataModelInstances/CorePackages/Packages/Index/RbxDesignFoundations-31ab8d40-4.0.7/RbxDesignFoundations/StarBurst/Dark.luac	proto=0	pc=884	LOADN 60	debug=	line=1	context=RateCount | CheckFrame | IconFrame | TextFrame | Interval
model_022/PatchRoot/DataModelInstances/CorePackages/Packages/Index/RbxDesignFoundations-31ab8d40-4.0.7/RbxDesignFoundations/StarBurst/Dark.luac	proto=0	pc=998	LOADN 60	debug=	line=1	context=RateCount | CheckFrame | IconFrame | TextFrame | Interval
model_022/PatchRoot/DataModelInstances/CorePackages/Packages/Index/RbxDesignFoundations-31ab8d40-4.0.7/RbxDesignFoundations/StarBurst/Dark.luac	proto=0	pc=3755	LOADN 60	debug=	line=1	context=RateCount | CheckFrame | IconFrame | TextFrame | Interval
model_022/PatchRoot/DataModelInstances/CorePackages/Packages/Index/RbxDesignFoundations-31ab8d40-4.0.7/RbxDesignFoundations/StarBurst/Dark.luac	proto=0	pc=4001	LOADN 60	debug=	line=1	context=RateCount | CheckFrame | IconFrame | TextFrame | Interval
model_022/PatchRoot/DataModelInstances/CorePackages/Packages/Index/RbxDesignFoundations-31ab8d40-4.0.7/RbxDesignFoundations/StarBurst/Dark.luac	proto=0	pc=6080	LOADN 60	debug=	line=1	context=RateCount | CheckFrame | IconFrame | TextFrame | Interval
model_022/PatchRoot/DataModelInstances/CorePackages/Packages/Index/RbxDesignFoundations-31ab8d40-4.0.7/RbxDesignFoundations/StarBurst/Light.luac	proto=0	pc=884	LOADN 60	debug=	line=1	context=RateCount | CheckFrame | IconFrame | TextFrame | Interval
model_022/PatchRoot/DataModelInstances/CorePackages/Packages/Index/RbxDesignFoundations-31ab8d40-4.0.7/RbxDesignFoundations/StarBurst/Light.luac	proto=0	pc=998	LOADN 60	debug=	line=1	context=RateCount | CheckFrame | IconFrame | TextFrame | Interval
model_022/PatchRoot/DataModelInstances/CorePackages/Packages/Index/RbxDesignFoundations-31ab8d40-4.0.7/RbxDesignFoundations/StarBurst/Light.luac	proto=0	pc=3755	LOADN 60	debug=	line=1	context=RateCount | CheckFrame | IconFrame | TextFrame | Interval
model_022/PatchRoot/DataModelInstances/CorePackages/Packages/Index/RbxDesignFoundations-31ab8d40-4.0.7/RbxDesignFoundations/StarBurst/Light.luac	proto=0	pc=4001	LOADN 60	debug=	line=1	context=RateCount | CheckFrame | IconFrame | TextFrame | Interval
model_022/PatchRoot/DataModelInstances/CorePackages/Packages/Index/RbxDesignFoundations-31ab8d40-4.0.7/RbxDesignFoundations/StarBurst/Light.luac	proto=0	pc=6080	LOADN 60	debug=	line=1	context=RateCount | CheckFrame | IconFrame | TextFrame | Interval
model_022/PatchRoot/DataModelInstances/CorePackages/Packages/Index/RbxDesignFoundations-31ab8d40-4.0.7/RbxDesignFoundations/SuperCharge/Dark.luac	proto=0	pc=884	LOADN 60	debug=	line=1	context=RateCount | CheckFrame | IconFrame | TextFrame | Interval
model_022/PatchRoot/DataModelInstances/CorePackages/Packages/Index/RbxDesignFoundations-31ab8d40-4.0.7/RbxDesignFoundations/SuperCharge/Dark.luac	proto=0	pc=998	LOADN 60	debug=	line=1	context=RateCount | CheckFrame | IconFrame | TextFrame | Interval
model_022/PatchRoot/DataModelInstances/CorePackages/Packages/Index/RbxDesignFoundations-31ab8d40-4.0.7/RbxDesignFoundations/SuperCharge/Dark.luac	proto=0	pc=3755	LOADN 60	debug=	line=1	context=RateCount | CheckFrame | IconFrame | TextFrame | Interval
model_022/PatchRoot/DataModelInstances/CorePackages/Packages/Index/RbxDesignFoundations-31ab8d40-4.0.7/RbxDesignFoundations/SuperCharge/Dark.luac	proto=0	pc=4001	LOADN 60	debug=	line=1	context=RateCount | CheckFrame | IconFrame | TextFrame | Interval
model_022/PatchRoot/DataModelInstances/CorePackages/Packages/Index/RbxDesignFoundations-31ab8d40-4.0.7/RbxDesignFoundations/SuperCharge/Dark.luac	proto=0	pc=6080	LOADN 60	debug=	line=1	context=RateCount | CheckFrame | IconFrame | TextFrame | Interval
model_022/PatchRoot/DataModelInstances/CorePackages/Packages/Index/RbxDesignFoundations-31ab8d40-4.0.7/RbxDesignFoundations/SuperCharge/Light.luac	proto=0	pc=884	LOADN 60	debug=	line=1	context=RateCount | CheckFrame | IconFrame | TextFrame | Interval
model_022/PatchRoot/DataModelInstances/CorePackages/Packages/Index/RbxDesignFoundations-31ab8d40-4.0.7/RbxDesignFoundations/SuperCharge/Light.luac	proto=0	pc=998	LOADN 60	debug=	line=1	context=RateCount | CheckFrame | IconFrame | TextFrame | Interval
model_022/PatchRoot/DataModelInstances/CorePackages/Packages/Index/RbxDesignFoundations-31ab8d40-4.0.7/RbxDesignFoundations/SuperCharge/Light.luac	proto=0	pc=3755	LOADN 60	debug=	line=1	context=RateCount | CheckFrame | IconFrame | TextFrame | Interval
model_022/PatchRoot/DataModelInstances/CorePackages/Packages/Index/RbxDesignFoundations-31ab8d40-4.0.7/RbxDesignFoundations/SuperCharge/Light.luac	proto=0	pc=4001	LOADN 60	debug=	line=1	context=RateCount | CheckFrame | IconFrame | TextFrame | Interval
model_022/PatchRoot/DataModelInstances/CorePackages/Packages/Index/RbxDesignFoundations-31ab8d40-4.0.7/RbxDesignFoundations/SuperCharge/Light.luac	proto=0	pc=6080	LOADN 60	debug=	line=1	context=RateCount | CheckFrame | IconFrame | TextFrame | Interval
model_022/PatchRoot/DataModelInstances/CorePackages/Packages/Index/RobloxRequests/RobloxRequests/src/session.luac	proto=2	K1=60.0	debug=set_ratelimit	line=52	context=disable_ratelimit | _ratelimit | ratelimit
model_022/PatchRoot/DataModelInstances/CorePackages/Packages/Index/Scheduler/Scheduler/forks/SchedulerHostConfig.default.luac	proto=21	pc=33	LOADN 60	debug=	line=1	context=ReactSchedulerYieldInterval2 | ReactSchedulerDesiredFrameRate | ReactSchedulerMinFrameRate | ReactSchedulerEnableDeferredWork | ReactSchedulerSetFrameMarkerOnHeartbeatEnd | ReactSchedulerSetTargetMsByHeartbeatDelta | ReactSchedulerNumberOfLookbackFrames | ReactSchedulerLookbackUseRingBuffer | Heartbeat | shouldYieldToHost | forceFrameRate | setSchedulerFlags | getSchedulerFlags
model_022/PatchRoot/DataModelInstances/CorePackages/Packages/Index/ServiceContractsProto/ServiceContractsProto/roblox/apppageplatform/shared/v1beta1/actions.luac	proto=866	pc=1787	LOADN 60	debug=encode	line=31817	context=refresh_from_api_action | refresh_game_passes_action | refresh_playability_action | refresh_developer_products_action | refresh_omni_recommendation_feed_item_action | refresh_charts_sort_detail_action | refresh_feed_entry_from_api_action | open_profile_frames_editor_action | refresh_home_action
model_022/PatchRoot/DataModelInstances/CorePackages/Packages/Index/ServiceContractsProto/ServiceContractsProto/roblox/apppageplatform/shared/v1beta1/actions.luac	proto=867	K250=60.0	debug=decode	line=32178	context=refresh_from_api_action | RefreshFromApiAction | refresh_game_passes_action | RefreshGamePassesAction | refresh_playability_action | RefreshPlayabilityAction | refresh_developer_products_action | RefreshDeveloperProductsAction | refresh_omni_recommendation_feed_item_action | RefreshOmniRecommendationFeedItemAction | refresh_charts_sort_detail_action | RefreshChartsSortDetailAction | refresh_feed_entry_from_api_action | RefreshFeedEntryFromApiAction | open_profile_frames_editor_action | OpenProfi
model_022/PatchRoot/DataModelInstances/CorePackages/Packages/Index/ServiceContractsProto/ServiceContractsProto/roblox/apppageplatform/shared/v1beta1/actions.luac	proto=915	K120=60.0	debug=fromNumber	line=35362	context=ACTION_TYPE_REFRESH_FROM_API | ACTION_TYPE_REFRESH_GAME_PASSES | ACTION_TYPE_REFRESH_PLAYABILITY | ACTION_TYPE_REFRESH_DEVELOPER_PRODUCTS | ACTION_TYPE_REFRESH_OMNI_RECOMMENDATION_FEED_ITEM | ACTION_TYPE_REFRESH_CHARTS_SORT_DETAIL | ACTION_TYPE_REFRESH_FEED_ENTRY_FROM_API | ACTION_TYPE_OPEN_PROFILE_FRAMES_EDITOR | ACTION_TYPE_REFRESH_HOME
model_022/PatchRoot/DataModelInstances/CorePackages/Packages/Index/ServiceContractsProto/ServiceContractsProto/roblox/apppageplatform/shared/v1beta1/actions.luac	proto=916	pc=181	LOADN 60	debug=toNumber	line=35532	context=ACTION_TYPE_REFRESH_FROM_API | ACTION_TYPE_REFRESH_GAME_PASSES | ACTION_TYPE_REFRESH_PLAYABILITY | ACTION_TYPE_REFRESH_DEVELOPER_PRODUCTS | ACTION_TYPE_REFRESH_OMNI_RECOMMENDATION_FEED_ITEM | ACTION_TYPE_REFRESH_CHARTS_SORT_DETAIL | ACTION_TYPE_REFRESH_FEED_ENTRY_FROM_API | ACTION_TYPE_OPEN_PROFILE_FRAMES_EDITOR | ACTION_TYPE_REFRESH_HOME
model_022/PatchRoot/DataModelInstances/CorePackages/Packages/Index/SocialLibraries/SocialLibraries/Components/CallbackInputBoxWithIcon.luac	proto=1	K23=60.0	debug=	line=1	context=render
model_022/PatchRoot/DataModelInstances/CorePackages/Packages/Index/SocialLibraries/SocialLibraries/Components/FilteredScrollingList.luac	proto=7	pc=46	LOADN 60	debug=	line=1	context=renderEntry | render
model_022/PatchRoot/DataModelInstances/CorePackages/Packages/Index/Thumbnailing/Thumbnailing/LightUtility.luac	proto=6	pc=11	LOADN 60	debug=	line=225	context=partCFrame | CFrame
model_022/PatchRoot/DataModelInstances/CorePackages/Packages/Index/UIBlox/UIBlox/App/Dialog/Toast/ToastContainer.luac	proto=14	pc=171	LOADN 60	debug=	line=1	context=renderToast | render
model_022/PatchRoot/DataModelInstances/CorePackages/Workspace/Packages/Index/AppLaunchTracker/AppLaunchTracker/DiscoveryAppLaunchTracker.luac	proto=13	pc=31	LOADN 60	debug=	line=1	context=trackTileRender | trackFeedRender
model_022/PatchRoot/DataModelInstances/CorePackages/Workspace/Packages/Index/AvatarExperienceCatalog/AvatarExperienceCatalog/Components/Prompts/ItemReplacedOnAvatarPrompt.luac	proto=3	pc=53	LOADN 60	debug=	line=54	context=ViewFrame
model_022/PatchRoot/DataModelInstances/CorePackages/Workspace/Packages/Index/AvatarExperienceProfilePictureEditor/AvatarExperienceProfilePictureEditor/Constants.luac	proto=0	K9=60.0	debug=	line=1	context=ProfileFrameNoneId
model_022/PatchRoot/DataModelInstances/CorePackages/Workspace/Packages/Index/AvatarViewport/AvatarViewport/Constants.luac	proto=0	K3=60.0	debug=	line=1	context=ZoomButtonGestureStep
model_022/PatchRoot/DataModelInstances/CorePackages/Workspace/Packages/Index/FriendsMenu/FriendsMenu/Components/FriendsMenuUserCard.luac	proto=1	pc=66	LOADN 60	debug=	line=24	context=Frame
model_022/PatchRoot/DataModelInstances/CorePackages/Workspace/Packages/Index/FriendsMenu/FriendsMenu/Components/FriendsMenuUserCard.luac	proto=1	pc=67	LOADN 60	debug=	line=24	context=Frame
model_022/PatchRoot/DataModelInstances/CorePackages/Workspace/Packages/Index/FriendsMenu/FriendsMenu/Components/FriendsMenuUserCard.luac	proto=1	pc=84	LOADN 60	debug=	line=24	context=Frame
model_022/PatchRoot/DataModelInstances/CorePackages/Workspace/Packages/Index/FriendsMenu/FriendsMenu/Components/FriendsMenuUserCard.luac	proto=1	pc=85	LOADN 60	debug=	line=24	context=Frame
model_022/PatchRoot/DataModelInstances/CorePackages/Workspace/Packages/Index/MomentsCommon/MomentsCommon/Analytics/createMomentsSessionHeartbeat.luac	proto=5	K0=60.0	debug=createMomentsSessionHeartbeat	line=40	context=reportMomentsSessionHeartbeat
model_022/PatchRoot/DataModelInstances/CorePackages/Workspace/Packages/Index/ProfileQRCode/ProfileQRCode/Components/QRCodeView/QRCodeSucceededView.luac	proto=0	pc=183	LOADN 60	debug=	line=40	context=Frame
model_022/PatchRoot/DataModelInstances/CorePackages/Workspace/Packages/Index/ProfileQRCode/ProfileQRCode/Components/QRCodeView/QRCodeSucceededView.luac	proto=0	pc=184	LOADN 60	debug=	line=40	context=Frame
model_022/PatchRoot/DataModelInstances/CorePackages/Workspace/Packages/Index/RobloxAppAssets/RobloxAppAssets/GetImageSetData.luac	proto=0	pc=212	LOADN 60	debug=make_assets_1x	line=11	context=LuaApp/category/filter_toprated | LuaApp/category/ic-top rated | LuaApp/icons/common_refresh
model_022/PatchRoot/DataModelInstances/CorePackages/Workspace/Packages/Index/RobloxAppAssets/RobloxAppAssets/GetImageSetData.luac	proto=0	pc=1803	LOADN 60	debug=make_assets_1x	line=11	context=LuaApp/category/filter_toprated | LuaApp/category/ic-top rated | LuaApp/icons/common_refresh
model_022/PatchRoot/DataModelInstances/CorePackages/Workspace/Packages/Index/RobloxAppAssets/RobloxAppAssets/GetImageSetData.luac	proto=0	pc=3063	LOADN 60	debug=make_assets_1x	line=11	context=LuaApp/category/filter_toprated | LuaApp/category/ic-top rated | LuaApp/icons/common_refresh
model_022/PatchRoot/DataModelInstances/CorePackages/Workspace/Packages/Index/RobloxAppAssets/RobloxAppAssets/GetImageSetData.luac	proto=0	pc=3069	LOADN 60	debug=make_assets_1x	line=11	context=LuaApp/category/filter_toprated | LuaApp/category/ic-top rated | LuaApp/icons/common_refresh
model_022/PatchRoot/DataModelInstances/CorePackages/Workspace/Packages/Index/RobloxAppAssets/RobloxAppAssets/GetImageSetData.luac	proto=0	pc=3081	LOADN 60	debug=make_assets_1x	line=11	context=LuaApp/category/filter_toprated | LuaApp/category/ic-top rated | LuaApp/icons/common_refresh
model_022/PatchRoot/DataModelInstances/CorePackages/Workspace/Packages/Index/RobloxAppAssets/RobloxAppAssets/GetImageSetData.luac	proto=0	pc=3116	LOADN 60	debug=make_assets_1x	line=11	context=LuaApp/category/filter_toprated | LuaApp/category/ic-top rated | LuaApp/icons/common_refresh
model_022/PatchRoot/DataModelInstances/CorePackages/Workspace/Packages/Index/RobloxAppAssets/RobloxAppAssets/GetImageSetData.luac	proto=0	pc=3117	LOADN 60	debug=make_assets_1x	line=11	context=LuaApp/category/filter_toprated | LuaApp/category/ic-top rated | LuaApp/icons/common_refresh
model_022/PatchRoot/DataModelInstances/CorePackages/Workspace/Packages/Index/RobloxAppAssets/RobloxAppAssets/GetImageSetData.luac	proto=0	pc=3128	LOADN 60	debug=make_assets_1x	line=11	context=LuaApp/category/filter_toprated | LuaApp/category/ic-top rated | LuaApp/icons/common_refresh
model_022/PatchRoot/DataModelInstances/CorePackages/Workspace/Packages/Index/RobloxAppAssets/RobloxAppAssets/GetImageSetData.luac	proto=0	pc=3129	LOADN 60	debug=make_assets_1x	line=11	context=LuaApp/category/filter_toprated | LuaApp/category/ic-top rated | LuaApp/icons/common_refresh
model_022/PatchRoot/DataModelInstances/CorePackages/Workspace/Packages/Index/RobloxAppAssets/RobloxAppAssets/GetImageSetData.luac	proto=0	pc=3225	LOADN 60	debug=make_assets_1x	line=11	context=LuaApp/category/filter_toprated | LuaApp/category/ic-top rated | LuaApp/icons/common_refresh
model_022/PatchRoot/DataModelInstances/CorePackages/Workspace/Packages/Index/RobloxAppAssets/RobloxAppAssets/GetImageSetData.luac	proto=0	pc=3237	LOADN 60	debug=make_assets_1x	line=11	context=LuaApp/category/filter_toprated | LuaApp/category/ic-top rated | LuaApp/icons/common_refresh
model_022/PatchRoot/DataModelInstances/CorePackages/Workspace/Packages/Index/RobloxAppAssets/RobloxAppAssets/GetImageSetData.luac	proto=0	pc=3392	LOADN 60	debug=make_assets_1x	line=11	context=LuaApp/category/filter_toprated | LuaApp/category/ic-top rated | LuaApp/icons/common_refresh
model_022/PatchRoot/DataModelInstances/CorePackages/Workspace/Packages/Index/RobloxAppAssets/RobloxAppAssets/GetImageSetData.luac	proto=0	pc=3393	LOADN 60	debug=make_assets_1x	line=11	context=LuaApp/category/filter_toprated | LuaApp/category/ic-top rated | LuaApp/icons/common_refresh
model_022/PatchRoot/DataModelInstances/CorePackages/Workspace/Packages/Index/RobloxAppAssets/RobloxAppAssets/GetImageSetData.luac	proto=0	pc=3404	LOADN 60	debug=make_assets_1x	line=11	context=LuaApp/category/filter_toprated | LuaApp/category/ic-top rated | LuaApp/icons/common_refresh
model_022/PatchRoot/DataModelInstances/CorePackages/Workspace/Packages/Index/RobloxAppAssets/RobloxAppAssets/GetImageSetData.luac	proto=0	pc=3405	LOADN 60	debug=make_assets_1x	line=11	context=LuaApp/category/filter_toprated | LuaApp/category/ic-top rated | LuaApp/icons/common_refresh
model_022/PatchRoot/DataModelInstances/CorePackages/Workspace/Packages/Index/RobloxAppAssets/RobloxAppAssets/GetImageSetData.luac	proto=0	pc=3416	LOADN 60	debug=make_assets_1x	line=11	context=LuaApp/category/filter_toprated | LuaApp/category/ic-top rated | LuaApp/icons/common_refresh
model_022/PatchRoot/DataModelInstances/CorePackages/Workspace/Packages/Index/RobloxAppAssets/RobloxAppAssets/GetImageSetData.luac	proto=0	pc=3417	LOADN 60	debug=make_assets_1x	line=11	context=LuaApp/category/filter_toprated | LuaApp/category/ic-top rated | LuaApp/icons/common_refresh
model_022/PatchRoot/DataModelInstances/CorePackages/Workspace/Packages/Index/RobloxAppAssets/RobloxAppAssets/GetImageSetData.luac	proto=0	pc=3428	LOADN 60	debug=make_assets_1x	line=11	context=LuaApp/category/filter_toprated | LuaApp/category/ic-top rated | LuaApp/icons/common_refresh
model_022/PatchRoot/DataModelInstances/CorePackages/Workspace/Packages/Index/RobloxAppAssets/RobloxAppAssets/GetImageSetData.luac	proto=0	pc=3429	LOADN 60	debug=make_assets_1x	line=11	context=LuaApp/category/filter_toprated | LuaApp/category/ic-top rated | LuaApp/icons/common_refresh
model_022/PatchRoot/DataModelInstances/CorePackages/Workspace/Packages/Index/RobloxAppAssets/RobloxAppAssets/GetImageSetData.luac	proto=0	pc=3440	LOADN 60	debug=make_assets_1x	line=11	context=LuaApp/category/filter_toprated | LuaApp/category/ic-top rated | LuaApp/icons/common_refresh
model_022/PatchRoot/DataModelInstances/CorePackages/Workspace/Packages/Index/RobloxAppAssets/RobloxAppAssets/GetImageSetData.luac	proto=0	pc=3441	LOADN 60	debug=make_assets_1x	line=11	context=LuaApp/category/filter_toprated | LuaApp/category/ic-top rated | LuaApp/icons/common_refresh
model_022/PatchRoot/DataModelInstances/CorePackages/Workspace/Packages/Index/RobloxAppAssets/RobloxAppAssets/GetImageSetData.luac	proto=0	pc=3452	LOADN 60	debug=make_assets_1x	line=11	context=LuaApp/category/filter_toprated | LuaApp/category/ic-top rated | LuaApp/icons/common_refresh
model_022/PatchRoot/DataModelInstances/CorePackages/Workspace/Packages/Index/RobloxAppAssets/RobloxAppAssets/GetImageSetData.luac	proto=0	pc=3453	LOADN 60	debug=make_assets_1x	line=11	context=LuaApp/category/filter_toprated | LuaApp/category/ic-top rated | LuaApp/icons/common_refresh
model_022/PatchRoot/DataModelInstances/CorePackages/Workspace/Packages/Index/RobloxAppAssets/RobloxAppAssets/GetImageSetData.luac	proto=0	pc=3573	LOADN 60	debug=make_assets_1x	line=11	context=LuaApp/category/filter_toprated | LuaApp/category/ic-top rated | LuaApp/icons/common_refresh
model_022/PatchRoot/DataModelInstances/CorePackages/Workspace/Packages/Index/RobloxAppAssets/RobloxAppAssets/GetImageSetData.luac	proto=0	pc=3597	LOADN 60	debug=make_assets_1x	line=11	context=LuaApp/category/filter_toprated | LuaApp/category/ic-top rated | LuaApp/icons/common_refresh
model_022/PatchRoot/DataModelInstances/CorePackages/Workspace/Packages/Index/RobloxAppAssets/RobloxAppAssets/GetImageSetData.luac	proto=1	pc=380	LOADN 60	debug=make_assets_3x	line=399	context=LuaApp/category/filter_toprated | LuaApp/category/ic-top rated | LuaApp/icons/common_refresh
model_022/PatchRoot/DataModelInstances/CorePackages/Workspace/Packages/Index/RobloxAppAssets/RobloxAppAssets/GetImageSetData.luac	proto=1	pc=381	LOADN 60	debug=make_assets_3x	line=399	context=LuaApp/category/filter_toprated | LuaApp/category/ic-top rated | LuaApp/icons/common_refresh
model_022/PatchRoot/DataModelInstances/CorePackages/Workspace/Packages/Index/RobloxAppAssets/RobloxAppAssets/GetImageSetData.luac	proto=1	pc=392	LOADN 60	debug=make_assets_3x	line=399	context=LuaApp/category/filter_toprated | LuaApp/category/ic-top rated | LuaApp/icons/common_refresh
model_022/PatchRoot/DataModelInstances/CorePackages/Workspace/Packages/Index/RobloxAppAssets/RobloxAppAssets/GetImageSetData.luac	proto=1	pc=393	LOADN 60	debug=make_assets_3x	line=399	context=LuaApp/category/filter_toprated | LuaApp/category/ic-top rated | LuaApp/icons/common_refresh
model_022/PatchRoot/DataModelInstances/CorePackages/Workspace/Packages/Index/RobloxAppAssets/RobloxAppAssets/GetImageSetData.luac	proto=1	pc=404	LOADN 60	debug=make_assets_3x	line=399	context=LuaApp/category/filter_toprated | LuaApp/category/ic-top rated | LuaApp/icons/common_refresh
model_022/PatchRoot/DataModelInstances/CorePackages/Workspace/Packages/Index/RobloxAppAssets/RobloxAppAssets/GetImageSetData.luac	proto=1	pc=405	LOADN 60	debug=make_assets_3x	line=399	context=LuaApp/category/filter_toprated | LuaApp/category/ic-top rated | LuaApp/icons/common_refresh
model_022/PatchRoot/DataModelInstances/CorePackages/Workspace/Packages/Index/RobloxAppAssets/RobloxAppAssets/GetImageSetData.luac	proto=1	pc=416	LOADN 60	debug=make_assets_3x	line=399	context=LuaApp/category/filter_toprated | LuaApp/category/ic-top rated | LuaApp/icons/common_refresh
model_022/PatchRoot/DataModelInstances/CorePackages/Workspace/Packages/Index/RobloxAppAssets/RobloxAppAssets/GetImageSetData.luac	proto=1	pc=417	LOADN 60	debug=make_assets_3x	line=399	context=LuaApp/category/filter_toprated | LuaApp/category/ic-top rated | LuaApp/icons/common_refresh
model_022/PatchRoot/DataModelInstances/CorePackages/Workspace/Packages/Index/RobloxAppAssets/RobloxAppAssets/GetImageSetData.luac	proto=1	pc=428	LOADN 60	debug=make_assets_3x	line=399	context=LuaApp/category/filter_toprated | LuaApp/category/ic-top rated | LuaApp/icons/common_refresh
model_022/PatchRoot/DataModelInstances/CorePackages/Workspace/Packages/Index/RobloxAppAssets/RobloxAppAssets/GetImageSetData.luac	proto=1	pc=429	LOADN 60	debug=make_assets_3x	line=399	context=LuaApp/category/filter_toprated | LuaApp/category/ic-top rated | LuaApp/icons/common_refresh
model_022/PatchRoot/DataModelInstances/CorePackages/Workspace/Packages/Index/RobloxAppAssets/RobloxAppAssets/GetImageSetData.luac	proto=1	pc=440	LOADN 60	debug=make_assets_3x	line=399	context=LuaApp/category/filter_toprated | LuaApp/category/ic-top rated | LuaApp/icons/common_refresh
model_022/PatchRoot/DataModelInstances/CorePackages/Workspace/Packages/Index/RobloxAppAssets/RobloxAppAssets/GetImageSetData.luac	proto=1	pc=441	LOADN 60	debug=make_assets_3x	line=399	context=LuaApp/category/filter_toprated | LuaApp/category/ic-top rated | LuaApp/icons/common_refresh
model_022/PatchRoot/DataModelInstances/CorePackages/Workspace/Packages/Index/RobloxAppAssets/RobloxAppAssets/GetImageSetData.luac	proto=1	pc=452	LOADN 60	debug=make_assets_3x	line=399	context=LuaApp/category/filter_toprated | LuaApp/category/ic-top rated | LuaApp/icons/common_refresh
model_022/PatchRoot/DataModelInstances/CorePackages/Workspace/Packages/Index/RobloxAppAssets/RobloxAppAssets/GetImageSetData.luac	proto=1	pc=453	LOADN 60	debug=make_assets_3x	line=399	context=LuaApp/category/filter_toprated | LuaApp/category/ic-top rated | LuaApp/icons/common_refresh
model_022/PatchRoot/DataModelInstances/CorePackages/Workspace/Packages/Index/RobloxAppAssets/RobloxAppAssets/GetImageSetData.luac	proto=1	pc=464	LOADN 60	debug=make_assets_3x	line=399	context=LuaApp/category/filter_toprated | LuaApp/category/ic-top rated | LuaApp/icons/common_refresh
model_022/PatchRoot/DataModelInstances/CorePackages/Workspace/Packages/Index/RobloxAppAssets/RobloxAppAssets/GetImageSetData.luac	proto=1	pc=465	LOADN 60	debug=make_assets_3x	line=399	context=LuaApp/category/filter_toprated | LuaApp/category/ic-top rated | LuaApp/icons/common_refresh
model_022/PatchRoot/DataModelInstances/CorePackages/Workspace/Packages/Index/RobloxAppAssets/RobloxAppAssets/GetImageSetData.luac	proto=1	pc=476	LOADN 60	debug=make_assets_3x	line=399	context=LuaApp/category/filter_toprated | LuaApp/category/ic-top rated | LuaApp/icons/common_refresh
model_022/PatchRoot/DataModelInstances/CorePackages/Workspace/Packages/Index/RobloxAppAssets/RobloxAppAssets/GetImageSetData.luac	proto=1	pc=477	LOADN 60	debug=make_assets_3x	line=399	context=LuaApp/category/filter_toprated | LuaApp/category/ic-top rated | LuaApp/icons/common_refresh
model_022/PatchRoot/DataModelInstances/CorePackages/Workspace/Packages/Index/RobloxAppAssets/RobloxAppAssets/GetImageSetData.luac	proto=1	pc=488	LOADN 60	debug=make_assets_3x	line=399	context=LuaApp/category/filter_toprated | LuaApp/category/ic-top rated | LuaApp/icons/common_refresh
model_022/PatchRoot/DataModelInstances/CorePackages/Workspace/Packages/Index/RobloxAppAssets/RobloxAppAssets/GetImageSetData.luac	proto=1	pc=489	LOADN 60	debug=make_assets_3x	line=399	context=LuaApp/category/filter_toprated | LuaApp/category/ic-top rated | LuaApp/icons/common_refresh
model_022/PatchRoot/DataModelInstances/CorePackages/Workspace/Packages/Index/RobloxAppAssets/RobloxAppAssets/GetImageSetData.luac	proto=1	pc=500	LOADN 60	debug=make_assets_3x	line=399	context=LuaApp/category/filter_toprated | LuaApp/category/ic-top rated | LuaApp/icons/common_refresh
model_022/PatchRoot/DataModelInstances/CorePackages/Workspace/Packages/Index/RobloxAppAssets/RobloxAppAssets/GetImageSetData.luac	proto=1	pc=501	LOADN 60	debug=make_assets_3x	line=399	context=LuaApp/category/filter_toprated | LuaApp/category/ic-top rated | LuaApp/icons/common_refresh
model_022/PatchRoot/DataModelInstances/CorePackages/Workspace/Packages/Index/RobloxAppAssets/RobloxAppAssets/GetImageSetData.luac	proto=1	pc=512	LOADN 60	debug=make_assets_3x	line=399	context=LuaApp/category/filter_toprated | LuaApp/category/ic-top rated | LuaApp/icons/common_refresh
model_022/PatchRoot/DataModelInstances/CorePackages/Workspace/Packages/Index/RobloxAppAssets/RobloxAppAssets/GetImageSetData.luac	proto=1	pc=513	LOADN 60	debug=make_assets_3x	line=399	context=LuaApp/category/filter_toprated | LuaApp/category/ic-top rated | LuaApp/icons/common_refresh
model_022/PatchRoot/DataModelInstances/CorePackages/Workspace/Packages/Index/RobloxAppAssets/RobloxAppAssets/GetImageSetData.luac	proto=1	pc=524	LOADN 60	debug=make_assets_3x	line=399	context=LuaApp/category/filter_toprated | LuaApp/category/ic-top rated | LuaApp/icons/common_refresh
model_022/PatchRoot/DataModelInstances/CorePackages/Workspace/Packages/Index/RobloxAppAssets/RobloxAppAssets/GetImageSetData.luac	proto=1	pc=525	LOADN 60	debug=make_assets_3x	line=399	context=LuaApp/category/filter_toprated | LuaApp/category/ic-top rated | LuaApp/icons/common_refresh
model_022/PatchRoot/DataModelInstances/CorePackages/Workspace/Packages/Index/RobloxAppAssets/RobloxAppAssets/GetImageSetData.luac	proto=1	pc=536	LOADN 60	debug=make_assets_3x	line=399	context=LuaApp/category/filter_toprated | LuaApp/category/ic-top rated | LuaApp/icons/common_refresh
model_022/PatchRoot/DataModelInstances/CorePackages/Workspace/Packages/Index/RobloxAppAssets/RobloxAppAssets/GetImageSetData.luac	proto=1	pc=537	LOADN 60	debug=make_assets_3x	line=399	context=LuaApp/category/filter_toprated | LuaApp/category/ic-top rated | LuaApp/icons/common_refresh
model_022/PatchRoot/DataModelInstances/CorePackages/Workspace/Packages/Index/RobloxAppAssets/RobloxAppAssets/GetImageSetData.luac	proto=1	pc=548	LOADN 60	debug=make_assets_3x	line=399	context=LuaApp/category/filter_toprated | LuaApp/category/ic-top rated | LuaApp/icons/common_refresh
model_022/PatchRoot/DataModelInstances/CorePackages/Workspace/Packages/Index/RobloxAppAssets/RobloxAppAssets/GetImageSetData.luac	proto=1	pc=549	LOADN 60	debug=make_assets_3x	line=399	context=LuaApp/category/filter_toprated | LuaApp/category/ic-top rated | LuaApp/icons/common_refresh
model_022/PatchRoot/DataModelInstances/CorePackages/Workspace/Packages/Index/RobloxAppAssets/RobloxAppAssets/GetImageSetData.luac	proto=1	pc=560	LOADN 60	debug=make_assets_3x	line=399	context=LuaApp/category/filter_toprated | LuaApp/category/ic-top rated | LuaApp/icons/common_refresh
model_022/PatchRoot/DataModelInstances/CorePackages/Workspace/Packages/Index/RobloxAppAssets/RobloxAppAssets/GetImageSetData.luac	proto=1	pc=561	LOADN 60	debug=make_assets_3x	line=399	context=LuaApp/category/filter_toprated | LuaApp/category/ic-top rated | LuaApp/icons/common_refresh
model_022/PatchRoot/DataModelInstances/CorePackages/Workspace/Packages/Index/RobloxAppAssets/RobloxAppAssets/GetImageSetData.luac	proto=1	pc=956	LOADN 60	debug=make_assets_3x	line=399	context=LuaApp/category/filter_toprated | LuaApp/category/ic-top rated | LuaApp/icons/common_refresh
model_022/PatchRoot/DataModelInstances/CorePackages/Workspace/Packages/Index/RobloxAppAssets/RobloxAppAssets/GetImageSetData.luac	proto=1	pc=1820	LOADN 60	debug=make_assets_3x	line=399	context=LuaApp/category/filter_toprated | LuaApp/category/ic-top rated | LuaApp/icons/common_refresh
model_022/PatchRoot/DataModelInstances/CorePackages/Workspace/Packages/Index/RobloxAppAssets/RobloxAppAssets/GetImageSetData.luac	proto=1	pc=1821	LOADN 60	debug=make_assets_3x	line=399	context=LuaApp/category/filter_toprated | LuaApp/category/ic-top rated | LuaApp/icons/common_refresh
model_022/PatchRoot/DataModelInstances/CorePackages/Workspace/Packages/Index/RobloxAppAssets/RobloxAppAssets/GetImageSetData.luac	proto=1	pc=2228	LOADN 60	debug=make_assets_3x	line=399	context=LuaApp/category/filter_toprated | LuaApp/category/ic-top rated | LuaApp/icons/common_refresh
model_022/PatchRoot/DataModelInstances/CorePackages/Workspace/Packages/Index/RobloxAppAssets/RobloxAppAssets/GetImageSetData.luac	proto=1	pc=2229	LOADN 60	debug=make_assets_3x	line=399	context=LuaApp/category/filter_toprated | LuaApp/category/ic-top rated | LuaApp/icons/common_refresh
model_022/PatchRoot/DataModelInstances/CorePackages/Workspace/Packages/Index/RobloxAppAssets/RobloxAppAssets/GetImageSetData.luac	proto=2	pc=3188	LOADN 60	debug=make_assets_2x	line=782	context=LuaApp/category/filter_toprated | LuaApp/category/ic-top rated | LuaApp/icons/common_refresh
model_022/PatchRoot/DataModelInstances/CorePackages/Workspace/Packages/Index/RobloxAppAssets/RobloxAppAssets/GetImageSetData.luac	proto=2	pc=3200	LOADN 60	debug=make_assets_2x	line=782	context=LuaApp/category/filter_toprated | LuaApp/category/ic-top rated | LuaApp/icons/common_refresh
model_022/PatchRoot/DataModelInstances/CorePackages/Workspace/Packages/Index/RobloxAppAssets/RobloxAppAssets/GetImageSetData.luac	proto=2	pc=3580	LOADN 60	debug=make_assets_2x	line=782	context=LuaApp/category/filter_toprated | LuaApp/category/ic-top rated | LuaApp/icons/common_refresh
model_022/PatchRoot/DataModelInstances/CorePackages/Workspace/Packages/Index/RobloxAppAssets/RobloxAppAssets/GetImageSetData.luac	proto=2	pc=3861	LOADN 60	debug=make_assets_2x	line=782	context=LuaApp/category/filter_toprated | LuaApp/category/ic-top rated | LuaApp/icons/common_refresh
model_022/PatchRoot/DataModelInstances/CorePackages/Workspace/Packages/Index/RobloxAppAssets/RobloxAppAssets/GetImageSetData.luac	proto=2	pc=4527	LOADN 60	debug=make_assets_2x	line=782	context=LuaApp/category/filter_toprated | LuaApp/category/ic-top rated | LuaApp/icons/common_refresh
model_022/PatchRoot/DataModelInstances/CorePackages/Workspace/Packages/Index/TrustedContacts/TrustedContacts/Components/TrustedContactsEducationModal/TrustedContactsEducationModal.luac	proto=6	pc=269	LOADN 60	debug=TrustedContactsEducationModal	line=66	context=Frame
model_022/PatchRoot/DataModelInstances/CorePackages/Workspace/Packages/Workspace/AppChat/AppChat/Components/ChatLanding/ChatLoading/ChatLoadingIndicator.luac	proto=6	K19=60.0	debug=	line=1	context=render
model_022/PatchRoot/DataModelInstances/CorePackages/Workspace/Packages/Workspace/AppChat/AppChat/Components/ChatLanding/ChatLoading/TextPlaceholders.luac	proto=2	K19=60.0	debug=	line=1	context=render
model_022/PatchRoot/DataModelInstances/CorePackages/Workspace/Packages/Workspace/AppChat/AppChat/Components/ChatLanding/CustomConversationListEntry.luac	proto=0	K15=60.0	debug=CustomConversationListEntry	line=32	context=Frame
model_022/PatchRoot/DataModelInstances/CorePackages/Workspace/Packages/Workspace/AppChat/AppChat/Constants.luac	proto=3	K206=60.0	debug=	line=1	context=POST_TYPING_STATUS_INTERVAL | GROUP_NAME_MODERATED | MESSAGE_WAS_MODERATED
model_022/PatchRoot/DataModelInstances/CorePackages/Workspace/Packages/Workspace/AvatarExperienceFlags/AvatarExperienceFlags/FIntAXMinSecsToRefreshRecommendedCatalogPage.luac	proto=0	pc=3	LOADN 60	debug=	line=1	context=AXMinSecsToRefreshRecommendedCatalogPage
model_022/PatchRoot/DataModelInstances/CorePackages/Workspace/Packages/Workspace/Backpack/Backpack/BackpackScript.luac	proto=72	pc=36	LOADN 60	debug=addGamepadHint	line=1686	context=Frame | HintFrame
model_022/PatchRoot/DataModelInstances/CorePackages/Workspace/Packages/Workspace/Backpack/Backpack/BackpackScript.luac	proto=72	pc=38	LOADN 60	debug=addGamepadHint	line=1686	context=Frame | HintFrame
model_022/PatchRoot/DataModelInstances/CorePackages/Workspace/Packages/Workspace/Backpack/Backpack/BackpackScript.luac	proto=96	pc=428	LOADN 60	debug=createGui	line=1518	context=Frame | ScrollingFrame | UIGridFrame | GamepadHintsFrame
model_022/PatchRoot/DataModelInstances/CorePackages/Workspace/Packages/Workspace/BuildExperience/BuildExperience/Flags/FIntMyCreationsSessionListPollingIntervalSeconds.luac	proto=0	pc=3	LOADN 60	debug=	line=1	context=MyCreationsSessionListPollingIntervalSeconds
model_022/PatchRoot/DataModelInstances/CorePackages/Workspace/Packages/Workspace/CapturesInExperience/CapturesInExperience/Hooks/useCarouselController.luac	proto=18	pc=34	LOADN 60	debug=	line=297	context=onStep
model_022/PatchRoot/DataModelInstances/CorePackages/Workspace/Packages/Workspace/CapturesInExperience/CapturesInExperience/Hooks/useCarouselController.luac	proto=19	pc=29	LOADN 60	debug=handleInertialMove	line=267	context=onStep | RenderStepped
model_022/PatchRoot/DataModelInstances/CorePackages/Workspace/Packages/Workspace/CurrencyTransfers/CurrencyTransfers/Components/Send/TransferRobuxInputSheet.luac	proto=13	pc=366	LOADN 60	debug=TransferRobuxInputSheet	line=67	context=Frame
model_022/PatchRoot/DataModelInstances/CorePackages/Workspace/Packages/Workspace/CurrencyTransfers/CurrencyTransfers/Components/Send/TransferRobuxInputSheet.luac	proto=13	pc=367	LOADN 60	debug=TransferRobuxInputSheet	line=67	context=Frame
model_022/PatchRoot/DataModelInstances/CorePackages/Workspace/Packages/Workspace/DataHydration/DataHydration/createDataCache.luac	proto=17	pc=39	LOADN 60	debug=	line=1	context=FFlagMigrateGameInfoToStore
model_022/PatchRoot/DataModelInstances/CorePackages/Workspace/Packages/Workspace/DsaIllegalContentReporting/DsaIllegalContentReporting/Components/DSAReportLink.luac	proto=1	pc=36	LOADN 60	debug=DSAReportLink	line=26	context=Frame
model_022/PatchRoot/DataModelInstances/CorePackages/Workspace/Packages/Workspace/ErrorReporters/ErrorReporters/Backtrace/BacktraceReporter.luac	proto=1	K23=60.0	debug=new	line=42	context=_generateLogMethod | _logIntervalInSeconds | generateLogMethod | logIntervalInSeconds
model_022/PatchRoot/DataModelInstances/CorePackages/Workspace/Packages/Workspace/ExperienceStateReplay/ExperienceStateReplay/UI/ReplaySelector.luac	proto=4	pc=98	LOADN 60	debug=create	line=7	context=Frame
model_022/PatchRoot/DataModelInstances/CorePackages/Workspace/Packages/Workspace/ExperienceStateReplay/ExperienceStateReplay/UI/ReplaySelector.luac	proto=4	pc=99	LOADN 60	debug=create	line=7	context=Frame
model_022/PatchRoot/DataModelInstances/CorePackages/Workspace/Packages/Workspace/ExperienceStateReplay/ExperienceStateReplay/UI/ReplaySelector.luac	proto=4	pc=100	LOADN 60	debug=create	line=7	context=Frame
model_022/PatchRoot/DataModelInstances/CorePackages/Workspace/Packages/Workspace/GenericAbuseReporting/GenericAbuseReporting/Common/CommentTextField.luac	proto=1	pc=33	LOADN 60	debug=CommentTextField	line=25	context=Frame
model_022/PatchRoot/DataModelInstances/CorePackages/Workspace/Packages/Workspace/InExperienceIntervention/InExperienceIntervention/Components/ChatTimeoutCustomDialog.luac	proto=3	K17=60.0	debug=ChatTimeoutCustomDialog	line=39	context=frameProps | UnderstandButtonFrame | FeedbackFrame | renderTimestamp
model_022/PatchRoot/DataModelInstances/CorePackages/Workspace/Packages/Workspace/InExperienceIntervention/InExperienceIntervention/Components/ChatTimeoutCustomDialog.luac	proto=3	pc=63	LOADN 60	debug=ChatTimeoutCustomDialog	line=39	context=frameProps | UnderstandButtonFrame | FeedbackFrame | renderTimestamp
model_022/PatchRoot/DataModelInstances/CorePackages/Workspace/Packages/Workspace/InGameAssetReporting/InGameAssetReporting/InGameAssetReportUI/Components/InGameAssetReportMode.luac	proto=21	pc=104	LOADN 60	debug=	line=326	context=Frame
model_022/PatchRoot/DataModelInstances/CorePackages/Workspace/Packages/Workspace/InGameAssetReporting/InGameAssetReporting/InGameAssetReportUI/Components/InGameAssetReportPortraitHeaderFooter.luac	proto=5	pc=6	LOADN 60	debug=	line=88	context=Frame
model_022/PatchRoot/DataModelInstances/CorePackages/Workspace/Packages/Workspace/InGameAssetReporting/InGameAssetReporting/InGameAssetReportUI/Components/InGameAssetReportPortraitHeaderFooter.luac	proto=9	pc=8	LOADN 60	debug=PortraitModeFooter	line=148	context=Frame
model_022/PatchRoot/DataModelInstances/CorePackages/Workspace/Packages/Workspace/InGameAssetReporting/InGameAssetReporting/InGameAssetReportUI/Components/PreciseSelection/InGameAssetReportModePreciseSelection.luac	proto=18	pc=92	LOADN 60	debug=	line=417	context=Frame
model_022/PatchRoot/DataModelInstances/CorePackages/Workspace/Packages/Workspace/InGameAssetReporting/InGameAssetReporting/InGameAssetReportUI/Components/PreciseSelection/ReportPreciseSelectionPortraitHeaderFooter.luac	proto=5	pc=6	LOADN 60	debug=	line=88	context=Frame
model_022/PatchRoot/DataModelInstances/CorePackages/Workspace/Packages/Workspace/InGameAssetReporting/InGameAssetReporting/InGameAssetReportUI/Components/PreciseSelection/ReportPreciseSelectionPortraitHeaderFooter.luac	proto=8	pc=8	LOADN 60	debug=PortraitModeFooter	line=124	context=Frame
model_022/PatchRoot/DataModelInstances/CorePackages/Workspace/Packages/Workspace/InGameAssetReporting/InGameAssetReporting/InGameAssetReportUI/Components/ReportTextEntry.luac	proto=1	pc=16	LOADN 60	debug=ReportTextEntry	line=13	context=Frame
model_022/PatchRoot/DataModelInstances/CorePackages/Workspace/Packages/Workspace/PlatformLeaderboardsRcc/PlatformLeaderboardsRcc/PlatformLeaderboardConfigService.luac	proto=9	pc=24	LOADN 60	debug=	line=1	context=PlatformLeaderboardConfigPollIntervalSeconds
model_022/PatchRoot/DataModelInstances/CorePackages/Workspace/Packages/Workspace/PlayerList/PlayerList/Common/CreateLayoutValues.luac	proto=0	pc=67	LOADN 60	debug=	line=165	context=PlayerScrollListInnerFramePosition | PlayerScrollListInnerFrameSize
model_022/PatchRoot/DataModelInstances/CorePackages/Workspace/Packages/Workspace/PlayerList/PlayerList/Common/CreateLayoutValues.luac	proto=0	pc=68	LOADN 60	debug=	line=165	context=PlayerScrollListInnerFramePosition | PlayerScrollListInnerFrameSize
model_022/PatchRoot/DataModelInstances/CorePackages/Workspace/Packages/Workspace/PlayerList/PlayerList/Common/CreateLayoutValues.luac	proto=0	pc=69	LOADN 60	debug=	line=165	context=PlayerScrollListInnerFramePosition | PlayerScrollListInnerFrameSize
model_022/PatchRoot/DataModelInstances/CorePackages/Workspace/Packages/Workspace/PlayerList/PlayerList/Components/Presentation/PlatformLeaderboardView.luac	proto=13	K5=60.0	debug=	line=187	context=lastRefreshedAt
model_022/PatchRoot/DataModelInstances/CorePackages/Workspace/Packages/Workspace/PlayerList/PlayerList/Components/Presentation/PlatformLeaderboardView.luac	proto=24	K34=60.0	debug=PlatformLeaderboardViewImpl	line=63	context=scrollingFrameRef | getFriendsLastRefreshedAt | getGlobalLastRefreshedAt | Frame
model_022/PatchRoot/DataModelInstances/CorePackages/Workspace/Packages/Workspace/ProfilePlatform/ProfilePlatform/Components/AssetsCarousel/AssetsCarousel.luac	proto=4	pc=201	LOADN 60	debug=AssetsCarousel	line=78	context=Frame | renderItem
model_022/PatchRoot/DataModelInstances/CorePackages/Workspace/Packages/Workspace/SquadsCore/SquadsCore/Components/SquadEventReceiver/SquadLifecycleEventReceiver.luac	proto=13	pc=76	LOADN 60	debug=	line=1	context=clearInterval | setInterval | ActiveSquadPollingCardIntervalSeconds | ActiveSquadPollingLobbyIntervalSeconds | ActiveSquadPollingIdleIntervalSeconds
model_022/PatchRoot/DataModelInstances/CorePackages/Workspace/Packages/Workspace/UserLib/UserLib/Utils/Constants.luac	proto=0	pc=41	LOADN 60	debug=	line=1	context=AutoGeneratedAsset
model_024/PatchRoot/DataModelInstances/CorePackages/LuauForgeChunks/bundled.luac	proto=1985	pc=2	LOADN 60	debug=zn	line=15763	context=AXMinSecsToRefreshRecommendedCatalogPage
model_024/PatchRoot/DataModelInstances/CorePackages/LuauForgeChunks/bundled.luac	proto=2620	pc=40	LOADN 60	debug=HV	line=22513	context=AutoGeneratedAsset
model_024/PatchRoot/DataModelInstances/CorePackages/LuauForgeChunks/bundled.luac	proto=3033	pc=39	LOADN 60	debug=LE	line=27925	context=FFlagMigrateGameInfoToStore
model_024/PatchRoot/DataModelInstances/CorePackages/LuauForgeChunks/bundled.luac	proto=9009	pc=30	LOADN 60	debug=awB	line=122063	context=trackTileRender | trackFeedRender
model_024/PatchRoot/DataModelInstances/CorePackages/LuauForgeChunks/bundled.luac	proto=9071	pc=212	LOADN 60	debug=LUAUFORGE_MODULE_GLOBALS_awQ_make_assets_1x	line=123208	context=LuaApp/category/filter_toprated | LuaApp/category/ic-top rated | LuaApp/icons/common_refresh
model_024/PatchRoot/DataModelInstances/CorePackages/LuauForgeChunks/bundled.luac	proto=9071	pc=1803	LOADN 60	debug=LUAUFORGE_MODULE_GLOBALS_awQ_make_assets_1x	line=123208	context=LuaApp/category/filter_toprated | LuaApp/category/ic-top rated | LuaApp/icons/common_refresh
model_024/PatchRoot/DataModelInstances/CorePackages/LuauForgeChunks/bundled.luac	proto=9071	pc=3063	LOADN 60	debug=LUAUFORGE_MODULE_GLOBALS_awQ_make_assets_1x	line=123208	context=LuaApp/category/filter_toprated | LuaApp/category/ic-top rated | LuaApp/icons/common_refresh
model_024/PatchRoot/DataModelInstances/CorePackages/LuauForgeChunks/bundled.luac	proto=9071	pc=3069	LOADN 60	debug=LUAUFORGE_MODULE_GLOBALS_awQ_make_assets_1x	line=123208	context=LuaApp/category/filter_toprated | LuaApp/category/ic-top rated | LuaApp/icons/common_refresh
model_024/PatchRoot/DataModelInstances/CorePackages/LuauForgeChunks/bundled.luac	proto=9071	pc=3081	LOADN 60	debug=LUAUFORGE_MODULE_GLOBALS_awQ_make_assets_1x	line=123208	context=LuaApp/category/filter_toprated | LuaApp/category/ic-top rated | LuaApp/icons/common_refresh
model_024/PatchRoot/DataModelInstances/CorePackages/LuauForgeChunks/bundled.luac	proto=9071	pc=3116	LOADN 60	debug=LUAUFORGE_MODULE_GLOBALS_awQ_make_assets_1x	line=123208	context=LuaApp/category/filter_toprated | LuaApp/category/ic-top rated | LuaApp/icons/common_refresh
model_024/PatchRoot/DataModelInstances/CorePackages/LuauForgeChunks/bundled.luac	proto=9071	pc=3117	LOADN 60	debug=LUAUFORGE_MODULE_GLOBALS_awQ_make_assets_1x	line=123208	context=LuaApp/category/filter_toprated | LuaApp/category/ic-top rated | LuaApp/icons/common_refresh
model_024/PatchRoot/DataModelInstances/CorePackages/LuauForgeChunks/bundled.luac	proto=9071	pc=3128	LOADN 60	debug=LUAUFORGE_MODULE_GLOBALS_awQ_make_assets_1x	line=123208	context=LuaApp/category/filter_toprated | LuaApp/category/ic-top rated | LuaApp/icons/common_refresh
model_024/PatchRoot/DataModelInstances/CorePackages/LuauForgeChunks/bundled.luac	proto=9071	pc=3129	LOADN 60	debug=LUAUFORGE_MODULE_GLOBALS_awQ_make_assets_1x	line=123208	context=LuaApp/category/filter_toprated | LuaApp/category/ic-top rated | LuaApp/icons/common_refresh
model_024/PatchRoot/DataModelInstances/CorePackages/LuauForgeChunks/bundled.luac	proto=9071	pc=3225	LOADN 60	debug=LUAUFORGE_MODULE_GLOBALS_awQ_make_assets_1x	line=123208	context=LuaApp/category/filter_toprated | LuaApp/category/ic-top rated | LuaApp/icons/common_refresh
model_024/PatchRoot/DataModelInstances/CorePackages/LuauForgeChunks/bundled.luac	proto=9071	pc=3237	LOADN 60	debug=LUAUFORGE_MODULE_GLOBALS_awQ_make_assets_1x	line=123208	context=LuaApp/category/filter_toprated | LuaApp/category/ic-top rated | LuaApp/icons/common_refresh
model_024/PatchRoot/DataModelInstances/CorePackages/LuauForgeChunks/bundled.luac	proto=9071	pc=3392	LOADN 60	debug=LUAUFORGE_MODULE_GLOBALS_awQ_make_assets_1x	line=123208	context=LuaApp/category/filter_toprated | LuaApp/category/ic-top rated | LuaApp/icons/common_refresh
model_024/PatchRoot/DataModelInstances/CorePackages/LuauForgeChunks/bundled.luac	proto=9071	pc=3393	LOADN 60	debug=LUAUFORGE_MODULE_GLOBALS_awQ_make_assets_1x	line=123208	context=LuaApp/category/filter_toprated | LuaApp/category/ic-top rated | LuaApp/icons/common_refresh
model_024/PatchRoot/DataModelInstances/CorePackages/LuauForgeChunks/bundled.luac	proto=9071	pc=3404	LOADN 60	debug=LUAUFORGE_MODULE_GLOBALS_awQ_make_assets_1x	line=123208	context=LuaApp/category/filter_toprated | LuaApp/category/ic-top rated | LuaApp/icons/common_refresh
model_024/PatchRoot/DataModelInstances/CorePackages/LuauForgeChunks/bundled.luac	proto=9071	pc=3405	LOADN 60	debug=LUAUFORGE_MODULE_GLOBALS_awQ_make_assets_1x	line=123208	context=LuaApp/category/filter_toprated | LuaApp/category/ic-top rated | LuaApp/icons/common_refresh
model_024/PatchRoot/DataModelInstances/CorePackages/LuauForgeChunks/bundled.luac	proto=9071	pc=3416	LOADN 60	debug=LUAUFORGE_MODULE_GLOBALS_awQ_make_assets_1x	line=123208	context=LuaApp/category/filter_toprated | LuaApp/category/ic-top rated | LuaApp/icons/common_refresh
model_024/PatchRoot/DataModelInstances/CorePackages/LuauForgeChunks/bundled.luac	proto=9071	pc=3417	LOADN 60	debug=LUAUFORGE_MODULE_GLOBALS_awQ_make_assets_1x	line=123208	context=LuaApp/category/filter_toprated | LuaApp/category/ic-top rated | LuaApp/icons/common_refresh
model_024/PatchRoot/DataModelInstances/CorePackages/LuauForgeChunks/bundled.luac	proto=9071	pc=3428	LOADN 60	debug=LUAUFORGE_MODULE_GLOBALS_awQ_make_assets_1x	line=123208	context=LuaApp/category/filter_toprated | LuaApp/category/ic-top rated | LuaApp/icons/common_refresh
model_024/PatchRoot/DataModelInstances/CorePackages/LuauForgeChunks/bundled.luac	proto=9071	pc=3429	LOADN 60	debug=LUAUFORGE_MODULE_GLOBALS_awQ_make_assets_1x	line=123208	context=LuaApp/category/filter_toprated | LuaApp/category/ic-top rated | LuaApp/icons/common_refresh
model_024/PatchRoot/DataModelInstances/CorePackages/LuauForgeChunks/bundled.luac	proto=9071	pc=3440	LOADN 60	debug=LUAUFORGE_MODULE_GLOBALS_awQ_make_assets_1x	line=123208	context=LuaApp/category/filter_toprated | LuaApp/category/ic-top rated | LuaApp/icons/common_refresh
model_024/PatchRoot/DataModelInstances/CorePackages/LuauForgeChunks/bundled.luac	proto=9071	pc=3441	LOADN 60	debug=LUAUFORGE_MODULE_GLOBALS_awQ_make_assets_1x	line=123208	context=LuaApp/category/filter_toprated | LuaApp/category/ic-top rated | LuaApp/icons/common_refresh
model_024/PatchRoot/DataModelInstances/CorePackages/LuauForgeChunks/bundled.luac	proto=9071	pc=3452	LOADN 60	debug=LUAUFORGE_MODULE_GLOBALS_awQ_make_assets_1x	line=123208	context=LuaApp/category/filter_toprated | LuaApp/category/ic-top rated | LuaApp/icons/common_refresh
model_024/PatchRoot/DataModelInstances/CorePackages/LuauForgeChunks/bundled.luac	proto=9071	pc=3453	LOADN 60	debug=LUAUFORGE_MODULE_GLOBALS_awQ_make_assets_1x	line=123208	context=LuaApp/category/filter_toprated | LuaApp/category/ic-top rated | LuaApp/icons/common_refresh
model_024/PatchRoot/DataModelInstances/CorePackages/LuauForgeChunks/bundled.luac	proto=9071	pc=3573	LOADN 60	debug=LUAUFORGE_MODULE_GLOBALS_awQ_make_assets_1x	line=123208	context=LuaApp/category/filter_toprated | LuaApp/category/ic-top rated | LuaApp/icons/common_refresh
model_024/PatchRoot/DataModelInstances/CorePackages/LuauForgeChunks/bundled.luac	proto=9071	pc=3597	LOADN 60	debug=LUAUFORGE_MODULE_GLOBALS_awQ_make_assets_1x	line=123208	context=LuaApp/category/filter_toprated | LuaApp/category/ic-top rated | LuaApp/icons/common_refresh
model_024/PatchRoot/DataModelInstances/CorePackages/LuauForgeChunks/bundled.luac	proto=9072	pc=380	LOADN 60	debug=LUAUFORGE_MODULE_GLOBALS_awQ_make_assets_3x	line=123596	context=LuaApp/category/filter_toprated | LuaApp/category/ic-top rated | LuaApp/icons/common_refresh
model_024/PatchRoot/DataModelInstances/CorePackages/LuauForgeChunks/bundled.luac	proto=9072	pc=381	LOADN 60	debug=LUAUFORGE_MODULE_GLOBALS_awQ_make_assets_3x	line=123596	context=LuaApp/category/filter_toprated | LuaApp/category/ic-top rated | LuaApp/icons/common_refresh
model_024/PatchRoot/DataModelInstances/CorePackages/LuauForgeChunks/bundled.luac	proto=9072	pc=392	LOADN 60	debug=LUAUFORGE_MODULE_GLOBALS_awQ_make_assets_3x	line=123596	context=LuaApp/category/filter_toprated | LuaApp/category/ic-top rated | LuaApp/icons/common_refresh
model_024/PatchRoot/DataModelInstances/CorePackages/LuauForgeChunks/bundled.luac	proto=9072	pc=393	LOADN 60	debug=LUAUFORGE_MODULE_GLOBALS_awQ_make_assets_3x	line=123596	context=LuaApp/category/filter_toprated | LuaApp/category/ic-top rated | LuaApp/icons/common_refresh
model_024/PatchRoot/DataModelInstances/CorePackages/LuauForgeChunks/bundled.luac	proto=9072	pc=404	LOADN 60	debug=LUAUFORGE_MODULE_GLOBALS_awQ_make_assets_3x	line=123596	context=LuaApp/category/filter_toprated | LuaApp/category/ic-top rated | LuaApp/icons/common_refresh
model_024/PatchRoot/DataModelInstances/CorePackages/LuauForgeChunks/bundled.luac	proto=9072	pc=405	LOADN 60	debug=LUAUFORGE_MODULE_GLOBALS_awQ_make_assets_3x	line=123596	context=LuaApp/category/filter_toprated | LuaApp/category/ic-top rated | LuaApp/icons/common_refresh
model_024/PatchRoot/DataModelInstances/CorePackages/LuauForgeChunks/bundled.luac	proto=9072	pc=416	LOADN 60	debug=LUAUFORGE_MODULE_GLOBALS_awQ_make_assets_3x	line=123596	context=LuaApp/category/filter_toprated | LuaApp/category/ic-top rated | LuaApp/icons/common_refresh
model_024/PatchRoot/DataModelInstances/CorePackages/LuauForgeChunks/bundled.luac	proto=9072	pc=417	LOADN 60	debug=LUAUFORGE_MODULE_GLOBALS_awQ_make_assets_3x	line=123596	context=LuaApp/category/filter_toprated | LuaApp/category/ic-top rated | LuaApp/icons/common_refresh
model_024/PatchRoot/DataModelInstances/CorePackages/LuauForgeChunks/bundled.luac	proto=9072	pc=428	LOADN 60	debug=LUAUFORGE_MODULE_GLOBALS_awQ_make_assets_3x	line=123596	context=LuaApp/category/filter_toprated | LuaApp/category/ic-top rated | LuaApp/icons/common_refresh
model_024/PatchRoot/DataModelInstances/CorePackages/LuauForgeChunks/bundled.luac	proto=9072	pc=429	LOADN 60	debug=LUAUFORGE_MODULE_GLOBALS_awQ_make_assets_3x	line=123596	context=LuaApp/category/filter_toprated | LuaApp/category/ic-top rated | LuaApp/icons/common_refresh
model_024/PatchRoot/DataModelInstances/CorePackages/LuauForgeChunks/bundled.luac	proto=9072	pc=440	LOADN 60	debug=LUAUFORGE_MODULE_GLOBALS_awQ_make_assets_3x	line=123596	context=LuaApp/category/filter_toprated | LuaApp/category/ic-top rated | LuaApp/icons/common_refresh
model_024/PatchRoot/DataModelInstances/CorePackages/LuauForgeChunks/bundled.luac	proto=9072	pc=441	LOADN 60	debug=LUAUFORGE_MODULE_GLOBALS_awQ_make_assets_3x	line=123596	context=LuaApp/category/filter_toprated | LuaApp/category/ic-top rated | LuaApp/icons/common_refresh
model_024/PatchRoot/DataModelInstances/CorePackages/LuauForgeChunks/bundled.luac	proto=9072	pc=452	LOADN 60	debug=LUAUFORGE_MODULE_GLOBALS_awQ_make_assets_3x	line=123596	context=LuaApp/category/filter_toprated | LuaApp/category/ic-top rated | LuaApp/icons/common_refresh
model_024/PatchRoot/DataModelInstances/CorePackages/LuauForgeChunks/bundled.luac	proto=9072	pc=453	LOADN 60	debug=LUAUFORGE_MODULE_GLOBALS_awQ_make_assets_3x	line=123596	context=LuaApp/category/filter_toprated | LuaApp/category/ic-top rated | LuaApp/icons/common_refresh
model_024/PatchRoot/DataModelInstances/CorePackages/LuauForgeChunks/bundled.luac	proto=9072	pc=464	LOADN 60	debug=LUAUFORGE_MODULE_GLOBALS_awQ_make_assets_3x	line=123596	context=LuaApp/category/filter_toprated | LuaApp/category/ic-top rated | LuaApp/icons/common_refresh
model_024/PatchRoot/DataModelInstances/CorePackages/LuauForgeChunks/bundled.luac	proto=9072	pc=465	LOADN 60	debug=LUAUFORGE_MODULE_GLOBALS_awQ_make_assets_3x	line=123596	context=LuaApp/category/filter_toprated | LuaApp/category/ic-top rated | LuaApp/icons/common_refresh
model_024/PatchRoot/DataModelInstances/CorePackages/LuauForgeChunks/bundled.luac	proto=9072	pc=476	LOADN 60	debug=LUAUFORGE_MODULE_GLOBALS_awQ_make_assets_3x	line=123596	context=LuaApp/category/filter_toprated | LuaApp/category/ic-top rated | LuaApp/icons/common_refresh
model_024/PatchRoot/DataModelInstances/CorePackages/LuauForgeChunks/bundled.luac	proto=9072	pc=477	LOADN 60	debug=LUAUFORGE_MODULE_GLOBALS_awQ_make_assets_3x	line=123596	context=LuaApp/category/filter_toprated | LuaApp/category/ic-top rated | LuaApp/icons/common_refresh
model_024/PatchRoot/DataModelInstances/CorePackages/LuauForgeChunks/bundled.luac	proto=9072	pc=488	LOADN 60	debug=LUAUFORGE_MODULE_GLOBALS_awQ_make_assets_3x	line=123596	context=LuaApp/category/filter_toprated | LuaApp/category/ic-top rated | LuaApp/icons/common_refresh
model_024/PatchRoot/DataModelInstances/CorePackages/LuauForgeChunks/bundled.luac	proto=9072	pc=489	LOADN 60	debug=LUAUFORGE_MODULE_GLOBALS_awQ_make_assets_3x	line=123596	context=LuaApp/category/filter_toprated | LuaApp/category/ic-top rated | LuaApp/icons/common_refresh
model_024/PatchRoot/DataModelInstances/CorePackages/LuauForgeChunks/bundled.luac	proto=9072	pc=500	LOADN 60	debug=LUAUFORGE_MODULE_GLOBALS_awQ_make_assets_3x	line=123596	context=LuaApp/category/filter_toprated | LuaApp/category/ic-top rated | LuaApp/icons/common_refresh
model_024/PatchRoot/DataModelInstances/CorePackages/LuauForgeChunks/bundled.luac	proto=9072	pc=501	LOADN 60	debug=LUAUFORGE_MODULE_GLOBALS_awQ_make_assets_3x	line=123596	context=LuaApp/category/filter_toprated | LuaApp/category/ic-top rated | LuaApp/icons/common_refresh
model_024/PatchRoot/DataModelInstances/CorePackages/LuauForgeChunks/bundled.luac	proto=9072	pc=512	LOADN 60	debug=LUAUFORGE_MODULE_GLOBALS_awQ_make_assets_3x	line=123596	context=LuaApp/category/filter_toprated | LuaApp/category/ic-top rated | LuaApp/icons/common_refresh
model_024/PatchRoot/DataModelInstances/CorePackages/LuauForgeChunks/bundled.luac	proto=9072	pc=513	LOADN 60	debug=LUAUFORGE_MODULE_GLOBALS_awQ_make_assets_3x	line=123596	context=LuaApp/category/filter_toprated | LuaApp/category/ic-top rated | LuaApp/icons/common_refresh
model_024/PatchRoot/DataModelInstances/CorePackages/LuauForgeChunks/bundled.luac	proto=9072	pc=524	LOADN 60	debug=LUAUFORGE_MODULE_GLOBALS_awQ_make_assets_3x	line=123596	context=LuaApp/category/filter_toprated | LuaApp/category/ic-top rated | LuaApp/icons/common_refresh
model_024/PatchRoot/DataModelInstances/CorePackages/LuauForgeChunks/bundled.luac	proto=9072	pc=525	LOADN 60	debug=LUAUFORGE_MODULE_GLOBALS_awQ_make_assets_3x	line=123596	context=LuaApp/category/filter_toprated | LuaApp/category/ic-top rated | LuaApp/icons/common_refresh
model_024/PatchRoot/DataModelInstances/CorePackages/LuauForgeChunks/bundled.luac	proto=9072	pc=536	LOADN 60	debug=LUAUFORGE_MODULE_GLOBALS_awQ_make_assets_3x	line=123596	context=LuaApp/category/filter_toprated | LuaApp/category/ic-top rated | LuaApp/icons/common_refresh
model_024/PatchRoot/DataModelInstances/CorePackages/LuauForgeChunks/bundled.luac	proto=9072	pc=537	LOADN 60	debug=LUAUFORGE_MODULE_GLOBALS_awQ_make_assets_3x	line=123596	context=LuaApp/category/filter_toprated | LuaApp/category/ic-top rated | LuaApp/icons/common_refresh
model_024/PatchRoot/DataModelInstances/CorePackages/LuauForgeChunks/bundled.luac	proto=9072	pc=548	LOADN 60	debug=LUAUFORGE_MODULE_GLOBALS_awQ_make_assets_3x	line=123596	context=LuaApp/category/filter_toprated | LuaApp/category/ic-top rated | LuaApp/icons/common_refresh
model_024/PatchRoot/DataModelInstances/CorePackages/LuauForgeChunks/bundled.luac	proto=9072	pc=549	LOADN 60	debug=LUAUFORGE_MODULE_GLOBALS_awQ_make_assets_3x	line=123596	context=LuaApp/category/filter_toprated | LuaApp/category/ic-top rated | LuaApp/icons/common_refresh
model_024/PatchRoot/DataModelInstances/CorePackages/LuauForgeChunks/bundled.luac	proto=9072	pc=560	LOADN 60	debug=LUAUFORGE_MODULE_GLOBALS_awQ_make_assets_3x	line=123596	context=LuaApp/category/filter_toprated | LuaApp/category/ic-top rated | LuaApp/icons/common_refresh
model_024/PatchRoot/DataModelInstances/CorePackages/LuauForgeChunks/bundled.luac	proto=9072	pc=561	LOADN 60	debug=LUAUFORGE_MODULE_GLOBALS_awQ_make_assets_3x	line=123596	context=LuaApp/category/filter_toprated | LuaApp/category/ic-top rated | LuaApp/icons/common_refresh
model_024/PatchRoot/DataModelInstances/CorePackages/LuauForgeChunks/bundled.luac	proto=9072	pc=956	LOADN 60	debug=LUAUFORGE_MODULE_GLOBALS_awQ_make_assets_3x	line=123596	context=LuaApp/category/filter_toprated | LuaApp/category/ic-top rated | LuaApp/icons/common_refresh
model_024/PatchRoot/DataModelInstances/CorePackages/LuauForgeChunks/bundled.luac	proto=9072	pc=1820	LOADN 60	debug=LUAUFORGE_MODULE_GLOBALS_awQ_make_assets_3x	line=123596	context=LuaApp/category/filter_toprated | LuaApp/category/ic-top rated | LuaApp/icons/common_refresh
model_024/PatchRoot/DataModelInstances/CorePackages/LuauForgeChunks/bundled.luac	proto=9072	pc=1821	LOADN 60	debug=LUAUFORGE_MODULE_GLOBALS_awQ_make_assets_3x	line=123596	context=LuaApp/category/filter_toprated | LuaApp/category/ic-top rated | LuaApp/icons/common_refresh
model_024/PatchRoot/DataModelInstances/CorePackages/LuauForgeChunks/bundled.luac	proto=9072	pc=2228	LOADN 60	debug=LUAUFORGE_MODULE_GLOBALS_awQ_make_assets_3x	line=123596	context=LuaApp/category/filter_toprated | LuaApp/category/ic-top rated | LuaApp/icons/common_refresh
model_024/PatchRoot/DataModelInstances/CorePackages/LuauForgeChunks/bundled.luac	proto=9072	pc=2229	LOADN 60	debug=LUAUFORGE_MODULE_GLOBALS_awQ_make_assets_3x	line=123596	context=LuaApp/category/filter_toprated | LuaApp/category/ic-top rated | LuaApp/icons/common_refresh
model_024/PatchRoot/DataModelInstances/CorePackages/LuauForgeChunks/bundled.luac	proto=9073	pc=3188	LOADN 60	debug=LUAUFORGE_MODULE_GLOBALS_awQ_make_assets_2x	line=123979	context=LuaApp/category/filter_toprated | LuaApp/category/ic-top rated | LuaApp/icons/common_refresh
model_024/PatchRoot/DataModelInstances/CorePackages/LuauForgeChunks/bundled.luac	proto=9073	pc=3200	LOADN 60	debug=LUAUFORGE_MODULE_GLOBALS_awQ_make_assets_2x	line=123979	context=LuaApp/category/filter_toprated | LuaApp/category/ic-top rated | LuaApp/icons/common_refresh
model_024/PatchRoot/DataModelInstances/CorePackages/LuauForgeChunks/bundled.luac	proto=9073	pc=3580	LOADN 60	debug=LUAUFORGE_MODULE_GLOBALS_awQ_make_assets_2x	line=123979	context=LuaApp/category/filter_toprated | LuaApp/category/ic-top rated | LuaApp/icons/common_refresh
model_024/PatchRoot/DataModelInstances/CorePackages/LuauForgeChunks/bundled.luac	proto=9073	pc=3861	LOADN 60	debug=LUAUFORGE_MODULE_GLOBALS_awQ_make_assets_2x	line=123979	context=LuaApp/category/filter_toprated | LuaApp/category/ic-top rated | LuaApp/icons/common_refresh
model_024/PatchRoot/DataModelInstances/CorePackages/LuauForgeChunks/bundled.luac	proto=9073	pc=4527	LOADN 60	debug=LUAUFORGE_MODULE_GLOBALS_awQ_make_assets_2x	line=123979	context=LuaApp/category/filter_toprated | LuaApp/category/ic-top rated | LuaApp/icons/common_refresh
model_024/PatchRoot/DataModelInstances/CorePackages/LuauForgeChunks/bundled.luac	proto=13171	K201=60.0	debug=aVs	line=200015	context=POST_TYPING_STATUS_INTERVAL | GROUP_NAME_MODERATED | MESSAGE_WAS_MODERATED
model_024/PatchRoot/DataModelInstances/CorePackages/LuauForgeChunks/bundled.luac	proto=18936	pc=53	LOADN 60	debug=	line=301011	context=ViewFrame
model_024/PatchRoot/DataModelInstances/CorePackages/LuauForgeChunks/bundled.luac	proto=21346	pc=132	LOADN 60	debug=bPz	line=342361	context=FrameBoundsImpressionsTracker | FFlagLuaAppUseFrameBoundsImpressions | HomePagePYMKPresenceFetchThrottleInterval
model_024/PatchRoot/DataModelInstances/CorePackages/LuauForgeChunks/bundled.luac	proto=22373	pc=183	LOADN 60	debug=	line=357434	context=Frame
model_024/PatchRoot/DataModelInstances/CorePackages/LuauForgeChunks/bundled.luac	proto=22373	pc=184	LOADN 60	debug=	line=357434	context=Frame
model_024/PatchRoot/DataModelInstances/CorePackages/LuauForgeChunks/bundled.luac	proto=24567	pc=269	LOADN 60	debug=TrustedContactsEducationModal	line=396915	context=Frame
model_024/PatchRoot/DataModelInstances/CorePackages/LuauForgeChunks/bundled.luac	proto=25566	pc=36	LOADN 60	debug=LUAUFORGE_MODULE_GLOBALS_cDp_DSAReportLink	line=417508	context=Frame
model_024/PatchRoot/DataModelInstances/CorePackages/LuauForgeChunks/bundled.luac	proto=25600	pc=33	LOADN 60	debug=CommentTextField	line=418273	context=Frame
model_024/PatchRoot/DataModelInstances/CorePackages/LuauForgeChunks/bundled.luac	proto=26724	pc=66	LOADN 60	debug=	line=441581	context=Frame
model_024/PatchRoot/DataModelInstances/CorePackages/LuauForgeChunks/bundled.luac	proto=26724	pc=67	LOADN 60	debug=	line=441581	context=Frame
model_024/PatchRoot/DataModelInstances/CorePackages/LuauForgeChunks/bundled.luac	proto=26724	pc=84	LOADN 60	debug=	line=441581	context=Frame
model_024/PatchRoot/DataModelInstances/CorePackages/LuauForgeChunks/bundled.luac	proto=26724	pc=85	LOADN 60	debug=	line=441581	context=Frame
model_024/PatchRoot/DataModelInstances/CorePackages/LuauForgeChunks/bundled.luac	proto=28828	pc=232	LOADN 60	debug=cXG	line=478512	context=ADD_FRIENDS_FRAME_WIDTH
model_024/PatchRoot/DataModelInstances/CorePackages/LuauForgeChunks/bundled.luac	proto=28828	pc=452	LOADN 60	debug=cXG	line=478512	context=ADD_FRIENDS_FRAME_WIDTH
model_024/PatchRoot/DataModelInstances/CorePackages/LuauForgeChunks/bundled.luac	proto=28828	pc=453	LOADN 60	debug=cXG	line=478512	context=ADD_FRIENDS_FRAME_WIDTH
model_024/PatchRoot/DataModelInstances/CorePackages/LuauForgeChunks/bundled.luac	proto=29802	K0=60.0	debug=createMomentsSessionHeartbeat	line=491265	context=reportMomentsSessionHeartbeat
model_024/PatchRoot/DataModelInstances/CorePackages/LuauForgeChunks/bundled.luac	proto=32879	pc=209	LOADN 60	debug=dBy	line=545396	context=FFlagAXMigrateAXToGlobalAutofocus | FFlagAXMigrateAllTabToSduiDev | AXMigrateMainNavHeightToFInt | ImpressionsDetectionInterval | LandingPageMinTopFrameHeightPix | LandingPageMinBottomFrameHeightPix | CFrame | TopLevelFPS | TopLevelFPSForCatSubCat | CatalogRefreshStaleResults | CatalogRefresh | GetOrGenerateShortShareLinkSuccess | GetOrGenerateShortShareLinkInvalid | GetOrGenerateShortShareLinkFailure | GetOrGenerateShortShareLinkSuccessFromHook | GetOrGenerateShortShareLinkInvalidFromHook | Get
model_024/PatchRoot/DataModelInstances/CorePackages/LuauForgeChunks/bundled.luac	proto=32881	pc=43	LOADN 60	debug=dBG	line=546844	context=MinSecsToRefreshRecommendedCatalogPage | TwoStepVerificationRequired | FinalRowRenderLoadMoreButton
model_024/PatchRoot/DataModelInstances/CorePackages/LuauForgeChunks/bundled.luac	proto=33138	K42=60.0	debug=createCatalogSubcategories	line=551566	context=TimeToRefresh
model_024/PatchRoot/DataModelInstances/CorePackages/LuauForgeChunks/bundled.luac	proto=33143	K67=60.0	debug=dDo	line=551473	context=FFlagAXMigrateAllTabToSduiDev | FIntAXMinSecsToRefreshRecommendedCatalogPage | FFlagAXMigrateOutfitsToUserInventory
model_024/PatchRoot/DataModelInstances/CorePackages/LuauForgeChunks/bundled.luac	proto=34488	pc=38	LOADN 60	debug=render	line=578403	context=renderItem
model_024/PatchRoot/DataModelInstances/CorePackages/LuauForgeChunks/bundled.luac	proto=34488	pc=57	LOADN 60	debug=render	line=578403	context=renderItem
model_024/PatchRoot/DataModelInstances/CorePackages/LuauForgeChunks/bundled.luac	proto=34796	pc=366	LOADN 60	debug=TransferRobuxInputSheet	line=583270	context=Frame
model_024/PatchRoot/DataModelInstances/CorePackages/LuauForgeChunks/bundled.luac	proto=34796	pc=367	LOADN 60	debug=TransferRobuxInputSheet	line=583270	context=Frame
model_024/PatchRoot/DataModelInstances/CorePackages/LuauForgeChunks/bundled.luac	proto=39517	K9=60.0	debug=eyW	line=663675	context=ProfileFrameNoneId
model_024/PatchRoot/DataModelInstances/CorePackages/LuauForgeChunks/bundled.luac	proto=39811	K3=60.0	debug=eAR	line=669003	context=ZoomButtonGestureStep
model_024/PatchRoot/DataModelInstances/CorePackages/LuauForgeChunks/bundled.luac	proto=40563	pc=201	LOADN 60	debug=AssetsCarousel	line=682676	context=Frame | renderItem
model_024/PatchRoot/DataModelInstances/CorePackages/LuauForgeChunks/bundled.luac	proto=44360	K13=60.0	debug=fcf	line=743639	context=render
model_024/PatchRoot/DataModelInstances/CorePackages/LuauForgeChunks/bundled.luac	proto=44367	K13=60.0	debug=fcd	line=743692	context=render
model_024/PatchRoot/DataModelInstances/CorePackages/LuauForgeChunks/bundled.luac	proto=44416	K15=60.0	debug=LUAUFORGE_MODULE_GLOBALS_fcl_CustomConversationListEntry	line=744520	context=Frame
model_024/PatchRoot/DataModelInstances/CorePackages/LuauForgeChunks/bundled.luac	proto=44814	pc=75	LOADN 60	debug=feI	line=751030	context=clearInterval | setInterval | ActiveSquadPollingCardIntervalSeconds | ActiveSquadPollingLobbyIntervalSeconds | ActiveSquadPollingIdleIntervalSeconds
model_024/PatchRoot/DataModelInstances/CorePackages/LuauForgeChunks/bundled.luac	proto=49276	pc=8	LOADN 60	debug=createDeviceSelectionCell	line=820853	context=Frame
model_024/PatchRoot/DataModelInstances/CorePackages/LuauForgeChunks/bundled.luac	proto=51020	pc=332	LOADN 60	debug=AccountSwitchingAddAccountPeekView	line=850523	context=Frame | TitleFrame | ButtonContentFrame
model_024/PatchRoot/DataModelInstances/CorePackages/LuauForgeChunks/bundled.luac	proto=53558	K279=60.0	debug=	line=891516	context=Frame | FitFrame
model_024/PatchRoot/DataModelInstances/CorePackages/LuauForgeChunks/bundled.luac	proto=53769	K146=60.0	debug=	line=896168	context=Frame
model_024/PatchRoot/DataModelInstances/CorePackages/LuauForgeChunks/bundled.luac	proto=53951	pc=83	LOADN 60	debug=	line=899207	context=Frame | FitFrame
model_024/PatchRoot/DataModelInstances/CorePackages/LuauForgeChunks/bundled.luac	proto=54187	pc=17	LOADN 60	debug=gLY	line=903028	context=ScrollingPerfTrackerTargetFPS | captureFrameUpdate | setScrollingFrame
model_024/PatchRoot/DataModelInstances/CorePackages/LuauForgeChunks/bundled.luac	proto=56296	K23=60.0	debug=new	line=943043	context=_generateLogMethod | _logIntervalInSeconds | generateLogMethod | logIntervalInSeconds
model_024/PatchRoot/DataModelInstances/CorePackages/LuauForgeChunks/bundled.luac	proto=57450	pc=63	LOADN 60	debug=	line=962828	context=Frame | OverlayFrame
model_024/PatchRoot/DataModelInstances/CorePackages/LuauForgeChunks/bundled.luac	proto=57494	pc=47	LOADN 60	debug=	line=963604	context=Frame | OverlayFrame
model_024/PatchRoot/DataModelInstances/CorePackages/LuauForgeChunks/deferred.luac	proto=4415	pc=2	LOADN 60	debug=fwa	line=72722	context=MyCreationsSessionListPollingIntervalSeconds
model_024/PatchRoot/DataModelInstances/CorePackages/LuauForgeChunks/deferred.luac	proto=5951	pc=75	LOADN 60	debug=	line=102164	context=Frame | renderItem | ContentFrame
model_024/PatchRoot/DataModelInstances/CorePackages/LuauForgeChunks/deferred.luac	proto=5951	pc=83	LOADN 60	debug=	line=102164	context=Frame | renderItem | ContentFrame
model_024/PatchRoot/DataModelInstances/CorePackages/LuauForgeChunks/deferred.luac	proto=7102	pc=943	LOADN 60	debug=MediaGallerySnapping	line=123619	context=loadingStrategy | Frame | ScrollingFrame
model_024/PatchRoot/DataModelInstances/CorePackages/LuauForgeChunks/deferred.luac	proto=7504	pc=268	LOADN 60	debug=	line=133508	context=renderComponent | renderMediaGallery | renderDescription | renderIgrsRatingLabel | renderExperienceRating | renderPlaysAndVisits | renderCommunityLink | renderExperienceInfoTable | renderBuildAttributionDisclaimer | renderRefundPolicy | renderLogoTray | renderEventsList | renderNotice | renderRecommendedExperiencesCarousel | renderExperienceSongsCarousel | renderPlayWithReward
model_024/PatchRoot/DataModelInstances/CorePackages/LuauForgeChunks/deferred.luac	proto=7504	pc=301	LOADN 60	debug=	line=133508	context=renderComponent | renderMediaGallery | renderDescription | renderIgrsRatingLabel | renderExperienceRating | renderPlaysAndVisits | renderCommunityLink | renderExperienceInfoTable | renderBuildAttributionDisclaimer | renderRefundPolicy | renderLogoTray | renderEventsList | renderNotice | renderRecommendedExperiencesCarousel | renderExperienceSongsCarousel | renderPlayWithReward
model_024/PatchRoot/DataModelInstances/CorePackages/LuauForgeChunks/deferred.luac	proto=7802	K42=60.0	debug=	line=139226	context=Frame | renderEntry | renderConversationCell
model_024/PatchRoot/DataModelInstances/CorePackages/LuauForgeChunks/deferred.luac	proto=8914	pc=209	LOADN 60	debug=	line=158263	context=Frame
model_024/PatchRoot/DataModelInstances/CorePackages/LuauForgeChunks/deferred.luac	proto=11426	K13=60.0	debug=AccountLockModalTitle	line=206991	context=rateLimit | Feature.AccountLock.Title.RateLimit | RateLimited
model_024/PatchRoot/DataModelInstances/CorePackages/LuauForgeChunks/deferred.luac	proto=11938	K64=60.0	debug=grf	line=214861	context=BodyColorsFrame | getGridAndSidebarFrameSize | renderBodyColorButtons | renderToggleButton | renderUIListLayout | renderUIPadding | renderBodyPartsList | renderStandardView | renderAdvancedView | shouldRenderSliderBar | render
model_024/PatchRoot/DataModelInstances/CorePackages/LuauForgeChunks/deferred.luac	proto=13965	pc=372	LOADN 60	debug=gwl	line=256829	context=AXCatalogExitReEnterRefreshInterval | FFlagAXMigrateAllTabToSduiDev | renderWithStyle | render
model_024/PatchRoot/DataModelInstances/CorePackages/LuauForgeChunks/deferred.luac	proto=15240	K84=60.0	debug=LookBackgroundPicker	line=282752	context=Frame | ScrollingFrame | renderItem
model_024/PatchRoot/DataModelInstances/CorePackages/LuauForgeChunks/deferred.luac	proto=16718	K195=60.0	debug=gNy	line=307383	context=BadgeFrameColor | XboxAvatarPaneRefreshInterval | AvatarPaneRefreshInterval | XboxGameDetailsRefreshInterval | GameDetailsRefreshInterval | XboxGameSortsUpdateInterval | GameSortsUpdateInterval
model_024/PatchRoot/DataModelInstances/CorePackages/LuauForgeChunks/deferred.luac	proto=16888	pc=84	LOADN 60	debug=renderWithProviders	line=310119	context=Frame | FitFrameVertical
model_024/PatchRoot/DataModelInstances/CorePackages/LuauForgeChunks/deferred.luac	proto=16921	pc=65	LOADN 60	debug=renderWithProviders	line=310730	context=Frame | FitFrameVertical | useScrollableFrame
model_024/PatchRoot/DataModelInstances/CorePackages/LuauForgeChunks/deferred.luac	proto=17096	pc=268	LOADN 60	debug=	line=314085	context=Frame
model_024/PatchRoot/DataModelInstances/CorePackages/Packages/Index/EmojiList/EmojiList/emojiList.luac	proto=0	pc=3411	LOADN 60	debug=	line=1	context=pirate-flag | frame-with-picture | film-frames | heartbeat
model_024/PatchRoot/DataModelInstances/CorePackages/Packages/Index/EmojiList/EmojiList/emojiList.luac	proto=0	pc=4947	LOADN 60	debug=	line=1	context=pirate-flag | frame-with-picture | film-frames | heartbeat
model_024/PatchRoot/DataModelInstances/CorePackages/Packages/Index/EmojiList/EmojiList/emojiList.luac	proto=0	pc=7867	LOADN 60	debug=	line=1	context=pirate-flag | frame-with-picture | film-frames | heartbeat
model_024/PatchRoot/DataModelInstances/CorePackages/Packages/Index/EmojiList/EmojiList/emojiList.luac	proto=0	pc=8547	LOADN 60	debug=	line=1	context=pirate-flag | frame-with-picture | film-frames | heartbeat
model_024/PatchRoot/DataModelInstances/CorePackages/Packages/Index/EmojiList/EmojiList/emojiList.luac	proto=0	pc=12243	LOADN 60	debug=	line=1	context=pirate-flag | frame-with-picture | film-frames | heartbeat
model_024/PatchRoot/DataModelInstances/CorePackages/Packages/Index/FoundationImages/FoundationImages/Deprecated/GetDeprecatedIconImageSetData.luac	proto=0	pc=1892	LOADN 60	debug=make_assets_1x	line=7	context=icons/common/refresh | icons/common/refresh_small | icons/menu/AR_frame
model_024/PatchRoot/DataModelInstances/CorePackages/Packages/Index/FoundationImages/FoundationImages/Deprecated/GetDeprecatedIconImageSetData.luac	proto=0	pc=1893	LOADN 60	debug=make_assets_1x	line=7	context=icons/common/refresh | icons/common/refresh_small | icons/menu/AR_frame
model_024/PatchRoot/DataModelInstances/CorePackages/Packages/Index/FoundationImages/FoundationImages/Deprecated/GetDeprecatedIconImageSetData.luac	proto=2	pc=148	LOADN 60	debug=make_assets_3x	line=1505	context=icons/common/refresh | icons/common/refresh_small | icons/menu/AR_frame
model_024/PatchRoot/DataModelInstances/CorePackages/Packages/Index/FoundationImages/FoundationImages/Deprecated/GetDeprecatedIconImageSetData.luac	proto=2	pc=628	LOADN 60	debug=make_assets_3x	line=1505	context=icons/common/refresh | icons/common/refresh_small | icons/menu/AR_frame
model_024/PatchRoot/DataModelInstances/CorePackages/Packages/Index/FoundationImages/FoundationImages/Deprecated/GetDeprecatedIconImageSetData.luac	proto=2	pc=976	LOADN 60	debug=make_assets_3x	line=1505	context=icons/common/refresh | icons/common/refresh_small | icons/menu/AR_frame
model_024/PatchRoot/DataModelInstances/CorePackages/Packages/Index/FoundationImages/FoundationImages/Deprecated/GetDeprecatedIconImageSetData.luac	proto=2	pc=2044	LOADN 60	debug=make_assets_3x	line=1505	context=icons/common/refresh | icons/common/refresh_small | icons/menu/AR_frame
model_024/PatchRoot/DataModelInstances/CorePackages/Packages/Index/FoundationImages/FoundationImages/Deprecated/GetDeprecatedIconImageSetData.luac	proto=2	pc=3016	LOADN 60	debug=make_assets_3x	line=1505	context=icons/common/refresh | icons/common/refresh_small | icons/menu/AR_frame
model_024/PatchRoot/DataModelInstances/CorePackages/Packages/Index/FoundationImages/FoundationImages/Deprecated/GetDeprecatedIconImageSetData.luac	proto=2	pc=3448	LOADN 60	debug=make_assets_3x	line=1505	context=icons/common/refresh | icons/common/refresh_small | icons/menu/AR_frame
model_024/PatchRoot/DataModelInstances/CorePackages/Packages/Index/FoundationImages/FoundationImages/Deprecated/GetDeprecatedIconImageSetData.luac	proto=2	pc=3748	LOADN 60	debug=make_assets_3x	line=1505	context=icons/common/refresh | icons/common/refresh_small | icons/menu/AR_frame
model_024/PatchRoot/DataModelInstances/CorePackages/Packages/Index/FoundationImages/FoundationImages/Deprecated/GetDeprecatedIconImageSetData.luac	proto=2	pc=3940	LOADN 60	debug=make_assets_3x	line=1505	context=icons/common/refresh | icons/common/refresh_small | icons/menu/AR_frame
model_024/PatchRoot/DataModelInstances/CorePackages/Packages/Index/FoundationImages/FoundationImages/Deprecated/GetDeprecatedIconImageSetData.luac	proto=2	pc=4024	LOADN 60	debug=make_assets_3x	line=1505	context=icons/common/refresh | icons/common/refresh_small | icons/menu/AR_frame
model_024/PatchRoot/DataModelInstances/CorePackages/Packages/Index/FoundationImages/FoundationImages/Deprecated/GetDeprecatedIconImageSetData.luac	proto=2	pc=4036	LOADN 60	debug=make_assets_3x	line=1505	context=icons/common/refresh | icons/common/refresh_small | icons/menu/AR_frame
model_024/PatchRoot/DataModelInstances/CorePackages/Packages/Index/FoundationImages/FoundationImages/Deprecated/GetDeprecatedIconImageSetData.luac	proto=2	pc=4072	LOADN 60	debug=make_assets_3x	line=1505	context=icons/common/refresh | icons/common/refresh_small | icons/menu/AR_frame
model_024/PatchRoot/DataModelInstances/CorePackages/Packages/Index/FoundationImages/FoundationImages/Deprecated/GetDeprecatedIconImageSetData.luac	proto=2	pc=4084	LOADN 60	debug=make_assets_3x	line=1505	context=icons/common/refresh | icons/common/refresh_small | icons/menu/AR_frame
model_024/PatchRoot/DataModelInstances/CorePackages/Packages/Index/FoundationImages/FoundationImages/Deprecated/GetDeprecatedIconImageSetData.luac	proto=2	pc=4371	LOADN 60	debug=make_assets_3x	line=1505	context=icons/common/refresh | icons/common/refresh_small | icons/menu/AR_frame
model_024/PatchRoot/DataModelInstances/CorePackages/Packages/Index/FoundationImages/FoundationImages/Deprecated/GetDeprecatedIconImageSetData.luac	proto=2	pc=4408	LOADN 60	debug=make_assets_3x	line=1505	context=icons/common/refresh | icons/common/refresh_small | icons/menu/AR_frame
model_024/PatchRoot/DataModelInstances/CorePackages/Packages/Index/FoundationImages/FoundationImages/Deprecated/GetDeprecatedIconImageSetData.luac	proto=2	pc=4420	LOADN 60	debug=make_assets_3x	line=1505	context=icons/common/refresh | icons/common/refresh_small | icons/menu/AR_frame
model_024/PatchRoot/DataModelInstances/CorePackages/Packages/Index/FoundationImages/FoundationImages/Generated/GetImageSetData.luac	proto=0	pc=572	LOADN 60	debug=make_assets_1x	line=11	context=icons/menu/AR_frame
model_024/PatchRoot/DataModelInstances/CorePackages/Packages/Index/FoundationImages/FoundationImages/Generated/GetImageSetData.luac	proto=0	pc=573	LOADN 60	debug=make_assets_1x	line=11	context=icons/menu/AR_frame
model_024/PatchRoot/DataModelInstances/CorePackages/Packages/Index/FoundationImages/FoundationImages/Generated/GetImageSetData.luac	proto=0	pc=1016	LOADN 60	debug=make_assets_1x	line=11	context=icons/menu/AR_frame
model_024/PatchRoot/DataModelInstances/CorePackages/Packages/Index/FoundationImages/FoundationImages/Generated/GetImageSetData.luac	proto=0	pc=1017	LOADN 60	debug=make_assets_1x	line=11	context=icons/menu/AR_frame
model_024/PatchRoot/DataModelInstances/CorePackages/Packages/Index/FoundationImages/FoundationImages/Generated/GetImageSetData.luac	proto=0	pc=1972	LOADN 60	debug=make_assets_1x	line=11	context=icons/menu/AR_frame
model_024/PatchRoot/DataModelInstances/CorePackages/Packages/Index/FoundationImages/FoundationImages/Generated/GetImageSetData.luac	proto=0	pc=1984	LOADN 60	debug=make_assets_1x	line=11	context=icons/menu/AR_frame
model_024/PatchRoot/DataModelInstances/CorePackages/Packages/Index/FoundationImages/FoundationImages/Generated/GetImageSetData.luac	proto=0	pc=3537	LOADN 60	debug=make_assets_1x	line=11	context=icons/menu/AR_frame
model_024/PatchRoot/DataModelInstances/CorePackages/Packages/Index/FoundationImages/FoundationImages/Generated/GetImageSetData.luac	proto=0	pc=3549	LOADN 60	debug=make_assets_1x	line=11	context=icons/menu/AR_frame
model_024/PatchRoot/DataModelInstances/CorePackages/Packages/Index/FoundationImages/FoundationImages/Generated/GetImageSetData.luac	proto=0	pc=3561	LOADN 60	debug=make_assets_1x	line=11	context=icons/menu/AR_frame
model_024/PatchRoot/DataModelInstances/CorePackages/Packages/Index/FoundationImages/FoundationImages/Generated/GetImageSetData.luac	proto=0	pc=3573	LOADN 60	debug=make_assets_1x	line=11	context=icons/menu/AR_frame
model_024/PatchRoot/DataModelInstances/CorePackages/Packages/Index/FoundationImages/FoundationImages/Generated/GetImageSetData.luac	proto=0	pc=3585	LOADN 60	debug=make_assets_1x	line=11	context=icons/menu/AR_frame
model_024/PatchRoot/DataModelInstances/CorePackages/Packages/Index/FoundationImages/FoundationImages/Generated/GetImageSetData.luac	proto=0	pc=3597	LOADN 60	debug=make_assets_1x	line=11	context=icons/menu/AR_frame
model_024/PatchRoot/DataModelInstances/CorePackages/Packages/Index/FoundationImages/FoundationImages/Generated/GetImageSetData.luac	proto=0	pc=3609	LOADN 60	debug=make_assets_1x	line=11	context=icons/menu/AR_frame
model_024/PatchRoot/DataModelInstances/CorePackages/Packages/Index/FoundationImages/FoundationImages/Generated/GetImageSetData.luac	proto=0	pc=3621	LOADN 60	debug=make_assets_1x	line=11	context=icons/menu/AR_frame
model_024/PatchRoot/DataModelInstances/CorePackages/Packages/Index/FoundationImages/FoundationImages/Generated/GetImageSetData.luac	proto=0	pc=3633	LOADN 60	debug=make_assets_1x	line=11	context=icons/menu/AR_frame
model_024/PatchRoot/DataModelInstances/CorePackages/Packages/Index/FoundationImages/FoundationImages/Generated/GetImageSetData.luac	proto=0	pc=3645	LOADN 60	debug=make_assets_1x	line=11	context=icons/menu/AR_frame
model_024/PatchRoot/DataModelInstances/CorePackages/Packages/Index/FoundationImages/FoundationImages/Generated/GetImageSetData.luac	proto=0	pc=3657	LOADN 60	debug=make_assets_1x	line=11	context=icons/menu/AR_frame
model_024/PatchRoot/DataModelInstances/CorePackages/Packages/Index/FoundationImages/FoundationImages/Generated/GetImageSetData.luac	proto=0	pc=3669	LOADN 60	debug=make_assets_1x	line=11	context=icons/menu/AR_frame
model_024/PatchRoot/DataModelInstances/CorePackages/Packages/Index/FoundationImages/FoundationImages/Generated/GetImageSetData.luac	proto=0	pc=3681	LOADN 60	debug=make_assets_1x	line=11	context=icons/menu/AR_frame
model_024/PatchRoot/DataModelInstances/CorePackages/Packages/Index/FoundationImages/FoundationImages/Generated/GetImageSetData.luac	proto=0	pc=3693	LOADN 60	debug=make_assets_1x	line=11	context=icons/menu/AR_frame
model_024/PatchRoot/DataModelInstances/CorePackages/Packages/Index/FoundationImages/FoundationImages/Generated/GetImageSetData.luac	proto=0	pc=3705	LOADN 60	debug=make_assets_1x	line=11	context=icons/menu/AR_frame
model_024/PatchRoot/DataModelInstances/CorePackages/Packages/Index/FoundationImages/FoundationImages/Generated/GetImageSetData.luac	proto=0	pc=3717	LOADN 60	debug=make_assets_1x	line=11	context=icons/menu/AR_frame
model_024/PatchRoot/DataModelInstances/CorePackages/Packages/Index/FoundationImages/FoundationImages/Generated/GetImageSetData.luac	proto=0	pc=3729	LOADN 60	debug=make_assets_1x	line=11	context=icons/menu/AR_frame
model_024/PatchRoot/DataModelInstances/CorePackages/Packages/Index/FoundationImages/FoundationImages/Generated/GetImageSetData.luac	proto=0	pc=4347	LOADN 60	debug=make_assets_1x	line=11	context=icons/menu/AR_frame
model_024/PatchRoot/DataModelInstances/CorePackages/Packages/Index/FoundationImages/FoundationImages/Generated/GetImageSetData.luac	proto=1	pc=268	LOADN 60	debug=make_assets_2x	line=432	context=icons/menu/AR_frame
model_024/PatchRoot/DataModelInstances/CorePackages/Packages/Index/FoundationImages/FoundationImages/Generated/GetImageSetData.luac	proto=1	pc=447	LOADN 60	debug=make_assets_2x	line=432	context=icons/menu/AR_frame
model_024/PatchRoot/DataModelInstances/CorePackages/Packages/Index/FoundationImages/FoundationImages/Generated/GetImageSetData.luac	proto=1	pc=476	LOADN 60	debug=make_assets_2x	line=432	context=icons/menu/AR_frame
model_024/PatchRoot/DataModelInstances/CorePackages/Packages/Index/FoundationImages/FoundationImages/Generated/GetImageSetData.luac	proto=1	pc=477	LOADN 60	debug=make_assets_2x	line=432	context=icons/menu/AR_frame
model_024/PatchRoot/DataModelInstances/CorePackages/Packages/Index/FoundationImages/FoundationImages/Generated/GetImageSetData.luac	proto=1	pc=999	LOADN 60	debug=make_assets_2x	line=432	context=icons/menu/AR_frame
model_024/PatchRoot/DataModelInstances/CorePackages/Packages/Index/FoundationImages/FoundationImages/Generated/GetImageSetData.luac	proto=1	pc=4023	LOADN 60	debug=make_assets_2x	line=432	context=icons/menu/AR_frame
model_024/PatchRoot/DataModelInstances/CorePackages/Packages/Index/FoundationImages/FoundationImages/Generated/GetImageSetData.luac	proto=1	pc=4976	LOADN 60	debug=make_assets_2x	line=432	context=icons/menu/AR_frame
model_024/PatchRoot/DataModelInstances/CorePackages/Packages/Index/FoundationImages/FoundationImages/Generated/GetImageSetData.luac	proto=1	pc=4977	LOADN 60	debug=make_assets_2x	line=432	context=icons/menu/AR_frame
model_024/PatchRoot/DataModelInstances/CorePackages/Packages/Index/RbxDesignFoundations-31ab8d40-3.0.5/RbxDesignFoundations/tokens/Dark.luac	proto=0	pc=884	LOADN 60	debug=	line=1	context=RateCount | CheckFrame | IconFrame | TextFrame | Interval
model_024/PatchRoot/DataModelInstances/CorePackages/Packages/Index/RbxDesignFoundations-31ab8d40-3.0.5/RbxDesignFoundations/tokens/Dark.luac	proto=0	pc=998	LOADN 60	debug=	line=1	context=RateCount | CheckFrame | IconFrame | TextFrame | Interval
model_024/PatchRoot/DataModelInstances/CorePackages/Packages/Index/RbxDesignFoundations-31ab8d40-3.0.5/RbxDesignFoundations/tokens/Dark.luac	proto=0	pc=6067	LOADN 60	debug=	line=1	context=RateCount | CheckFrame | IconFrame | TextFrame | Interval
model_024/PatchRoot/DataModelInstances/CorePackages/Packages/Index/RbxDesignFoundations-31ab8d40-3.0.5/RbxDesignFoundations/tokens/Light.luac	proto=0	pc=884	LOADN 60	debug=	line=1	context=RateCount | CheckFrame | IconFrame | TextFrame | Interval
model_024/PatchRoot/DataModelInstances/CorePackages/Packages/Index/RbxDesignFoundations-31ab8d40-3.0.5/RbxDesignFoundations/tokens/Light.luac	proto=0	pc=998	LOADN 60	debug=	line=1	context=RateCount | CheckFrame | IconFrame | TextFrame | Interval
model_024/PatchRoot/DataModelInstances/CorePackages/Packages/Index/RbxDesignFoundations-31ab8d40-3.0.5/RbxDesignFoundations/tokens/Light.luac	proto=0	pc=6067	LOADN 60	debug=	line=1	context=RateCount | CheckFrame | IconFrame | TextFrame | Interval
model_024/PatchRoot/DataModelInstances/CorePackages/Packages/Index/RbxDesignFoundations-31ab8d40-4.0.7/RbxDesignFoundations/CircuitRush/Dark.luac	proto=0	pc=884	LOADN 60	debug=	line=1	context=RateCount | CheckFrame | IconFrame | TextFrame | Interval
model_024/PatchRoot/DataModelInstances/CorePackages/Packages/Index/RbxDesignFoundations-31ab8d40-4.0.7/RbxDesignFoundations/CircuitRush/Dark.luac	proto=0	pc=998	LOADN 60	debug=	line=1	context=RateCount | CheckFrame | IconFrame | TextFrame | Interval
model_024/PatchRoot/DataModelInstances/CorePackages/Packages/Index/RbxDesignFoundations-31ab8d40-4.0.7/RbxDesignFoundations/CircuitRush/Dark.luac	proto=0	pc=3755	LOADN 60	debug=	line=1	context=RateCount | CheckFrame | IconFrame | TextFrame | Interval
model_024/PatchRoot/DataModelInstances/CorePackages/Packages/Index/RbxDesignFoundations-31ab8d40-4.0.7/RbxDesignFoundations/CircuitRush/Dark.luac	proto=0	pc=4001	LOADN 60	debug=	line=1	context=RateCount | CheckFrame | IconFrame | TextFrame | Interval
model_024/PatchRoot/DataModelInstances/CorePackages/Packages/Index/RbxDesignFoundations-31ab8d40-4.0.7/RbxDesignFoundations/CircuitRush/Dark.luac	proto=0	pc=6080	LOADN 60	debug=	line=1	context=RateCount | CheckFrame | IconFrame | TextFrame | Interval
model_024/PatchRoot/DataModelInstances/CorePackages/Packages/Index/RbxDesignFoundations-31ab8d40-4.0.7/RbxDesignFoundations/CircuitRush/Light.luac	proto=0	pc=884	LOADN 60	debug=	line=1	context=RateCount | CheckFrame | IconFrame | TextFrame | Interval
model_024/PatchRoot/DataModelInstances/CorePackages/Packages/Index/RbxDesignFoundations-31ab8d40-4.0.7/RbxDesignFoundations/CircuitRush/Light.luac	proto=0	pc=998	LOADN 60	debug=	line=1	context=RateCount | CheckFrame | IconFrame | TextFrame | Interval
model_024/PatchRoot/DataModelInstances/CorePackages/Packages/Index/RbxDesignFoundations-31ab8d40-4.0.7/RbxDesignFoundations/CircuitRush/Light.luac	proto=0	pc=3755	LOADN 60	debug=	line=1	context=RateCount | CheckFrame | IconFrame | TextFrame | Interval
model_024/PatchRoot/DataModelInstances/CorePackages/Packages/Index/RbxDesignFoundations-31ab8d40-4.0.7/RbxDesignFoundations/CircuitRush/Light.luac	proto=0	pc=4001	LOADN 60	debug=	line=1	context=RateCount | CheckFrame | IconFrame | TextFrame | Interval
model_024/PatchRoot/DataModelInstances/CorePackages/Packages/Index/RbxDesignFoundations-31ab8d40-4.0.7/RbxDesignFoundations/CircuitRush/Light.luac	proto=0	pc=6080	LOADN 60	debug=	line=1	context=RateCount | CheckFrame | IconFrame | TextFrame | Interval
model_024/PatchRoot/DataModelInstances/CorePackages/Packages/Index/RbxDesignFoundations-31ab8d40-4.0.7/RbxDesignFoundations/Classic/Dark.luac	proto=0	pc=884	LOADN 60	debug=	line=1	context=RateCount | CheckFrame | IconFrame | TextFrame | Interval
model_024/PatchRoot/DataModelInstances/CorePackages/Packages/Index/RbxDesignFoundations-31ab8d40-4.0.7/RbxDesignFoundations/Classic/Dark.luac	proto=0	pc=998	LOADN 60	debug=	line=1	context=RateCount | CheckFrame | IconFrame | TextFrame | Interval
model_024/PatchRoot/DataModelInstances/CorePackages/Packages/Index/RbxDesignFoundations-31ab8d40-4.0.7/RbxDesignFoundations/Classic/Dark.luac	proto=0	pc=6080	LOADN 60	debug=	line=1	context=RateCount | CheckFrame | IconFrame | TextFrame | Interval
model_024/PatchRoot/DataModelInstances/CorePackages/Packages/Index/RbxDesignFoundations-31ab8d40-4.0.7/RbxDesignFoundations/Classic/Light.luac	proto=0	pc=884	LOADN 60	debug=	line=1	context=RateCount | CheckFrame | IconFrame | TextFrame | Interval
model_024/PatchRoot/DataModelInstances/CorePackages/Packages/Index/RbxDesignFoundations-31ab8d40-4.0.7/RbxDesignFoundations/Classic/Light.luac	proto=0	pc=998	LOADN 60	debug=	line=1	context=RateCount | CheckFrame | IconFrame | TextFrame | Interval
model_024/PatchRoot/DataModelInstances/CorePackages/Packages/Index/RbxDesignFoundations-31ab8d40-4.0.7/RbxDesignFoundations/Classic/Light.luac	proto=0	pc=6080	LOADN 60	debug=	line=1	context=RateCount | CheckFrame | IconFrame | TextFrame | Interval
model_024/PatchRoot/DataModelInstances/CorePackages/Packages/Index/RbxDesignFoundations-31ab8d40-4.0.7/RbxDesignFoundations/CosmicDust/Dark.luac	proto=0	pc=884	LOADN 60	debug=	line=1	context=RateCount | CheckFrame | IconFrame | TextFrame | Interval
model_024/PatchRoot/DataModelInstances/CorePackages/Packages/Index/RbxDesignFoundations-31ab8d40-4.0.7/RbxDesignFoundations/CosmicDust/Dark.luac	proto=0	pc=998	LOADN 60	debug=	line=1	context=RateCount | CheckFrame | IconFrame | TextFrame | Interval
model_024/PatchRoot/DataModelInstances/CorePackages/Packages/Index/RbxDesignFoundations-31ab8d40-4.0.7/RbxDesignFoundations/CosmicDust/Dark.luac	proto=0	pc=3755	LOADN 60	debug=	line=1	context=RateCount | CheckFrame | IconFrame | TextFrame | Interval
model_024/PatchRoot/DataModelInstances/CorePackages/Packages/Index/RbxDesignFoundations-31ab8d40-4.0.7/RbxDesignFoundations/CosmicDust/Dark.luac	proto=0	pc=4001	LOADN 60	debug=	line=1	context=RateCount | CheckFrame | IconFrame | TextFrame | Interval
model_024/PatchRoot/DataModelInstances/CorePackages/Packages/Index/RbxDesignFoundations-31ab8d40-4.0.7/RbxDesignFoundations/CosmicDust/Dark.luac	proto=0	pc=6080	LOADN 60	debug=	line=1	context=RateCount | CheckFrame | IconFrame | TextFrame | Interval
model_024/PatchRoot/DataModelInstances/CorePackages/Packages/Index/RbxDesignFoundations-31ab8d40-4.0.7/RbxDesignFoundations/CosmicDust/Light.luac	proto=0	pc=884	LOADN 60	debug=	line=1	context=RateCount | CheckFrame | IconFrame | TextFrame | Interval
model_024/PatchRoot/DataModelInstances/CorePackages/Packages/Index/RbxDesignFoundations-31ab8d40-4.0.7/RbxDesignFoundations/CosmicDust/Light.luac	proto=0	pc=998	LOADN 60	debug=	line=1	context=RateCount | CheckFrame | IconFrame | TextFrame | Interval
model_024/PatchRoot/DataModelInstances/CorePackages/Packages/Index/RbxDesignFoundations-31ab8d40-4.0.7/RbxDesignFoundations/CosmicDust/Light.luac	proto=0	pc=3755	LOADN 60	debug=	line=1	context=RateCount | CheckFrame | IconFrame | TextFrame | Interval
model_024/PatchRoot/DataModelInstances/CorePackages/Packages/Index/RbxDesignFoundations-31ab8d40-4.0.7/RbxDesignFoundations/CosmicDust/Light.luac	proto=0	pc=4001	LOADN 60	debug=	line=1	context=RateCount | CheckFrame | IconFrame | TextFrame | Interval
model_024/PatchRoot/DataModelInstances/CorePackages/Packages/Index/RbxDesignFoundations-31ab8d40-4.0.7/RbxDesignFoundations/CosmicDust/Light.luac	proto=0	pc=6080	LOADN 60	debug=	line=1	context=RateCount | CheckFrame | IconFrame | TextFrame | Interval
model_024/PatchRoot/DataModelInstances/CorePackages/Packages/Index/RbxDesignFoundations-31ab8d40-4.0.7/RbxDesignFoundations/Default/Dark.luac	proto=0	pc=884	LOADN 60	debug=	line=1	context=RateCount | CheckFrame | IconFrame | TextFrame | Interval
model_024/PatchRoot/DataModelInstances/CorePackages/Packages/Index/RbxDesignFoundations-31ab8d40-4.0.7/RbxDesignFoundations/Default/Dark.luac	proto=0	pc=998	LOADN 60	debug=	line=1	context=RateCount | CheckFrame | IconFrame | TextFrame | Interval
model_024/PatchRoot/DataModelInstances/CorePackages/Packages/Index/RbxDesignFoundations-31ab8d40-4.0.7/RbxDesignFoundations/Default/Dark.luac	proto=0	pc=3755	LOADN 60	debug=	line=1	context=RateCount | CheckFrame | IconFrame | TextFrame | Interval
model_024/PatchRoot/DataModelInstances/CorePackages/Packages/Index/RbxDesignFoundations-31ab8d40-4.0.7/RbxDesignFoundations/Default/Dark.luac	proto=0	pc=4001	LOADN 60	debug=	line=1	context=RateCount | CheckFrame | IconFrame | TextFrame | Interval
model_024/PatchRoot/DataModelInstances/CorePackages/Packages/Index/RbxDesignFoundations-31ab8d40-4.0.7/RbxDesignFoundations/Default/Dark.luac	proto=0	pc=6080	LOADN 60	debug=	line=1	context=RateCount | CheckFrame | IconFrame | TextFrame | Interval
model_024/PatchRoot/DataModelInstances/CorePackages/Packages/Index/RbxDesignFoundations-31ab8d40-4.0.7/RbxDesignFoundations/Default/Light.luac	proto=0	pc=884	LOADN 60	debug=	line=1	context=RateCount | CheckFrame | IconFrame | TextFrame | Interval
model_024/PatchRoot/DataModelInstances/CorePackages/Packages/Index/RbxDesignFoundations-31ab8d40-4.0.7/RbxDesignFoundations/Default/Light.luac	proto=0	pc=998	LOADN 60	debug=	line=1	context=RateCount | CheckFrame | IconFrame | TextFrame | Interval
model_024/PatchRoot/DataModelInstances/CorePackages/Packages/Index/RbxDesignFoundations-31ab8d40-4.0.7/RbxDesignFoundations/Default/Light.luac	proto=0	pc=3755	LOADN 60	debug=	line=1	context=RateCount | CheckFrame | IconFrame | TextFrame | Interval
model_024/PatchRoot/DataModelInstances/CorePackages/Packages/Index/RbxDesignFoundations-31ab8d40-4.0.7/RbxDesignFoundations/Default/Light.luac	proto=0	pc=4001	LOADN 60	debug=	line=1	context=RateCount | CheckFrame | IconFrame | TextFrame | Interval
model_024/PatchRoot/DataModelInstances/CorePackages/Packages/Index/RbxDesignFoundations-31ab8d40-4.0.7/RbxDesignFoundations/Default/Light.luac	proto=0	pc=6080	LOADN 60	debug=	line=1	context=RateCount | CheckFrame | IconFrame | TextFrame | Interval
model_024/PatchRoot/DataModelInstances/CorePackages/Packages/Index/RbxDesignFoundations-31ab8d40-4.0.7/RbxDesignFoundations/ElectricLime/Dark.luac	proto=0	pc=884	LOADN 60	debug=	line=1	context=RateCount | CheckFrame | IconFrame | TextFrame | Interval
model_024/PatchRoot/DataModelInstances/CorePackages/Packages/Index/RbxDesignFoundations-31ab8d40-4.0.7/RbxDesignFoundations/ElectricLime/Dark.luac	proto=0	pc=998	LOADN 60	debug=	line=1	context=RateCount | CheckFrame | IconFrame | TextFrame | Interval
model_024/PatchRoot/DataModelInstances/CorePackages/Packages/Index/RbxDesignFoundations-31ab8d40-4.0.7/RbxDesignFoundations/ElectricLime/Dark.luac	proto=0	pc=1734	LOADN 60	debug=	line=1	context=RateCount | CheckFrame | IconFrame | TextFrame | Interval
model_024/PatchRoot/DataModelInstances/CorePackages/Packages/Index/RbxDesignFoundations-31ab8d40-4.0.7/RbxDesignFoundations/ElectricLime/Dark.luac	proto=0	pc=1872	LOADN 60	debug=	line=1	context=RateCount | CheckFrame | IconFrame | TextFrame | Interval
model_024/PatchRoot/DataModelInstances/CorePackages/Packages/Index/RbxDesignFoundations-31ab8d40-4.0.7/RbxDesignFoundations/ElectricLime/Dark.luac	proto=0	pc=2441	LOADN 60	debug=	line=1	context=RateCount | CheckFrame | IconFrame | TextFrame | Interval
model_024/PatchRoot/DataModelInstances/CorePackages/Packages/Index/RbxDesignFoundations-31ab8d40-4.0.7/RbxDesignFoundations/ElectricLime/Dark.luac	proto=0	pc=2612	LOADN 60	debug=	line=1	context=RateCount | CheckFrame | IconFrame | TextFrame | Interval
model_024/PatchRoot/DataModelInstances/CorePackages/Packages/Index/RbxDesignFoundations-31ab8d40-4.0.7/RbxDesignFoundations/ElectricLime/Dark.luac	proto=0	pc=2632	LOADN 60	debug=	line=1	context=RateCount | CheckFrame | IconFrame | TextFrame | Interval
model_024/PatchRoot/DataModelInstances/CorePackages/Packages/Index/RbxDesignFoundations-31ab8d40-4.0.7/RbxDesignFoundations/ElectricLime/Dark.luac	proto=0	pc=2652	LOADN 60	debug=	line=1	context=RateCount | CheckFrame | IconFrame | TextFrame | Interval
model_024/PatchRoot/DataModelInstances/CorePackages/Packages/Index/RbxDesignFoundations-31ab8d40-4.0.7/RbxDesignFoundations/ElectricLime/Dark.luac	proto=0	pc=2684	LOADN 60	debug=	line=1	context=RateCount | CheckFrame | IconFrame | TextFrame | Interval
model_024/PatchRoot/DataModelInstances/CorePackages/Packages/Index/RbxDesignFoundations-31ab8d40-4.0.7/RbxDesignFoundations/ElectricLime/Dark.luac	proto=0	pc=2704	LOADN 60	debug=	line=1	context=RateCount | CheckFrame | IconFrame | TextFrame | Interval
model_024/PatchRoot/DataModelInstances/CorePackages/Packages/Index/RbxDesignFoundations-31ab8d40-4.0.7/RbxDesignFoundations/ElectricLime/Dark.luac	proto=0	pc=2724	LOADN 60	debug=	line=1	context=RateCount | CheckFrame | IconFrame | TextFrame | Interval
model_024/PatchRoot/DataModelInstances/CorePackages/Packages/Index/RbxDesignFoundations-31ab8d40-4.0.7/RbxDesignFoundations/ElectricLime/Dark.luac	proto=0	pc=3462	LOADN 60	debug=	line=1	context=RateCount | CheckFrame | IconFrame | TextFrame | Interval
model_024/PatchRoot/DataModelInstances/CorePackages/Packages/Index/RbxDesignFoundations-31ab8d40-4.0.7/RbxDesignFoundations/ElectricLime/Dark.luac	proto=0	pc=3600	LOADN 60	debug=	line=1	context=RateCount | CheckFrame | IconFrame | TextFrame | Interval
model_024/PatchRoot/DataModelInstances/CorePackages/Packages/Index/RbxDesignFoundations-31ab8d40-4.0.7/RbxDesignFoundations/ElectricLime/Dark.luac	proto=0	pc=3755	LOADN 60	debug=	line=1	context=RateCount | CheckFrame | IconFrame | TextFrame | Interval
model_024/PatchRoot/DataModelInstances/CorePackages/Packages/Index/RbxDesignFoundations-31ab8d40-4.0.7/RbxDesignFoundations/ElectricLime/Dark.luac	proto=0	pc=4001	LOADN 60	debug=	line=1	context=RateCount | CheckFrame | IconFrame | TextFrame | Interval
model_024/PatchRoot/DataModelInstances/CorePackages/Packages/Index/RbxDesignFoundations-31ab8d40-4.0.7/RbxDesignFoundations/ElectricLime/Dark.luac	proto=0	pc=4234	LOADN 60	debug=	line=1	context=RateCount | CheckFrame | IconFrame | TextFrame | Interval
model_024/PatchRoot/DataModelInstances/CorePackages/Packages/Index/RbxDesignFoundations-31ab8d40-4.0.7/RbxDesignFoundations/ElectricLime/Dark.luac	proto=0	pc=4364	LOADN 60	debug=	line=1	context=RateCount | CheckFrame | IconFrame | TextFrame | Interval
model_024/PatchRoot/DataModelInstances/CorePackages/Packages/Index/RbxDesignFoundations-31ab8d40-4.0.7/RbxDesignFoundations/ElectricLime/Dark.luac	proto=0	pc=4476	LOADN 60	debug=	line=1	context=RateCount | CheckFrame | IconFrame | TextFrame | Interval
model_024/PatchRoot/DataModelInstances/CorePackages/Packages/Index/RbxDesignFoundations-31ab8d40-4.0.7/RbxDesignFoundations/ElectricLime/Dark.luac	proto=0	pc=4508	LOADN 60	debug=	line=1	context=RateCount | CheckFrame | IconFrame | TextFrame | Interval
model_024/PatchRoot/DataModelInstances/CorePackages/Packages/Index/RbxDesignFoundations-31ab8d40-4.0.7/RbxDesignFoundations/ElectricLime/Dark.luac	proto=0	pc=4612	LOADN 60	debug=	line=1	context=RateCount | CheckFrame | IconFrame | TextFrame | Interval
model_024/PatchRoot/DataModelInstances/CorePackages/Packages/Index/RbxDesignFoundations-31ab8d40-4.0.7/RbxDesignFoundations/ElectricLime/Dark.luac	proto=0	pc=4620	LOADN 60	debug=	line=1	context=RateCount | CheckFrame | IconFrame | TextFrame | Interval
model_024/PatchRoot/DataModelInstances/CorePackages/Packages/Index/RbxDesignFoundations-31ab8d40-4.0.7/RbxDesignFoundations/ElectricLime/Dark.luac	proto=0	pc=4628	LOADN 60	debug=	line=1	context=RateCount | CheckFrame | IconFrame | TextFrame | Interval
model_024/PatchRoot/DataModelInstances/CorePackages/Packages/Index/RbxDesignFoundations-31ab8d40-4.0.7/RbxDesignFoundations/ElectricLime/Dark.luac	proto=0	pc=4636	LOADN 60	debug=	line=1	context=RateCount | CheckFrame | IconFrame | TextFrame | Interval
model_024/PatchRoot/DataModelInstances/CorePackages/Packages/Index/RbxDesignFoundations-31ab8d40-4.0.7/RbxDesignFoundations/ElectricLime/Dark.luac	proto=0	pc=4646	LOADN 60	debug=	line=1	context=RateCount | CheckFrame | IconFrame | TextFrame | Interval
model_024/PatchRoot/DataModelInstances/CorePackages/Packages/Index/RbxDesignFoundations-31ab8d40-4.0.7/RbxDesignFoundations/ElectricLime/Dark.luac	proto=0	pc=4662	LOADN 60	debug=	line=1	context=RateCount | CheckFrame | IconFrame | TextFrame | Interval
model_024/PatchRoot/DataModelInstances/CorePackages/Packages/Index/RbxDesignFoundations-31ab8d40-4.0.7/RbxDesignFoundations/ElectricLime/Dark.luac	proto=0	pc=4672	LOADN 60	debug=	line=1	context=RateCount | CheckFrame | IconFrame | TextFrame | Interval
model_024/PatchRoot/DataModelInstances/CorePackages/Packages/Index/RbxDesignFoundations-31ab8d40-4.0.7/RbxDesignFoundations/ElectricLime/Dark.luac	proto=0	pc=4680	LOADN 60	debug=	line=1	context=RateCount | CheckFrame | IconFrame | TextFrame | Interval
model_024/PatchRoot/DataModelInstances/CorePackages/Packages/Index/RbxDesignFoundations-31ab8d40-4.0.7/RbxDesignFoundations/ElectricLime/Dark.luac	proto=0	pc=4688	LOADN 60	debug=	line=1	context=RateCount | CheckFrame | IconFrame | TextFrame | Interval
model_024/PatchRoot/DataModelInstances/CorePackages/Packages/Index/RbxDesignFoundations-31ab8d40-4.0.7/RbxDesignFoundations/ElectricLime/Dark.luac	proto=0	pc=4786	LOADN 60	debug=	line=1	context=RateCount | CheckFrame | IconFrame | TextFrame | Interval
model_024/PatchRoot/DataModelInstances/CorePackages/Packages/Index/RbxDesignFoundations-31ab8d40-4.0.7/RbxDesignFoundations/ElectricLime/Dark.luac	proto=0	pc=4916	LOADN 60	debug=	line=1	context=RateCount | CheckFrame | IconFrame | TextFrame | Interval
model_024/PatchRoot/DataModelInstances/CorePackages/Packages/Index/RbxDesignFoundations-31ab8d40-4.0.7/RbxDesignFoundations/ElectricLime/Dark.luac	proto=0	pc=5028	LOADN 60	debug=	line=1	context=RateCount | CheckFrame | IconFrame | TextFrame | Interval
model_024/PatchRoot/DataModelInstances/CorePackages/Packages/Index/RbxDesignFoundations-31ab8d40-4.0.7/RbxDesignFoundations/ElectricLime/Dark.luac	proto=0	pc=5060	LOADN 60	debug=	line=1	context=RateCount | CheckFrame | IconFrame | TextFrame | Interval
model_024/PatchRoot/DataModelInstances/CorePackages/Packages/Index/RbxDesignFoundations-31ab8d40-4.0.7/RbxDesignFoundations/ElectricLime/Dark.luac	proto=0	pc=5164	LOADN 60	debug=	line=1	context=RateCount | CheckFrame | IconFrame | TextFrame | Interval
model_024/PatchRoot/DataModelInstances/CorePackages/Packages/Index/RbxDesignFoundations-31ab8d40-4.0.7/RbxDesignFoundations/ElectricLime/Dark.luac	proto=0	pc=5172	LOADN 60	debug=	line=1	context=RateCount | CheckFrame | IconFrame | TextFrame | Interval
model_024/PatchRoot/DataModelInstances/CorePackages/Packages/Index/RbxDesignFoundations-31ab8d40-4.0.7/RbxDesignFoundations/ElectricLime/Dark.luac	proto=0	pc=5180	LOADN 60	debug=	line=1	context=RateCount | CheckFrame | IconFrame | TextFrame | Interval
model_024/PatchRoot/DataModelInstances/CorePackages/Packages/Index/RbxDesignFoundations-31ab8d40-4.0.7/RbxDesignFoundations/ElectricLime/Dark.luac	proto=0	pc=5188	LOADN 60	debug=	line=1	context=RateCount | CheckFrame | IconFrame | TextFrame | Interval
model_024/PatchRoot/DataModelInstances/CorePackages/Packages/Index/RbxDesignFoundations-31ab8d40-4.0.7/RbxDesignFoundations/ElectricLime/Dark.luac	proto=0	pc=5198	LOADN 60	debug=	line=1	context=RateCount | CheckFrame | IconFrame | TextFrame | Interval
model_024/PatchRoot/DataModelInstances/CorePackages/Packages/Index/RbxDesignFoundations-31ab8d40-4.0.7/RbxDesignFoundations/ElectricLime/Dark.luac	proto=0	pc=5214	LOADN 60	debug=	line=1	context=RateCount | CheckFrame | IconFrame | TextFrame | Interval
model_024/PatchRoot/DataModelInstances/CorePackages/Packages/Index/RbxDesignFoundations-31ab8d40-4.0.7/RbxDesignFoundations/ElectricLime/Dark.luac	proto=0	pc=5224	LOADN 60	debug=	line=1	context=RateCount | CheckFrame | IconFrame | TextFrame | Interval
model_024/PatchRoot/DataModelInstances/CorePackages/Packages/Index/RbxDesignFoundations-31ab8d40-4.0.7/RbxDesignFoundations/ElectricLime/Dark.luac	proto=0	pc=5232	LOADN 60	debug=	line=1	context=RateCount | CheckFrame | IconFrame | TextFrame | Interval
model_024/PatchRoot/DataModelInstances/CorePackages/Packages/Index/RbxDesignFoundations-31ab8d40-4.0.7/RbxDesignFoundations/ElectricLime/Dark.luac	proto=0	pc=5240	LOADN 60	debug=	line=1	context=RateCount | CheckFrame | IconFrame | TextFrame | Interval
model_024/PatchRoot/DataModelInstances/CorePackages/Packages/Index/RbxDesignFoundations-31ab8d40-4.0.7/RbxDesignFoundations/ElectricLime/Dark.luac	proto=0	pc=5538	LOADN 60	debug=	line=1	context=RateCount | CheckFrame | IconFrame | TextFrame | Interval
model_024/PatchRoot/DataModelInstances/CorePackages/Packages/Index/RbxDesignFoundations-31ab8d40-4.0.7/RbxDesignFoundations/ElectricLime/Dark.luac	proto=0	pc=5572	LOADN 60	debug=	line=1	context=RateCount | CheckFrame | IconFrame | TextFrame | Interval
model_024/PatchRoot/DataModelInstances/CorePackages/Packages/Index/RbxDesignFoundations-31ab8d40-4.0.7/RbxDesignFoundations/ElectricLime/Dark.luac	proto=0	pc=5741	LOADN 60	debug=	line=1	context=RateCount | CheckFrame | IconFrame | TextFrame | Interval
model_024/PatchRoot/DataModelInstances/CorePackages/Packages/Index/RbxDesignFoundations-31ab8d40-4.0.7/RbxDesignFoundations/ElectricLime/Dark.luac	proto=0	pc=5749	LOADN 60	debug=	line=1	context=RateCount | CheckFrame | IconFrame | TextFrame | Interval
model_024/PatchRoot/DataModelInstances/CorePackages/Packages/Index/RbxDesignFoundations-31ab8d40-4.0.7/RbxDesignFoundations/ElectricLime/Dark.luac	proto=0	pc=5767	LOADN 60	debug=	line=1	context=RateCount | CheckFrame | IconFrame | TextFrame | Interval
model_024/PatchRoot/DataModelInstances/CorePackages/Packages/Index/RbxDesignFoundations-31ab8d40-4.0.7/RbxDesignFoundations/ElectricLime/Dark.luac	proto=0	pc=5775	LOADN 60	debug=	line=1	context=RateCount | CheckFrame | IconFrame | TextFrame | Interval
model_024/PatchRoot/DataModelInstances/CorePackages/Packages/Index/RbxDesignFoundations-31ab8d40-4.0.7/RbxDesignFoundations/ElectricLime/Dark.luac	proto=0	pc=6080	LOADN 60	debug=	line=1	context=RateCount | CheckFrame | IconFrame | TextFrame | Interval
model_024/PatchRoot/DataModelInstances/CorePackages/Packages/Index/RbxDesignFoundations-31ab8d40-4.0.7/RbxDesignFoundations/ElectricLime/Light.luac	proto=0	pc=6	LOADN 60	debug=	line=1	context=RateCount | CheckFrame | IconFrame | TextFrame | Interval
model_024/PatchRoot/DataModelInstances/CorePackages/Packages/Index/RbxDesignFoundations-31ab8d40-4.0.7/RbxDesignFoundations/ElectricLime/Light.luac	proto=0	pc=136	LOADN 60	debug=	line=1	context=RateCount | CheckFrame | IconFrame | TextFrame | Interval
model_024/PatchRoot/DataModelInstances/CorePackages/Packages/Index/RbxDesignFoundations-31ab8d40-4.0.7/RbxDesignFoundations/ElectricLime/Light.luac	proto=0	pc=248	LOADN 60	debug=	line=1	context=RateCount | CheckFrame | IconFrame | TextFrame | Interval
model_024/PatchRoot/DataModelInstances/CorePackages/Packages/Index/RbxDesignFoundations-31ab8d40-4.0.7/RbxDesignFoundations/ElectricLime/Light.luac	proto=0	pc=280	LOADN 60	debug=	line=1	context=RateCount | CheckFrame | IconFrame | TextFrame | Interval
model_024/PatchRoot/DataModelInstances/CorePackages/Packages/Index/RbxDesignFoundations-31ab8d40-4.0.7/RbxDesignFoundations/ElectricLime/Light.luac	proto=0	pc=884	LOADN 60	debug=	line=1	context=RateCount | CheckFrame | IconFrame | TextFrame | Interval
model_024/PatchRoot/DataModelInstances/CorePackages/Packages/Index/RbxDesignFoundations-31ab8d40-4.0.7/RbxDesignFoundations/ElectricLime/Light.luac	proto=0	pc=998	LOADN 60	debug=	line=1	context=RateCount | CheckFrame | IconFrame | TextFrame | Interval
model_024/PatchRoot/DataModelInstances/CorePackages/Packages/Index/RbxDesignFoundations-31ab8d40-4.0.7/RbxDesignFoundations/ElectricLime/Light.luac	proto=0	pc=1786	LOADN 60	debug=	line=1	context=RateCount | CheckFrame | IconFrame | TextFrame | Interval
model_024/PatchRoot/DataModelInstances/CorePackages/Packages/Index/RbxDesignFoundations-31ab8d40-4.0.7/RbxDesignFoundations/ElectricLime/Light.luac	proto=0	pc=1794	LOADN 60	debug=	line=1	context=RateCount | CheckFrame | IconFrame | TextFrame | Interval
model_024/PatchRoot/DataModelInstances/CorePackages/Packages/Index/RbxDesignFoundations-31ab8d40-4.0.7/RbxDesignFoundations/ElectricLime/Light.luac	proto=0	pc=1802	LOADN 60	debug=	line=1	context=RateCount | CheckFrame | IconFrame | TextFrame | Interval
model_024/PatchRoot/DataModelInstances/CorePackages/Packages/Index/RbxDesignFoundations-31ab8d40-4.0.7/RbxDesignFoundations/ElectricLime/Light.luac	proto=0	pc=1810	LOADN 60	debug=	line=1	context=RateCount | CheckFrame | IconFrame | TextFrame | Interval
model_024/PatchRoot/DataModelInstances/CorePackages/Packages/Index/RbxDesignFoundations-31ab8d40-4.0.7/RbxDesignFoundations/ElectricLime/Light.luac	proto=0	pc=1820	LOADN 60	debug=	line=1	context=RateCount | CheckFrame | IconFrame | TextFrame | Interval
model_024/PatchRoot/DataModelInstances/CorePackages/Packages/Index/RbxDesignFoundations-31ab8d40-4.0.7/RbxDesignFoundations/ElectricLime/Light.luac	proto=0	pc=1836	LOADN 60	debug=	line=1	context=RateCount | CheckFrame | IconFrame | TextFrame | Interval
model_024/PatchRoot/DataModelInstances/CorePackages/Packages/Index/RbxDesignFoundations-31ab8d40-4.0.7/RbxDesignFoundations/ElectricLime/Light.luac	proto=0	pc=1846	LOADN 60	debug=	line=1	context=RateCount | CheckFrame | IconFrame | TextFrame | Interval
model_024/PatchRoot/DataModelInstances/CorePackages/Packages/Index/RbxDesignFoundations-31ab8d40-4.0.7/RbxDesignFoundations/ElectricLime/Light.luac	proto=0	pc=1854	LOADN 60	debug=	line=1	context=RateCount | CheckFrame | IconFrame | TextFrame | Interval
model_024/PatchRoot/DataModelInstances/CorePackages/Packages/Index/RbxDesignFoundations-31ab8d40-4.0.7/RbxDesignFoundations/ElectricLime/Light.luac	proto=0	pc=1862	LOADN 60	debug=	line=1	context=RateCount | CheckFrame | IconFrame | TextFrame | Interval
model_024/PatchRoot/DataModelInstances/CorePackages/Packages/Index/RbxDesignFoundations-31ab8d40-4.0.7/RbxDesignFoundations/ElectricLime/Light.luac	proto=0	pc=1971	LOADN 60	debug=	line=1	context=RateCount | CheckFrame | IconFrame | TextFrame | Interval
model_024/PatchRoot/DataModelInstances/CorePackages/Packages/Index/RbxDesignFoundations-31ab8d40-4.0.7/RbxDesignFoundations/ElectricLime/Light.luac	proto=0	pc=2235	LOADN 60	debug=	line=1	context=RateCount | CheckFrame | IconFrame | TextFrame | Interval
model_024/PatchRoot/DataModelInstances/CorePackages/Packages/Index/RbxDesignFoundations-31ab8d40-4.0.7/RbxDesignFoundations/ElectricLime/Light.luac	proto=0	pc=2404	LOADN 60	debug=	line=1	context=RateCount | CheckFrame | IconFrame | TextFrame | Interval
model_024/PatchRoot/DataModelInstances/CorePackages/Packages/Index/RbxDesignFoundations-31ab8d40-4.0.7/RbxDesignFoundations/ElectricLime/Light.luac	proto=0	pc=2465	LOADN 60	debug=	line=1	context=RateCount | CheckFrame | IconFrame | TextFrame | Interval
model_024/PatchRoot/DataModelInstances/CorePackages/Packages/Index/RbxDesignFoundations-31ab8d40-4.0.7/RbxDesignFoundations/ElectricLime/Light.luac	proto=0	pc=2612	LOADN 60	debug=	line=1	context=RateCount | CheckFrame | IconFrame | TextFrame | Interval
model_024/PatchRoot/DataModelInstances/CorePackages/Packages/Index/RbxDesignFoundations-31ab8d40-4.0.7/RbxDesignFoundations/ElectricLime/Light.luac	proto=0	pc=2632	LOADN 60	debug=	line=1	context=RateCount | CheckFrame | IconFrame | TextFrame | Interval
model_024/PatchRoot/DataModelInstances/CorePackages/Packages/Index/RbxDesignFoundations-31ab8d40-4.0.7/RbxDesignFoundations/ElectricLime/Light.luac	proto=0	pc=2652	LOADN 60	debug=	line=1	context=RateCount | CheckFrame | IconFrame | TextFrame | Interval
model_024/PatchRoot/DataModelInstances/CorePackages/Packages/Index/RbxDesignFoundations-31ab8d40-4.0.7/RbxDesignFoundations/ElectricLime/Light.luac	proto=0	pc=2828	LOADN 60	debug=	line=1	context=RateCount | CheckFrame | IconFrame | TextFrame | Interval
model_024/PatchRoot/DataModelInstances/CorePackages/Packages/Index/RbxDesignFoundations-31ab8d40-4.0.7/RbxDesignFoundations/ElectricLime/Light.luac	proto=0	pc=2848	LOADN 60	debug=	line=1	context=RateCount | CheckFrame | IconFrame | TextFrame | Interval
model_024/PatchRoot/DataModelInstances/CorePackages/Packages/Index/RbxDesignFoundations-31ab8d40-4.0.7/RbxDesignFoundations/ElectricLime/Light.luac	proto=0	pc=2868	LOADN 60	debug=	line=1	context=RateCount | CheckFrame | IconFrame | TextFrame | Interval
model_024/PatchRoot/DataModelInstances/CorePackages/Packages/Index/RbxDesignFoundations-31ab8d40-4.0.7/RbxDesignFoundations/ElectricLime/Light.luac	proto=0	pc=2882	LOADN 60	debug=	line=1	context=RateCount | CheckFrame | IconFrame | TextFrame | Interval
model_024/PatchRoot/DataModelInstances/CorePackages/Packages/Index/RbxDesignFoundations-31ab8d40-4.0.7/RbxDesignFoundations/ElectricLime/Light.luac	proto=0	pc=2966	LOADN 60	debug=	line=1	context=RateCount | CheckFrame | IconFrame | TextFrame | Interval
model_024/PatchRoot/DataModelInstances/CorePackages/Packages/Index/RbxDesignFoundations-31ab8d40-4.0.7/RbxDesignFoundations/ElectricLime/Light.luac	proto=0	pc=3050	LOADN 60	debug=	line=1	context=RateCount | CheckFrame | IconFrame | TextFrame | Interval
model_024/PatchRoot/DataModelInstances/CorePackages/Packages/Index/RbxDesignFoundations-31ab8d40-4.0.7/RbxDesignFoundations/ElectricLime/Light.luac	proto=0	pc=3462	LOADN 60	debug=	line=1	context=RateCount | CheckFrame | IconFrame | TextFrame | Interval
model_024/PatchRoot/DataModelInstances/CorePackages/Packages/Index/RbxDesignFoundations-31ab8d40-4.0.7/RbxDesignFoundations/ElectricLime/Light.luac	proto=0	pc=3600	LOADN 60	debug=	line=1	context=RateCount | CheckFrame | IconFrame | TextFrame | Interval
model_024/PatchRoot/DataModelInstances/CorePackages/Packages/Index/RbxDesignFoundations-31ab8d40-4.0.7/RbxDesignFoundations/ElectricLime/Light.luac	proto=0	pc=3755	LOADN 60	debug=	line=1	context=RateCount | CheckFrame | IconFrame | TextFrame | Interval
model_024/PatchRoot/DataModelInstances/CorePackages/Packages/Index/RbxDesignFoundations-31ab8d40-4.0.7/RbxDesignFoundations/ElectricLime/Light.luac	proto=0	pc=4001	LOADN 60	debug=	line=1	context=RateCount | CheckFrame | IconFrame | TextFrame | Interval
model_024/PatchRoot/DataModelInstances/CorePackages/Packages/Index/RbxDesignFoundations-31ab8d40-4.0.7/RbxDesignFoundations/ElectricLime/Light.luac	proto=0	pc=4560	LOADN 60	debug=	line=1	context=RateCount | CheckFrame | IconFrame | TextFrame | Interval
model_024/PatchRoot/DataModelInstances/CorePackages/Packages/Index/RbxDesignFoundations-31ab8d40-4.0.7/RbxDesignFoundations/ElectricLime/Light.luac	proto=0	pc=4698	LOADN 60	debug=	line=1	context=RateCount | CheckFrame | IconFrame | TextFrame | Interval
model_024/PatchRoot/DataModelInstances/CorePackages/Packages/Index/RbxDesignFoundations-31ab8d40-4.0.7/RbxDesignFoundations/ElectricLime/Light.luac	proto=0	pc=4786	LOADN 60	debug=	line=1	context=RateCount | CheckFrame | IconFrame | TextFrame | Interval
model_024/PatchRoot/DataModelInstances/CorePackages/Packages/Index/RbxDesignFoundations-31ab8d40-4.0.7/RbxDesignFoundations/ElectricLime/Light.luac	proto=0	pc=4916	LOADN 60	debug=	line=1	context=RateCount | CheckFrame | IconFrame | TextFrame | Interval
model_024/PatchRoot/DataModelInstances/CorePackages/Packages/Index/RbxDesignFoundations-31ab8d40-4.0.7/RbxDesignFoundations/ElectricLime/Light.luac	proto=0	pc=5028	LOADN 60	debug=	line=1	context=RateCount | CheckFrame | IconFrame | TextFrame | Interval
model_024/PatchRoot/DataModelInstances/CorePackages/Packages/Index/RbxDesignFoundations-31ab8d40-4.0.7/RbxDesignFoundations/ElectricLime/Light.luac	proto=0	pc=5060	LOADN 60	debug=	line=1	context=RateCount | CheckFrame | IconFrame | TextFrame | Interval
model_024/PatchRoot/DataModelInstances/CorePackages/Packages/Index/RbxDesignFoundations-31ab8d40-4.0.7/RbxDesignFoundations/ElectricLime/Light.luac	proto=0	pc=5164	LOADN 60	debug=	line=1	context=RateCount | CheckFrame | IconFrame | TextFrame | Interval
model_024/PatchRoot/DataModelInstances/CorePackages/Packages/Index/RbxDesignFoundations-31ab8d40-4.0.7/RbxDesignFoundations/ElectricLime/Light.luac	proto=0	pc=5172	LOADN 60	debug=	line=1	context=RateCount | CheckFrame | IconFrame | TextFrame | Interval
model_024/PatchRoot/DataModelInstances/CorePackages/Packages/Index/RbxDesignFoundations-31ab8d40-4.0.7/RbxDesignFoundations/ElectricLime/Light.luac	proto=0	pc=5180	LOADN 60	debug=	line=1	context=RateCount | CheckFrame | IconFrame | TextFrame | Interval
model_024/PatchRoot/DataModelInstances/CorePackages/Packages/Index/RbxDesignFoundations-31ab8d40-4.0.7/RbxDesignFoundations/ElectricLime/Light.luac	proto=0	pc=5188	LOADN 60	debug=	line=1	context=RateCount | CheckFrame | IconFrame | TextFrame | Interval
model_024/PatchRoot/DataModelInstances/CorePackages/Packages/Index/RbxDesignFoundations-31ab8d40-4.0.7/RbxDesignFoundations/ElectricLime/Light.luac	proto=0	pc=5198	LOADN 60	debug=	line=1	context=RateCount | CheckFrame | IconFrame | TextFrame | Interval
model_024/PatchRoot/DataModelInstances/CorePackages/Packages/Index/RbxDesignFoundations-31ab8d40-4.0.7/RbxDesignFoundations/ElectricLime/Light.luac	proto=0	pc=5214	LOADN 60	debug=	line=1	context=RateCount | CheckFrame | IconFrame | TextFrame | Interval
model_024/PatchRoot/DataModelInstances/CorePackages/Packages/Index/RbxDesignFoundations-31ab8d40-4.0.7/RbxDesignFoundations/ElectricLime/Light.luac	proto=0	pc=5224	LOADN 60	debug=	line=1	context=RateCount | CheckFrame | IconFrame | TextFrame | Interval
model_024/PatchRoot/DataModelInstances/CorePackages/Packages/Index/RbxDesignFoundations-31ab8d40-4.0.7/RbxDesignFoundations/ElectricLime/Light.luac	proto=0	pc=5232	LOADN 60	debug=	line=1	context=RateCount | CheckFrame | IconFrame | TextFrame | Interval
model_024/PatchRoot/DataModelInstances/CorePackages/Packages/Index/RbxDesignFoundations-31ab8d40-4.0.7/RbxDesignFoundations/ElectricLime/Light.luac	proto=0	pc=5240	LOADN 60	debug=	line=1	context=RateCount | CheckFrame | IconFrame | TextFrame | Interval
model_024/PatchRoot/DataModelInstances/CorePackages/Packages/Index/RbxDesignFoundations-31ab8d40-4.0.7/RbxDesignFoundations/ElectricLime/Light.luac	proto=0	pc=5399	LOADN 60	debug=	line=1	context=RateCount | CheckFrame | IconFrame | TextFrame | Interval
model_024/PatchRoot/DataModelInstances/CorePackages/Packages/Index/RbxDesignFoundations-31ab8d40-4.0.7/RbxDesignFoundations/ElectricLime/Light.luac	proto=0	pc=5554	LOADN 60	debug=	line=1	context=RateCount | CheckFrame | IconFrame | TextFrame | Interval
model_024/PatchRoot/DataModelInstances/CorePackages/Packages/Index/RbxDesignFoundations-31ab8d40-4.0.7/RbxDesignFoundations/ElectricLime/Light.luac	proto=0	pc=5562	LOADN 60	debug=	line=1	context=RateCount | CheckFrame | IconFrame | TextFrame | Interval
model_024/PatchRoot/DataModelInstances/CorePackages/Packages/Index/RbxDesignFoundations-31ab8d40-4.0.7/RbxDesignFoundations/ElectricLime/Light.luac	proto=0	pc=5614	LOADN 60	debug=	line=1	context=RateCount | CheckFrame | IconFrame | TextFrame | Interval
model_024/PatchRoot/DataModelInstances/CorePackages/Packages/Index/RbxDesignFoundations-31ab8d40-4.0.7/RbxDesignFoundations/ElectricLime/Light.luac	proto=0	pc=5662	LOADN 60	debug=	line=1	context=RateCount | CheckFrame | IconFrame | TextFrame | Interval
model_024/PatchRoot/DataModelInstances/CorePackages/Packages/Index/RbxDesignFoundations-31ab8d40-4.0.7/RbxDesignFoundations/ElectricLime/Light.luac	proto=0	pc=5741	LOADN 60	debug=	line=1	context=RateCount | CheckFrame | IconFrame | TextFrame | Interval
model_024/PatchRoot/DataModelInstances/CorePackages/Packages/Index/RbxDesignFoundations-31ab8d40-4.0.7/RbxDesignFoundations/ElectricLime/Light.luac	proto=0	pc=5749	LOADN 60	debug=	line=1	context=RateCount | CheckFrame | IconFrame | TextFrame | Interval
model_024/PatchRoot/DataModelInstances/CorePackages/Packages/Index/RbxDesignFoundations-31ab8d40-4.0.7/RbxDesignFoundations/ElectricLime/Light.luac	proto=0	pc=5819	LOADN 60	debug=	line=1	context=RateCount | CheckFrame | IconFrame | TextFrame | Interval
model_024/PatchRoot/DataModelInstances/CorePackages/Packages/Index/RbxDesignFoundations-31ab8d40-4.0.7/RbxDesignFoundations/ElectricLime/Light.luac	proto=0	pc=5827	LOADN 60	debug=	line=1	context=RateCount | CheckFrame | IconFrame | TextFrame | Interval
model_024/PatchRoot/DataModelInstances/CorePackages/Packages/Index/RbxDesignFoundations-31ab8d40-4.0.7/RbxDesignFoundations/ElectricLime/Light.luac	proto=0	pc=5880	LOADN 60	debug=	line=1	context=RateCount | CheckFrame | IconFrame | TextFrame | Interval
model_024/PatchRoot/DataModelInstances/CorePackages/Packages/Index/RbxDesignFoundations-31ab8d40-4.0.7/RbxDesignFoundations/ElectricLime/Light.luac	proto=0	pc=5888	LOADN 60	debug=	line=1	context=RateCount | CheckFrame | IconFrame | TextFrame | Interval
model_024/PatchRoot/DataModelInstances/CorePackages/Packages/Index/RbxDesignFoundations-31ab8d40-4.0.7/RbxDesignFoundations/ElectricLime/Light.luac	proto=0	pc=5896	LOADN 60	debug=	line=1	context=RateCount | CheckFrame | IconFrame | TextFrame | Interval
model_024/PatchRoot/DataModelInstances/CorePackages/Packages/Index/RbxDesignFoundations-31ab8d40-4.0.7/RbxDesignFoundations/ElectricLime/Light.luac	proto=0	pc=6080	LOADN 60	debug=	line=1	context=RateCount | CheckFrame | IconFrame | TextFrame | Interval
model_024/PatchRoot/DataModelInstances/CorePackages/Packages/Index/RbxDesignFoundations-31ab8d40-4.0.7/RbxDesignFoundations/HyperPlum/Dark.luac	proto=0	pc=884	LOADN 60	debug=	line=1	context=RateCount | CheckFrame | IconFrame | TextFrame | Interval
model_024/PatchRoot/DataModelInstances/CorePackages/Packages/Index/RbxDesignFoundations-31ab8d40-4.0.7/RbxDesignFoundations/HyperPlum/Dark.luac	proto=0	pc=998	LOADN 60	debug=	line=1	context=RateCount | CheckFrame | IconFrame | TextFrame | Interval
model_024/PatchRoot/DataModelInstances/CorePackages/Packages/Index/RbxDesignFoundations-31ab8d40-4.0.7/RbxDesignFoundations/HyperPlum/Dark.luac	proto=0	pc=3755	LOADN 60	debug=	line=1	context=RateCount | CheckFrame | IconFrame | TextFrame | Interval
model_024/PatchRoot/DataModelInstances/CorePackages/Packages/Index/RbxDesignFoundations-31ab8d40-4.0.7/RbxDesignFoundations/HyperPlum/Dark.luac	proto=0	pc=4001	LOADN 60	debug=	line=1	context=RateCount | CheckFrame | IconFrame | TextFrame | Interval
model_024/PatchRoot/DataModelInstances/CorePackages/Packages/Index/RbxDesignFoundations-31ab8d40-4.0.7/RbxDesignFoundations/HyperPlum/Dark.luac	proto=0	pc=6080	LOADN 60	debug=	line=1	context=RateCount | CheckFrame | IconFrame | TextFrame | Interval
model_024/PatchRoot/DataModelInstances/CorePackages/Packages/Index/RbxDesignFoundations-31ab8d40-4.0.7/RbxDesignFoundations/HyperPlum/Light.luac	proto=0	pc=884	LOADN 60	debug=	line=1	context=RateCount | CheckFrame | IconFrame | TextFrame | Interval
model_024/PatchRoot/DataModelInstances/CorePackages/Packages/Index/RbxDesignFoundations-31ab8d40-4.0.7/RbxDesignFoundations/HyperPlum/Light.luac	proto=0	pc=998	LOADN 60	debug=	line=1	context=RateCount | CheckFrame | IconFrame | TextFrame | Interval
model_024/PatchRoot/DataModelInstances/CorePackages/Packages/Index/RbxDesignFoundations-31ab8d40-4.0.7/RbxDesignFoundations/HyperPlum/Light.luac	proto=0	pc=3755	LOADN 60	debug=	line=1	context=RateCount | CheckFrame | IconFrame | TextFrame | Interval
model_024/PatchRoot/DataModelInstances/CorePackages/Packages/Index/RbxDesignFoundations-31ab8d40-4.0.7/RbxDesignFoundations/HyperPlum/Light.luac	proto=0	pc=4001	LOADN 60	debug=	line=1	context=RateCount | CheckFrame | IconFrame | TextFrame | Interval
model_024/PatchRoot/DataModelInstances/CorePackages/Packages/Index/RbxDesignFoundations-31ab8d40-4.0.7/RbxDesignFoundations/HyperPlum/Light.luac	proto=0	pc=6080	LOADN 60	debug=	line=1	context=RateCount | CheckFrame | IconFrame | TextFrame | Interval
model_024/PatchRoot/DataModelInstances/CorePackages/Packages/Index/RbxDesignFoundations-31ab8d40-4.0.7/RbxDesignFoundations/InfernoBlast/Dark.luac	proto=0	pc=884	LOADN 60	debug=	line=1	context=RateCount | CheckFrame | IconFrame | TextFrame | Interval
model_024/PatchRoot/DataModelInstances/CorePackages/Packages/Index/RbxDesignFoundations-31ab8d40-4.0.7/RbxDesignFoundations/InfernoBlast/Dark.luac	proto=0	pc=998	LOADN 60	debug=	line=1	context=RateCount | CheckFrame | IconFrame | TextFrame | Interval
model_024/PatchRoot/DataModelInstances/CorePackages/Packages/Index/RbxDesignFoundations-31ab8d40-4.0.7/RbxDesignFoundations/InfernoBlast/Dark.luac	proto=0	pc=3755	LOADN 60	debug=	line=1	context=RateCount | CheckFrame | IconFrame | TextFrame | Interval
model_024/PatchRoot/DataModelInstances/CorePackages/Packages/Index/RbxDesignFoundations-31ab8d40-4.0.7/RbxDesignFoundations/InfernoBlast/Dark.luac	proto=0	pc=4001	LOADN 60	debug=	line=1	context=RateCount | CheckFrame | IconFrame | TextFrame | Interval
model_024/PatchRoot/DataModelInstances/CorePackages/Packages/Index/RbxDesignFoundations-31ab8d40-4.0.7/RbxDesignFoundations/InfernoBlast/Dark.luac	proto=0	pc=6080	LOADN 60	debug=	line=1	context=RateCount | CheckFrame | IconFrame | TextFrame | Interval
model_024/PatchRoot/DataModelInstances/CorePackages/Packages/Index/RbxDesignFoundations-31ab8d40-4.0.7/RbxDesignFoundations/InfernoBlast/Light.luac	proto=0	pc=884	LOADN 60	debug=	line=1	context=RateCount | CheckFrame | IconFrame | TextFrame | Interval
model_024/PatchRoot/DataModelInstances/CorePackages/Packages/Index/RbxDesignFoundations-31ab8d40-4.0.7/RbxDesignFoundations/InfernoBlast/Light.luac	proto=0	pc=998	LOADN 60	debug=	line=1	context=RateCount | CheckFrame | IconFrame | TextFrame | Interval
model_024/PatchRoot/DataModelInstances/CorePackages/Packages/Index/RbxDesignFoundations-31ab8d40-4.0.7/RbxDesignFoundations/InfernoBlast/Light.luac	proto=0	pc=3755	LOADN 60	debug=	line=1	context=RateCount | CheckFrame | IconFrame | TextFrame | Interval
model_024/PatchRoot/DataModelInstances/CorePackages/Packages/Index/RbxDesignFoundations-31ab8d40-4.0.7/RbxDesignFoundations/InfernoBlast/Light.luac	proto=0	pc=4001	LOADN 60	debug=	line=1	context=RateCount | CheckFrame | IconFrame | TextFrame | Interval
model_024/PatchRoot/DataModelInstances/CorePackages/Packages/Index/RbxDesignFoundations-31ab8d40-4.0.7/RbxDesignFoundations/InfernoBlast/Light.luac	proto=0	pc=6080	LOADN 60	debug=	line=1	context=RateCount | CheckFrame | IconFrame | TextFrame | Interval
model_024/PatchRoot/DataModelInstances/CorePackages/Packages/Index/RbxDesignFoundations-31ab8d40-4.0.7/RbxDesignFoundations/Kids/Dark.luac	proto=0	pc=884	LOADN 60	debug=	line=1	context=RateCount | CheckFrame | IconFrame | TextFrame | Interval
model_024/PatchRoot/DataModelInstances/CorePackages/Packages/Index/RbxDesignFoundations-31ab8d40-4.0.7/RbxDesignFoundations/Kids/Dark.luac	proto=0	pc=998	LOADN 60	debug=	line=1	context=RateCount | CheckFrame | IconFrame | TextFrame | Interval
model_024/PatchRoot/DataModelInstances/CorePackages/Packages/Index/RbxDesignFoundations-31ab8d40-4.0.7/RbxDesignFoundations/Kids/Dark.luac	proto=0	pc=3755	LOADN 60	debug=	line=1	context=RateCount | CheckFrame | IconFrame | TextFrame | Interval
model_024/PatchRoot/DataModelInstances/CorePackages/Packages/Index/RbxDesignFoundations-31ab8d40-4.0.7/RbxDesignFoundations/Kids/Dark.luac	proto=0	pc=4001	LOADN 60	debug=	line=1	context=RateCount | CheckFrame | IconFrame | TextFrame | Interval
model_024/PatchRoot/DataModelInstances/CorePackages/Packages/Index/RbxDesignFoundations-31ab8d40-4.0.7/RbxDesignFoundations/Kids/Dark.luac	proto=0	pc=6080	LOADN 60	debug=	line=1	context=RateCount | CheckFrame | IconFrame | TextFrame | Interval
model_024/PatchRoot/DataModelInstances/CorePackages/Packages/Index/RbxDesignFoundations-31ab8d40-4.0.7/RbxDesignFoundations/Kids/Light.luac	proto=0	pc=884	LOADN 60	debug=	line=1	context=RateCount | CheckFrame | IconFrame | TextFrame | Interval
model_024/PatchRoot/DataModelInstances/CorePackages/Packages/Index/RbxDesignFoundations-31ab8d40-4.0.7/RbxDesignFoundations/Kids/Light.luac	proto=0	pc=998	LOADN 60	debug=	line=1	context=RateCount | CheckFrame | IconFrame | TextFrame | Interval
model_024/PatchRoot/DataModelInstances/CorePackages/Packages/Index/RbxDesignFoundations-31ab8d40-4.0.7/RbxDesignFoundations/Kids/Light.luac	proto=0	pc=3755	LOADN 60	debug=	line=1	context=RateCount | CheckFrame | IconFrame | TextFrame | Interval
model_024/PatchRoot/DataModelInstances/CorePackages/Packages/Index/RbxDesignFoundations-31ab8d40-4.0.7/RbxDesignFoundations/Kids/Light.luac	proto=0	pc=4001	LOADN 60	debug=	line=1	context=RateCount | CheckFrame | IconFrame | TextFrame | Interval
model_024/PatchRoot/DataModelInstances/CorePackages/Packages/Index/RbxDesignFoundations-31ab8d40-4.0.7/RbxDesignFoundations/Kids/Light.luac	proto=0	pc=6080	LOADN 60	debug=	line=1	context=RateCount | CheckFrame | IconFrame | TextFrame | Interval
model_024/PatchRoot/DataModelInstances/CorePackages/Packages/Index/RbxDesignFoundations-31ab8d40-4.0.7/RbxDesignFoundations/KidsClassic/Dark.luac	proto=0	pc=884	LOADN 60	debug=	line=1	context=RateCount | CheckFrame | IconFrame | TextFrame | Interval
model_024/PatchRoot/DataModelInstances/CorePackages/Packages/Index/RbxDesignFoundations-31ab8d40-4.0.7/RbxDesignFoundations/KidsClassic/Dark.luac	proto=0	pc=998	LOADN 60	debug=	line=1	context=RateCount | CheckFrame | IconFrame | TextFrame | Interval
model_024/PatchRoot/DataModelInstances/CorePackages/Packages/Index/RbxDesignFoundations-31ab8d40-4.0.7/RbxDesignFoundations/KidsClassic/Dark.luac	proto=0	pc=6080	LOADN 60	debug=	line=1	context=RateCount | CheckFrame | IconFrame | TextFrame | Interval
model_024/PatchRoot/DataModelInstances/CorePackages/Packages/Index/RbxDesignFoundations-31ab8d40-4.0.7/RbxDesignFoundations/KidsClassic/Light.luac	proto=0	pc=884	LOADN 60	debug=	line=1	context=RateCount | CheckFrame | IconFrame | TextFrame | Interval
model_024/PatchRoot/DataModelInstances/CorePackages/Packages/Index/RbxDesignFoundations-31ab8d40-4.0.7/RbxDesignFoundations/KidsClassic/Light.luac	proto=0	pc=998	LOADN 60	debug=	line=1	context=RateCount | CheckFrame | IconFrame | TextFrame | Interval
model_024/PatchRoot/DataModelInstances/CorePackages/Packages/Index/RbxDesignFoundations-31ab8d40-4.0.7/RbxDesignFoundations/KidsClassic/Light.luac	proto=0	pc=6080	LOADN 60	debug=	line=1	context=RateCount | CheckFrame | IconFrame | TextFrame | Interval
model_024/PatchRoot/DataModelInstances/CorePackages/Packages/Index/RbxDesignFoundations-31ab8d40-4.0.7/RbxDesignFoundations/KineticEnergy/Dark.luac	proto=0	pc=884	LOADN 60	debug=	line=1	context=RateCount | CheckFrame | IconFrame | TextFrame | Interval
model_024/PatchRoot/DataModelInstances/CorePackages/Packages/Index/RbxDesignFoundations-31ab8d40-4.0.7/RbxDesignFoundations/KineticEnergy/Dark.luac	proto=0	pc=998	LOADN 60	debug=	line=1	context=RateCount | CheckFrame | IconFrame | TextFrame | Interval
model_024/PatchRoot/DataModelInstances/CorePackages/Packages/Index/RbxDesignFoundations-31ab8d40-4.0.7/RbxDesignFoundations/KineticEnergy/Dark.luac	proto=0	pc=2612	LOADN 60	debug=	line=1	context=RateCount | CheckFrame | IconFrame | TextFrame | Interval
model_024/PatchRoot/DataModelInstances/CorePackages/Packages/Index/RbxDesignFoundations-31ab8d40-4.0.7/RbxDesignFoundations/KineticEnergy/Dark.luac	proto=0	pc=2632	LOADN 60	debug=	line=1	context=RateCount | CheckFrame | IconFrame | TextFrame | Interval
model_024/PatchRoot/DataModelInstances/CorePackages/Packages/Index/RbxDesignFoundations-31ab8d40-4.0.7/RbxDesignFoundations/KineticEnergy/Dark.luac	proto=0	pc=2652	LOADN 60	debug=	line=1	context=RateCount | CheckFrame | IconFrame | TextFrame | Interval
model_024/PatchRoot/DataModelInstances/CorePackages/Packages/Index/RbxDesignFoundations-31ab8d40-4.0.7/RbxDesignFoundations/KineticEnergy/Dark.luac	proto=0	pc=2684	LOADN 60	debug=	line=1	context=RateCount | CheckFrame | IconFrame | TextFrame | Interval
model_024/PatchRoot/DataModelInstances/CorePackages/Packages/Index/RbxDesignFoundations-31ab8d40-4.0.7/RbxDesignFoundations/KineticEnergy/Dark.luac	proto=0	pc=2704	LOADN 60	debug=	line=1	context=RateCount | CheckFrame | IconFrame | TextFrame | Interval
model_024/PatchRoot/DataModelInstances/CorePackages/Packages/Index/RbxDesignFoundations-31ab8d40-4.0.7/RbxDesignFoundations/KineticEnergy/Dark.luac	proto=0	pc=2724	LOADN 60	debug=	line=1	context=RateCount | CheckFrame | IconFrame | TextFrame | Interval
model_024/PatchRoot/DataModelInstances/CorePackages/Packages/Index/RbxDesignFoundations-31ab8d40-4.0.7/RbxDesignFoundations/KineticEnergy/Dark.luac	proto=0	pc=3755	LOADN 60	debug=	line=1	context=RateCount | CheckFrame | IconFrame | TextFrame | Interval
model_024/PatchRoot/DataModelInstances/CorePackages/Packages/Index/RbxDesignFoundations-31ab8d40-4.0.7/RbxDesignFoundations/KineticEnergy/Dark.luac	proto=0	pc=4001	LOADN 60	debug=	line=1	context=RateCount | CheckFrame | IconFrame | TextFrame | Interval
model_024/PatchRoot/DataModelInstances/CorePackages/Packages/Index/RbxDesignFoundations-31ab8d40-4.0.7/RbxDesignFoundations/KineticEnergy/Dark.luac	proto=0	pc=4234	LOADN 60	debug=	line=1	context=RateCount | CheckFrame | IconFrame | TextFrame | Interval
model_024/PatchRoot/DataModelInstances/CorePackages/Packages/Index/RbxDesignFoundations-31ab8d40-4.0.7/RbxDesignFoundations/KineticEnergy/Dark.luac	proto=0	pc=4364	LOADN 60	debug=	line=1	context=RateCount | CheckFrame | IconFrame | TextFrame | Interval
model_024/PatchRoot/DataModelInstances/CorePackages/Packages/Index/RbxDesignFoundations-31ab8d40-4.0.7/RbxDesignFoundations/KineticEnergy/Dark.luac	proto=0	pc=4476	LOADN 60	debug=	line=1	context=RateCount | CheckFrame | IconFrame | TextFrame | Interval
model_024/PatchRoot/DataModelInstances/CorePackages/Packages/Index/RbxDesignFoundations-31ab8d40-4.0.7/RbxDesignFoundations/KineticEnergy/Dark.luac	proto=0	pc=4508	LOADN 60	debug=	line=1	context=RateCount | CheckFrame | IconFrame | TextFrame | Interval
model_024/PatchRoot/DataModelInstances/CorePackages/Packages/Index/RbxDesignFoundations-31ab8d40-4.0.7/RbxDesignFoundations/KineticEnergy/Dark.luac	proto=0	pc=4612	LOADN 60	debug=	line=1	context=RateCount | CheckFrame | IconFrame | TextFrame | Interval
model_024/PatchRoot/DataModelInstances/CorePackages/Packages/Index/RbxDesignFoundations-31ab8d40-4.0.7/RbxDesignFoundations/KineticEnergy/Dark.luac	proto=0	pc=4620	LOADN 60	debug=	line=1	context=RateCount | CheckFrame | IconFrame | TextFrame | Interval
model_024/PatchRoot/DataModelInstances/CorePackages/Packages/Index/RbxDesignFoundations-31ab8d40-4.0.7/RbxDesignFoundations/KineticEnergy/Dark.luac	proto=0	pc=4628	LOADN 60	debug=	line=1	context=RateCount | CheckFrame | IconFrame | TextFrame | Interval
model_024/PatchRoot/DataModelInstances/CorePackages/Packages/Index/RbxDesignFoundations-31ab8d40-4.0.7/RbxDesignFoundations/KineticEnergy/Dark.luac	proto=0	pc=4636	LOADN 60	debug=	line=1	context=RateCount | CheckFrame | IconFrame | TextFrame | Interval
model_024/PatchRoot/DataModelInstances/CorePackages/Packages/Index/RbxDesignFoundations-31ab8d40-4.0.7/RbxDesignFoundations/KineticEnergy/Dark.luac	proto=0	pc=4646	LOADN 60	debug=	line=1	context=RateCount | CheckFrame | IconFrame | TextFrame | Interval
model_024/PatchRoot/DataModelInstances/CorePackages/Packages/Index/RbxDesignFoundations-31ab8d40-4.0.7/RbxDesignFoundations/KineticEnergy/Dark.luac	proto=0	pc=4662	LOADN 60	debug=	line=1	context=RateCount | CheckFrame | IconFrame | TextFrame | Interval
model_024/PatchRoot/DataModelInstances/CorePackages/Packages/Index/RbxDesignFoundations-31ab8d40-4.0.7/RbxDesignFoundations/KineticEnergy/Dark.luac	proto=0	pc=4672	LOADN 60	debug=	line=1	context=RateCount | CheckFrame | IconFrame | TextFrame | Interval
model_024/PatchRoot/DataModelInstances/CorePackages/Packages/Index/RbxDesignFoundations-31ab8d40-4.0.7/RbxDesignFoundations/KineticEnergy/Dark.luac	proto=0	pc=4680	LOADN 60	debug=	line=1	context=RateCount | CheckFrame | IconFrame | TextFrame | Interval
model_024/PatchRoot/DataModelInstances/CorePackages/Packages/Index/RbxDesignFoundations-31ab8d40-4.0.7/RbxDesignFoundations/KineticEnergy/Dark.luac	proto=0	pc=4688	LOADN 60	debug=	line=1	context=RateCount | CheckFrame | IconFrame | TextFrame | Interval
model_024/PatchRoot/DataModelInstances/CorePackages/Packages/Index/RbxDesignFoundations-31ab8d40-4.0.7/RbxDesignFoundations/KineticEnergy/Dark.luac	proto=0	pc=4786	LOADN 60	debug=	line=1	context=RateCount | CheckFrame | IconFrame | TextFrame | Interval
model_024/PatchRoot/DataModelInstances/CorePackages/Packages/Index/RbxDesignFoundations-31ab8d40-4.0.7/RbxDesignFoundations/KineticEnergy/Dark.luac	proto=0	pc=4916	LOADN 60	debug=	line=1	context=RateCount | CheckFrame | IconFrame | TextFrame | Interval
model_024/PatchRoot/DataModelInstances/CorePackages/Packages/Index/RbxDesignFoundations-31ab8d40-4.0.7/RbxDesignFoundations/KineticEnergy/Dark.luac	proto=0	pc=5028	LOADN 60	debug=	line=1	context=RateCount | CheckFrame | IconFrame | TextFrame | Interval
model_024/PatchRoot/DataModelInstances/CorePackages/Packages/Index/RbxDesignFoundations-31ab8d40-4.0.7/RbxDesignFoundations/KineticEnergy/Dark.luac	proto=0	pc=5060	LOADN 60	debug=	line=1	context=RateCount | CheckFrame | IconFrame | TextFrame | Interval
model_024/PatchRoot/DataModelInstances/CorePackages/Packages/Index/RbxDesignFoundations-31ab8d40-4.0.7/RbxDesignFoundations/KineticEnergy/Dark.luac	proto=0	pc=5164	LOADN 60	debug=	line=1	context=RateCount | CheckFrame | IconFrame | TextFrame | Interval
model_024/PatchRoot/DataModelInstances/CorePackages/Packages/Index/RbxDesignFoundations-31ab8d40-4.0.7/RbxDesignFoundations/KineticEnergy/Dark.luac	proto=0	pc=5172	LOADN 60	debug=	line=1	context=RateCount | CheckFrame | IconFrame | TextFrame | Interval
model_024/PatchRoot/DataModelInstances/CorePackages/Packages/Index/RbxDesignFoundations-31ab8d40-4.0.7/RbxDesignFoundations/KineticEnergy/Dark.luac	proto=0	pc=5180	LOADN 60	debug=	line=1	context=RateCount | CheckFrame | IconFrame | TextFrame | Interval
model_024/PatchRoot/DataModelInstances/CorePackages/Packages/Index/RbxDesignFoundations-31ab8d40-4.0.7/RbxDesignFoundations/KineticEnergy/Dark.luac	proto=0	pc=5188	LOADN 60	debug=	line=1	context=RateCount | CheckFrame | IconFrame | TextFrame | Interval
model_024/PatchRoot/DataModelInstances/CorePackages/Packages/Index/RbxDesignFoundations-31ab8d40-4.0.7/RbxDesignFoundations/KineticEnergy/Dark.luac	proto=0	pc=5198	LOADN 60	debug=	line=1	context=RateCount | CheckFrame | IconFrame | TextFrame | Interval
model_024/PatchRoot/DataModelInstances/CorePackages/Packages/Index/RbxDesignFoundations-31ab8d40-4.0.7/RbxDesignFoundations/KineticEnergy/Dark.luac	proto=0	pc=5214	LOADN 60	debug=	line=1	context=RateCount | CheckFrame | IconFrame | TextFrame | Interval
model_024/PatchRoot/DataModelInstances/CorePackages/Packages/Index/RbxDesignFoundations-31ab8d40-4.0.7/RbxDesignFoundations/KineticEnergy/Dark.luac	proto=0	pc=5224	LOADN 60	debug=	line=1	context=RateCount | CheckFrame | IconFrame | TextFrame | Interval
model_024/PatchRoot/DataModelInstances/CorePackages/Packages/Index/RbxDesignFoundations-31ab8d40-4.0.7/RbxDesignFoundations/KineticEnergy/Dark.luac	proto=0	pc=5232	LOADN 60	debug=	line=1	context=RateCount | CheckFrame | IconFrame | TextFrame | Interval
model_024/PatchRoot/DataModelInstances/CorePackages/Packages/Index/RbxDesignFoundations-31ab8d40-4.0.7/RbxDesignFoundations/KineticEnergy/Dark.luac	proto=0	pc=5240	LOADN 60	debug=	line=1	context=RateCount | CheckFrame | IconFrame | TextFrame | Interval
model_024/PatchRoot/DataModelInstances/CorePackages/Packages/Index/RbxDesignFoundations-31ab8d40-4.0.7/RbxDesignFoundations/KineticEnergy/Dark.luac	proto=0	pc=5741	LOADN 60	debug=	line=1	context=RateCount | CheckFrame | IconFrame | TextFrame | Interval
model_024/PatchRoot/DataModelInstances/CorePackages/Packages/Index/RbxDesignFoundations-31ab8d40-4.0.7/RbxDesignFoundations/KineticEnergy/Dark.luac	proto=0	pc=5749	LOADN 60	debug=	line=1	context=RateCount | CheckFrame | IconFrame | TextFrame | Interval
model_024/PatchRoot/DataModelInstances/CorePackages/Packages/Index/RbxDesignFoundations-31ab8d40-4.0.7/RbxDesignFoundations/KineticEnergy/Dark.luac	proto=0	pc=5767	LOADN 60	debug=	line=1	context=RateCount | CheckFrame | IconFrame | TextFrame | Interval
model_024/PatchRoot/DataModelInstances/CorePackages/Packages/Index/RbxDesignFoundations-31ab8d40-4.0.7/RbxDesignFoundations/KineticEnergy/Dark.luac	proto=0	pc=5775	LOADN 60	debug=	line=1	context=RateCount | CheckFrame | IconFrame | TextFrame | Interval
model_024/PatchRoot/DataModelInstances/CorePackages/Packages/Index/RbxDesignFoundations-31ab8d40-4.0.7/RbxDesignFoundations/KineticEnergy/Dark.luac	proto=0	pc=6080	LOADN 60	debug=	line=1	context=RateCount | CheckFrame | IconFrame | TextFrame | Interval
model_024/PatchRoot/DataModelInstances/CorePackages/Packages/Index/RbxDesignFoundations-31ab8d40-4.0.7/RbxDesignFoundations/KineticEnergy/Light.luac	proto=0	pc=6	LOADN 60	debug=	line=1	context=RateCount | CheckFrame | IconFrame | TextFrame | Interval
model_024/PatchRoot/DataModelInstances/CorePackages/Packages/Index/RbxDesignFoundations-31ab8d40-4.0.7/RbxDesignFoundations/KineticEnergy/Light.luac	proto=0	pc=136	LOADN 60	debug=	line=1	context=RateCount | CheckFrame | IconFrame | TextFrame | Interval
model_024/PatchRoot/DataModelInstances/CorePackages/Packages/Index/RbxDesignFoundations-31ab8d40-4.0.7/RbxDesignFoundations/KineticEnergy/Light.luac	proto=0	pc=248	LOADN 60	debug=	line=1	context=RateCount | CheckFrame | IconFrame | TextFrame | Interval
model_024/PatchRoot/DataModelInstances/CorePackages/Packages/Index/RbxDesignFoundations-31ab8d40-4.0.7/RbxDesignFoundations/KineticEnergy/Light.luac	proto=0	pc=280	LOADN 60	debug=	line=1	context=RateCount | CheckFrame | IconFrame | TextFrame | Interval
model_024/PatchRoot/DataModelInstances/CorePackages/Packages/Index/RbxDesignFoundations-31ab8d40-4.0.7/RbxDesignFoundations/KineticEnergy/Light.luac	proto=0	pc=884	LOADN 60	debug=	line=1	context=RateCount | CheckFrame | IconFrame | TextFrame | Interval
model_024/PatchRoot/DataModelInstances/CorePackages/Packages/Index/RbxDesignFoundations-31ab8d40-4.0.7/RbxDesignFoundations/KineticEnergy/Light.luac	proto=0	pc=998	LOADN 60	debug=	line=1	context=RateCount | CheckFrame | IconFrame | TextFrame | Interval
model_024/PatchRoot/DataModelInstances/CorePackages/Packages/Index/RbxDesignFoundations-31ab8d40-4.0.7/RbxDesignFoundations/KineticEnergy/Light.luac	proto=0	pc=1786	LOADN 60	debug=	line=1	context=RateCount | CheckFrame | IconFrame | TextFrame | Interval
model_024/PatchRoot/DataModelInstances/CorePackages/Packages/Index/RbxDesignFoundations-31ab8d40-4.0.7/RbxDesignFoundations/KineticEnergy/Light.luac	proto=0	pc=1794	LOADN 60	debug=	line=1	context=RateCount | CheckFrame | IconFrame | TextFrame | Interval
model_024/PatchRoot/DataModelInstances/CorePackages/Packages/Index/RbxDesignFoundations-31ab8d40-4.0.7/RbxDesignFoundations/KineticEnergy/Light.luac	proto=0	pc=1802	LOADN 60	debug=	line=1	context=RateCount | CheckFrame | IconFrame | TextFrame | Interval
model_024/PatchRoot/DataModelInstances/CorePackages/Packages/Index/RbxDesignFoundations-31ab8d40-4.0.7/RbxDesignFoundations/KineticEnergy/Light.luac	proto=0	pc=1810	LOADN 60	debug=	line=1	context=RateCount | CheckFrame | IconFrame | TextFrame | Interval
model_024/PatchRoot/DataModelInstances/CorePackages/Packages/Index/RbxDesignFoundations-31ab8d40-4.0.7/RbxDesignFoundations/KineticEnergy/Light.luac	proto=0	pc=1820	LOADN 60	debug=	line=1	context=RateCount | CheckFrame | IconFrame | TextFrame | Interval
model_024/PatchRoot/DataModelInstances/CorePackages/Packages/Index/RbxDesignFoundations-31ab8d40-4.0.7/RbxDesignFoundations/KineticEnergy/Light.luac	proto=0	pc=1836	LOADN 60	debug=	line=1	context=RateCount | CheckFrame | IconFrame | TextFrame | Interval
model_024/PatchRoot/DataModelInstances/CorePackages/Packages/Index/RbxDesignFoundations-31ab8d40-4.0.7/RbxDesignFoundations/KineticEnergy/Light.luac	proto=0	pc=1846	LOADN 60	debug=	line=1	context=RateCount | CheckFrame | IconFrame | TextFrame | Interval
model_024/PatchRoot/DataModelInstances/CorePackages/Packages/Index/RbxDesignFoundations-31ab8d40-4.0.7/RbxDesignFoundations/KineticEnergy/Light.luac	proto=0	pc=1854	LOADN 60	debug=	line=1	context=RateCount | CheckFrame | IconFrame | TextFrame | Interval
model_024/PatchRoot/DataModelInstances/CorePackages/Packages/Index/RbxDesignFoundations-31ab8d40-4.0.7/RbxDesignFoundations/KineticEnergy/Light.luac	proto=0	pc=1862	LOADN 60	debug=	line=1	context=RateCount | CheckFrame | IconFrame | TextFrame | Interval
model_024/PatchRoot/DataModelInstances/CorePackages/Packages/Index/RbxDesignFoundations-31ab8d40-4.0.7/RbxDesignFoundations/KineticEnergy/Light.luac	proto=0	pc=1971	LOADN 60	debug=	line=1	context=RateCount | CheckFrame | IconFrame | TextFrame | Interval
model_024/PatchRoot/DataModelInstances/CorePackages/Packages/Index/RbxDesignFoundations-31ab8d40-4.0.7/RbxDesignFoundations/KineticEnergy/Light.luac	proto=0	pc=2235	LOADN 60	debug=	line=1	context=RateCount | CheckFrame | IconFrame | TextFrame | Interval
model_024/PatchRoot/DataModelInstances/CorePackages/Packages/Index/RbxDesignFoundations-31ab8d40-4.0.7/RbxDesignFoundations/KineticEnergy/Light.luac	proto=0	pc=2404	LOADN 60	debug=	line=1	context=RateCount | CheckFrame | IconFrame | TextFrame | Interval
model_024/PatchRoot/DataModelInstances/CorePackages/Packages/Index/RbxDesignFoundations-31ab8d40-4.0.7/RbxDesignFoundations/KineticEnergy/Light.luac	proto=0	pc=2465	LOADN 60	debug=	line=1	context=RateCount | CheckFrame | IconFrame | TextFrame | Interval
model_024/PatchRoot/DataModelInstances/CorePackages/Packages/Index/RbxDesignFoundations-31ab8d40-4.0.7/RbxDesignFoundations/KineticEnergy/Light.luac	proto=0	pc=2612	LOADN 60	debug=	line=1	context=RateCount | CheckFrame | IconFrame | TextFrame | Interval
model_024/PatchRoot/DataModelInstances/CorePackages/Packages/Index/RbxDesignFoundations-31ab8d40-4.0.7/RbxDesignFoundations/KineticEnergy/Light.luac	proto=0	pc=2632	LOADN 60	debug=	line=1	context=RateCount | CheckFrame | IconFrame | TextFrame | Interval
model_024/PatchRoot/DataModelInstances/CorePackages/Packages/Index/RbxDesignFoundations-31ab8d40-4.0.7/RbxDesignFoundations/KineticEnergy/Light.luac	proto=0	pc=2652	LOADN 60	debug=	line=1	context=RateCount | CheckFrame | IconFrame | TextFrame | Interval
model_024/PatchRoot/DataModelInstances/CorePackages/Packages/Index/RbxDesignFoundations-31ab8d40-4.0.7/RbxDesignFoundations/KineticEnergy/Light.luac	proto=0	pc=2828	LOADN 60	debug=	line=1	context=RateCount | CheckFrame | IconFrame | TextFrame | Interval
model_024/PatchRoot/DataModelInstances/CorePackages/Packages/Index/RbxDesignFoundations-31ab8d40-4.0.7/RbxDesignFoundations/KineticEnergy/Light.luac	proto=0	pc=2848	LOADN 60	debug=	line=1	context=RateCount | CheckFrame | IconFrame | TextFrame | Interval
model_024/PatchRoot/DataModelInstances/CorePackages/Packages/Index/RbxDesignFoundations-31ab8d40-4.0.7/RbxDesignFoundations/KineticEnergy/Light.luac	proto=0	pc=2868	LOADN 60	debug=	line=1	context=RateCount | CheckFrame | IconFrame | TextFrame | Interval
model_024/PatchRoot/DataModelInstances/CorePackages/Packages/Index/RbxDesignFoundations-31ab8d40-4.0.7/RbxDesignFoundations/KineticEnergy/Light.luac	proto=0	pc=2882	LOADN 60	debug=	line=1	context=RateCount | CheckFrame | IconFrame | TextFrame | Interval
model_024/PatchRoot/DataModelInstances/CorePackages/Packages/Index/RbxDesignFoundations-31ab8d40-4.0.7/RbxDesignFoundations/KineticEnergy/Light.luac	proto=0	pc=2966	LOADN 60	debug=	line=1	context=RateCount | CheckFrame | IconFrame | TextFrame | Interval
model_024/PatchRoot/DataModelInstances/CorePackages/Packages/Index/RbxDesignFoundations-31ab8d40-4.0.7/RbxDesignFoundations/KineticEnergy/Light.luac	proto=0	pc=3050	LOADN 60	debug=	line=1	context=RateCount | CheckFrame | IconFrame | TextFrame | Interval
model_024/PatchRoot/DataModelInstances/CorePackages/Packages/Index/RbxDesignFoundations-31ab8d40-4.0.7/RbxDesignFoundations/KineticEnergy/Light.luac	proto=0	pc=3755	LOADN 60	debug=	line=1	context=RateCount | CheckFrame | IconFrame | TextFrame | Interval
model_024/PatchRoot/DataModelInstances/CorePackages/Packages/Index/RbxDesignFoundations-31ab8d40-4.0.7/RbxDesignFoundations/KineticEnergy/Light.luac	proto=0	pc=4001	LOADN 60	debug=	line=1	context=RateCount | CheckFrame | IconFrame | TextFrame | Interval
model_024/PatchRoot/DataModelInstances/CorePackages/Packages/Index/RbxDesignFoundations-31ab8d40-4.0.7/RbxDesignFoundations/KineticEnergy/Light.luac	proto=0	pc=4786	LOADN 60	debug=	line=1	context=RateCount | CheckFrame | IconFrame | TextFrame | Interval
model_024/PatchRoot/DataModelInstances/CorePackages/Packages/Index/RbxDesignFoundations-31ab8d40-4.0.7/RbxDesignFoundations/KineticEnergy/Light.luac	proto=0	pc=4916	LOADN 60	debug=	line=1	context=RateCount | CheckFrame | IconFrame | TextFrame | Interval
model_024/PatchRoot/DataModelInstances/CorePackages/Packages/Index/RbxDesignFoundations-31ab8d40-4.0.7/RbxDesignFoundations/KineticEnergy/Light.luac	proto=0	pc=5028	LOADN 60	debug=	line=1	context=RateCount | CheckFrame | IconFrame | TextFrame | Interval
model_024/PatchRoot/DataModelInstances/CorePackages/Packages/Index/RbxDesignFoundations-31ab8d40-4.0.7/RbxDesignFoundations/KineticEnergy/Light.luac	proto=0	pc=5060	LOADN 60	debug=	line=1	context=RateCount | CheckFrame | IconFrame | TextFrame | Interval
model_024/PatchRoot/DataModelInstances/CorePackages/Packages/Index/RbxDesignFoundations-31ab8d40-4.0.7/RbxDesignFoundations/KineticEnergy/Light.luac	proto=0	pc=5164	LOADN 60	debug=	line=1	context=RateCount | CheckFrame | IconFrame | TextFrame | Interval
model_024/PatchRoot/DataModelInstances/CorePackages/Packages/Index/RbxDesignFoundations-31ab8d40-4.0.7/RbxDesignFoundations/KineticEnergy/Light.luac	proto=0	pc=5172	LOADN 60	debug=	line=1	context=RateCount | CheckFrame | IconFrame | TextFrame | Interval
model_024/PatchRoot/DataModelInstances/CorePackages/Packages/Index/RbxDesignFoundations-31ab8d40-4.0.7/RbxDesignFoundations/KineticEnergy/Light.luac	proto=0	pc=5180	LOADN 60	debug=	line=1	context=RateCount | CheckFrame | IconFrame | TextFrame | Interval
model_024/PatchRoot/DataModelInstances/CorePackages/Packages/Index/RbxDesignFoundations-31ab8d40-4.0.7/RbxDesignFoundations/KineticEnergy/Light.luac	proto=0	pc=5188	LOADN 60	debug=	line=1	context=RateCount | CheckFrame | IconFrame | TextFrame | Interval
model_024/PatchRoot/DataModelInstances/CorePackages/Packages/Index/RbxDesignFoundations-31ab8d40-4.0.7/RbxDesignFoundations/KineticEnergy/Light.luac	proto=0	pc=5198	LOADN 60	debug=	line=1	context=RateCount | CheckFrame | IconFrame | TextFrame | Interval
model_024/PatchRoot/DataModelInstances/CorePackages/Packages/Index/RbxDesignFoundations-31ab8d40-4.0.7/RbxDesignFoundations/KineticEnergy/Light.luac	proto=0	pc=5214	LOADN 60	debug=	line=1	context=RateCount | CheckFrame | IconFrame | TextFrame | Interval
model_024/PatchRoot/DataModelInstances/CorePackages/Packages/Index/RbxDesignFoundations-31ab8d40-4.0.7/RbxDesignFoundations/KineticEnergy/Light.luac	proto=0	pc=5224	LOADN 60	debug=	line=1	context=RateCount | CheckFrame | IconFrame | TextFrame | Interval
model_024/PatchRoot/DataModelInstances/CorePackages/Packages/Index/RbxDesignFoundations-31ab8d40-4.0.7/RbxDesignFoundations/KineticEnergy/Light.luac	proto=0	pc=5232	LOADN 60	debug=	line=1	context=RateCount | CheckFrame | IconFrame | TextFrame | Interval
model_024/PatchRoot/DataModelInstances/CorePackages/Packages/Index/RbxDesignFoundations-31ab8d40-4.0.7/RbxDesignFoundations/KineticEnergy/Light.luac	proto=0	pc=5240	LOADN 60	debug=	line=1	context=RateCount | CheckFrame | IconFrame | TextFrame | Interval
model_024/PatchRoot/DataModelInstances/CorePackages/Packages/Index/RbxDesignFoundations-31ab8d40-4.0.7/RbxDesignFoundations/KineticEnergy/Light.luac	proto=0	pc=5399	LOADN 60	debug=	line=1	context=RateCount | CheckFrame | IconFrame | TextFrame | Interval
model_024/PatchRoot/DataModelInstances/CorePackages/Packages/Index/RbxDesignFoundations-31ab8d40-4.0.7/RbxDesignFoundations/KineticEnergy/Light.luac	proto=0	pc=5554	LOADN 60	debug=	line=1	context=RateCount | CheckFrame | IconFrame | TextFrame | Interval
model_024/PatchRoot/DataModelInstances/CorePackages/Packages/Index/RbxDesignFoundations-31ab8d40-4.0.7/RbxDesignFoundations/KineticEnergy/Light.luac	proto=0	pc=5562	LOADN 60	debug=	line=1	context=RateCount | CheckFrame | IconFrame | TextFrame | Interval
model_024/PatchRoot/DataModelInstances/CorePackages/Packages/Index/RbxDesignFoundations-31ab8d40-4.0.7/RbxDesignFoundations/KineticEnergy/Light.luac	proto=0	pc=5614	LOADN 60	debug=	line=1	context=RateCount | CheckFrame | IconFrame | TextFrame | Interval
model_024/PatchRoot/DataModelInstances/CorePackages/Packages/Index/RbxDesignFoundations-31ab8d40-4.0.7/RbxDesignFoundations/KineticEnergy/Light.luac	proto=0	pc=5662	LOADN 60	debug=	line=1	context=RateCount | CheckFrame | IconFrame | TextFrame | Interval
model_024/PatchRoot/DataModelInstances/CorePackages/Packages/Index/RbxDesignFoundations-31ab8d40-4.0.7/RbxDesignFoundations/KineticEnergy/Light.luac	proto=0	pc=5741	LOADN 60	debug=	line=1	context=RateCount | CheckFrame | IconFrame | TextFrame | Interval
model_024/PatchRoot/DataModelInstances/CorePackages/Packages/Index/RbxDesignFoundations-31ab8d40-4.0.7/RbxDesignFoundations/KineticEnergy/Light.luac	proto=0	pc=5749	LOADN 60	debug=	line=1	context=RateCount | CheckFrame | IconFrame | TextFrame | Interval
model_024/PatchRoot/DataModelInstances/CorePackages/Packages/Index/RbxDesignFoundations-31ab8d40-4.0.7/RbxDesignFoundations/KineticEnergy/Light.luac	proto=0	pc=5819	LOADN 60	debug=	line=1	context=RateCount | CheckFrame | IconFrame | TextFrame | Interval
model_024/PatchRoot/DataModelInstances/CorePackages/Packages/Index/RbxDesignFoundations-31ab8d40-4.0.7/RbxDesignFoundations/KineticEnergy/Light.luac	proto=0	pc=5827	LOADN 60	debug=	line=1	context=RateCount | CheckFrame | IconFrame | TextFrame | Interval
model_024/PatchRoot/DataModelInstances/CorePackages/Packages/Index/RbxDesignFoundations-31ab8d40-4.0.7/RbxDesignFoundations/KineticEnergy/Light.luac	proto=0	pc=5880	LOADN 60	debug=	line=1	context=RateCount | CheckFrame | IconFrame | TextFrame | Interval
model_024/PatchRoot/DataModelInstances/CorePackages/Packages/Index/RbxDesignFoundations-31ab8d40-4.0.7/RbxDesignFoundations/KineticEnergy/Light.luac	proto=0	pc=5888	LOADN 60	debug=	line=1	context=RateCount | CheckFrame | IconFrame | TextFrame | Interval
model_024/PatchRoot/DataModelInstances/CorePackages/Packages/Index/RbxDesignFoundations-31ab8d40-4.0.7/RbxDesignFoundations/KineticEnergy/Light.luac	proto=0	pc=5896	LOADN 60	debug=	line=1	context=RateCount | CheckFrame | IconFrame | TextFrame | Interval
model_024/PatchRoot/DataModelInstances/CorePackages/Packages/Index/RbxDesignFoundations-31ab8d40-4.0.7/RbxDesignFoundations/KineticEnergy/Light.luac	proto=0	pc=6080	LOADN 60	debug=	line=1	context=RateCount | CheckFrame | IconFrame | TextFrame | Interval
model_024/PatchRoot/DataModelInstances/CorePackages/Packages/Index/RbxDesignFoundations-31ab8d40-4.0.7/RbxDesignFoundations/LavaGlow/Dark.luac	proto=0	pc=884	LOADN 60	debug=	line=1	context=RateCount | CheckFrame | IconFrame | TextFrame | Interval
model_024/PatchRoot/DataModelInstances/CorePackages/Packages/Index/RbxDesignFoundations-31ab8d40-4.0.7/RbxDesignFoundations/LavaGlow/Dark.luac	proto=0	pc=998	LOADN 60	debug=	line=1	context=RateCount | CheckFrame | IconFrame | TextFrame | Interval
model_024/PatchRoot/DataModelInstances/CorePackages/Packages/Index/RbxDesignFoundations-31ab8d40-4.0.7/RbxDesignFoundations/LavaGlow/Dark.luac	proto=0	pc=3755	LOADN 60	debug=	line=1	context=RateCount | CheckFrame | IconFrame | TextFrame | Interval
model_024/PatchRoot/DataModelInstances/CorePackages/Packages/Index/RbxDesignFoundations-31ab8d40-4.0.7/RbxDesignFoundations/LavaGlow/Dark.luac	proto=0	pc=4001	LOADN 60	debug=	line=1	context=RateCount | CheckFrame | IconFrame | TextFrame | Interval
model_024/PatchRoot/DataModelInstances/CorePackages/Packages/Index/RbxDesignFoundations-31ab8d40-4.0.7/RbxDesignFoundations/LavaGlow/Dark.luac	proto=0	pc=6080	LOADN 60	debug=	line=1	context=RateCount | CheckFrame | IconFrame | TextFrame | Interval
model_024/PatchRoot/DataModelInstances/CorePackages/Packages/Index/RbxDesignFoundations-31ab8d40-4.0.7/RbxDesignFoundations/LavaGlow/Light.luac	proto=0	pc=884	LOADN 60	debug=	line=1	context=RateCount | CheckFrame | IconFrame | TextFrame | Interval
model_024/PatchRoot/DataModelInstances/CorePackages/Packages/Index/RbxDesignFoundations-31ab8d40-4.0.7/RbxDesignFoundations/LavaGlow/Light.luac	proto=0	pc=998	LOADN 60	debug=	line=1	context=RateCount | CheckFrame | IconFrame | TextFrame | Interval
model_024/PatchRoot/DataModelInstances/CorePackages/Packages/Index/RbxDesignFoundations-31ab8d40-4.0.7/RbxDesignFoundations/LavaGlow/Light.luac	proto=0	pc=3755	LOADN 60	debug=	line=1	context=RateCount | CheckFrame | IconFrame | TextFrame | Interval
model_024/PatchRoot/DataModelInstances/CorePackages/Packages/Index/RbxDesignFoundations-31ab8d40-4.0.7/RbxDesignFoundations/LavaGlow/Light.luac	proto=0	pc=4001	LOADN 60	debug=	line=1	context=RateCount | CheckFrame | IconFrame | TextFrame | Interval
model_024/PatchRoot/DataModelInstances/CorePackages/Packages/Index/RbxDesignFoundations-31ab8d40-4.0.7/RbxDesignFoundations/LavaGlow/Light.luac	proto=0	pc=6080	LOADN 60	debug=	line=1	context=RateCount | CheckFrame | IconFrame | TextFrame | Interval
model_024/PatchRoot/DataModelInstances/CorePackages/Packages/Index/RbxDesignFoundations-31ab8d40-4.0.7/RbxDesignFoundations/NebulaDrift/Dark.luac	proto=0	pc=884	LOADN 60	debug=	line=1	context=RateCount | CheckFrame | IconFrame | TextFrame | Interval
model_024/PatchRoot/DataModelInstances/CorePackages/Packages/Index/RbxDesignFoundations-31ab8d40-4.0.7/RbxDesignFoundations/NebulaDrift/Dark.luac	proto=0	pc=998	LOADN 60	debug=	line=1	context=RateCount | CheckFrame | IconFrame | TextFrame | Interval
model_024/PatchRoot/DataModelInstances/CorePackages/Packages/Index/RbxDesignFoundations-31ab8d40-4.0.7/RbxDesignFoundations/NebulaDrift/Dark.luac	proto=0	pc=3755	LOADN 60	debug=	line=1	context=RateCount | CheckFrame | IconFrame | TextFrame | Interval
model_024/PatchRoot/DataModelInstances/CorePackages/Packages/Index/RbxDesignFoundations-31ab8d40-4.0.7/RbxDesignFoundations/NebulaDrift/Dark.luac	proto=0	pc=4001	LOADN 60	debug=	line=1	context=RateCount | CheckFrame | IconFrame | TextFrame | Interval
model_024/PatchRoot/DataModelInstances/CorePackages/Packages/Index/RbxDesignFoundations-31ab8d40-4.0.7/RbxDesignFoundations/NebulaDrift/Dark.luac	proto=0	pc=6080	LOADN 60	debug=	line=1	context=RateCount | CheckFrame | IconFrame | TextFrame | Interval
model_024/PatchRoot/DataModelInstances/CorePackages/Packages/Index/RbxDesignFoundations-31ab8d40-4.0.7/RbxDesignFoundations/NebulaDrift/Light.luac	proto=0	pc=884	LOADN 60	debug=	line=1	context=RateCount | CheckFrame | IconFrame | TextFrame | Interval
model_024/PatchRoot/DataModelInstances/CorePackages/Packages/Index/RbxDesignFoundations-31ab8d40-4.0.7/RbxDesignFoundations/NebulaDrift/Light.luac	proto=0	pc=998	LOADN 60	debug=	line=1	context=RateCount | CheckFrame | IconFrame | TextFrame | Interval
model_024/PatchRoot/DataModelInstances/CorePackages/Packages/Index/RbxDesignFoundations-31ab8d40-4.0.7/RbxDesignFoundations/NebulaDrift/Light.luac	proto=0	pc=3755	LOADN 60	debug=	line=1	context=RateCount | CheckFrame | IconFrame | TextFrame | Interval
model_024/PatchRoot/DataModelInstances/CorePackages/Packages/Index/RbxDesignFoundations-31ab8d40-4.0.7/RbxDesignFoundations/NebulaDrift/Light.luac	proto=0	pc=4001	LOADN 60	debug=	line=1	context=RateCount | CheckFrame | IconFrame | TextFrame | Interval
model_024/PatchRoot/DataModelInstances/CorePackages/Packages/Index/RbxDesignFoundations-31ab8d40-4.0.7/RbxDesignFoundations/NebulaDrift/Light.luac	proto=0	pc=6080	LOADN 60	debug=	line=1	context=RateCount | CheckFrame | IconFrame | TextFrame | Interval
model_024/PatchRoot/DataModelInstances/CorePackages/Packages/Index/RbxDesignFoundations-31ab8d40-4.0.7/RbxDesignFoundations/NitroFrost/Dark.luac	proto=0	pc=884	LOADN 60	debug=	line=1	context=RateCount | CheckFrame | IconFrame | TextFrame | Interval
model_024/PatchRoot/DataModelInstances/CorePackages/Packages/Index/RbxDesignFoundations-31ab8d40-4.0.7/RbxDesignFoundations/NitroFrost/Dark.luac	proto=0	pc=998	LOADN 60	debug=	line=1	context=RateCount | CheckFrame | IconFrame | TextFrame | Interval
model_024/PatchRoot/DataModelInstances/CorePackages/Packages/Index/RbxDesignFoundations-31ab8d40-4.0.7/RbxDesignFoundations/NitroFrost/Dark.luac	proto=0	pc=3755	LOADN 60	debug=	line=1	context=RateCount | CheckFrame | IconFrame | TextFrame | Interval
model_024/PatchRoot/DataModelInstances/CorePackages/Packages/Index/RbxDesignFoundations-31ab8d40-4.0.7/RbxDesignFoundations/NitroFrost/Dark.luac	proto=0	pc=4001	LOADN 60	debug=	line=1	context=RateCount | CheckFrame | IconFrame | TextFrame | Interval
model_024/PatchRoot/DataModelInstances/CorePackages/Packages/Index/RbxDesignFoundations-31ab8d40-4.0.7/RbxDesignFoundations/NitroFrost/Dark.luac	proto=0	pc=6080	LOADN 60	debug=	line=1	context=RateCount | CheckFrame | IconFrame | TextFrame | Interval
model_024/PatchRoot/DataModelInstances/CorePackages/Packages/Index/RbxDesignFoundations-31ab8d40-4.0.7/RbxDesignFoundations/NitroFrost/Light.luac	proto=0	pc=884	LOADN 60	debug=	line=1	context=RateCount | CheckFrame | IconFrame | TextFrame | Interval
model_024/PatchRoot/DataModelInstances/CorePackages/Packages/Index/RbxDesignFoundations-31ab8d40-4.0.7/RbxDesignFoundations/NitroFrost/Light.luac	proto=0	pc=998	LOADN 60	debug=	line=1	context=RateCount | CheckFrame | IconFrame | TextFrame | Interval
model_024/PatchRoot/DataModelInstances/CorePackages/Packages/Index/RbxDesignFoundations-31ab8d40-4.0.7/RbxDesignFoundations/NitroFrost/Light.luac	proto=0	pc=3755	LOADN 60	debug=	line=1	context=RateCount | CheckFrame | IconFrame | TextFrame | Interval
model_024/PatchRoot/DataModelInstances/CorePackages/Packages/Index/RbxDesignFoundations-31ab8d40-4.0.7/RbxDesignFoundations/NitroFrost/Light.luac	proto=0	pc=4001	LOADN 60	debug=	line=1	context=RateCount | CheckFrame | IconFrame | TextFrame | Interval
model_024/PatchRoot/DataModelInstances/CorePackages/Packages/Index/RbxDesignFoundations-31ab8d40-4.0.7/RbxDesignFoundations/NitroFrost/Light.luac	proto=0	pc=6080	LOADN 60	debug=	line=1	context=RateCount | CheckFrame | IconFrame | TextFrame | Interval
model_024/PatchRoot/DataModelInstances/CorePackages/Packages/Index/RbxDesignFoundations-31ab8d40-4.0.7/RbxDesignFoundations/PixelPop/Dark.luac	proto=0	pc=884	LOADN 60	debug=	line=1	context=RateCount | CheckFrame | IconFrame | TextFrame | Interval
model_024/PatchRoot/DataModelInstances/CorePackages/Packages/Index/RbxDesignFoundations-31ab8d40-4.0.7/RbxDesignFoundations/PixelPop/Dark.luac	proto=0	pc=998	LOADN 60	debug=	line=1	context=RateCount | CheckFrame | IconFrame | TextFrame | Interval
model_024/PatchRoot/DataModelInstances/CorePackages/Packages/Index/RbxDesignFoundations-31ab8d40-4.0.7/RbxDesignFoundations/PixelPop/Dark.luac	proto=0	pc=3755	LOADN 60	debug=	line=1	context=RateCount | CheckFrame | IconFrame | TextFrame | Interval
model_024/PatchRoot/DataModelInstances/CorePackages/Packages/Index/RbxDesignFoundations-31ab8d40-4.0.7/RbxDesignFoundations/PixelPop/Dark.luac	proto=0	pc=4001	LOADN 60	debug=	line=1	context=RateCount | CheckFrame | IconFrame | TextFrame | Interval
model_024/PatchRoot/DataModelInstances/CorePackages/Packages/Index/RbxDesignFoundations-31ab8d40-4.0.7/RbxDesignFoundations/PixelPop/Dark.luac	proto=0	pc=6080	LOADN 60	debug=	line=1	context=RateCount | CheckFrame | IconFrame | TextFrame | Interval
model_024/PatchRoot/DataModelInstances/CorePackages/Packages/Index/RbxDesignFoundations-31ab8d40-4.0.7/RbxDesignFoundations/PixelPop/Light.luac	proto=0	pc=884	LOADN 60	debug=	line=1	context=RateCount | CheckFrame | IconFrame | TextFrame | Interval
model_024/PatchRoot/DataModelInstances/CorePackages/Packages/Index/RbxDesignFoundations-31ab8d40-4.0.7/RbxDesignFoundations/PixelPop/Light.luac	proto=0	pc=998	LOADN 60	debug=	line=1	context=RateCount | CheckFrame | IconFrame | TextFrame | Interval
model_024/PatchRoot/DataModelInstances/CorePackages/Packages/Index/RbxDesignFoundations-31ab8d40-4.0.7/RbxDesignFoundations/PixelPop/Light.luac	proto=0	pc=3755	LOADN 60	debug=	line=1	context=RateCount | CheckFrame | IconFrame | TextFrame | Interval
model_024/PatchRoot/DataModelInstances/CorePackages/Packages/Index/RbxDesignFoundations-31ab8d40-4.0.7/RbxDesignFoundations/PixelPop/Light.luac	proto=0	pc=4001	LOADN 60	debug=	line=1	context=RateCount | CheckFrame | IconFrame | TextFrame | Interval
model_024/PatchRoot/DataModelInstances/CorePackages/Packages/Index/RbxDesignFoundations-31ab8d40-4.0.7/RbxDesignFoundations/PixelPop/Light.luac	proto=0	pc=6080	LOADN 60	debug=	line=1	context=RateCount | CheckFrame | IconFrame | TextFrame | Interval
model_024/PatchRoot/DataModelInstances/CorePackages/Packages/Index/RbxDesignFoundations-31ab8d40-4.0.7/RbxDesignFoundations/PolarFreeze/Dark.luac	proto=0	pc=884	LOADN 60	debug=	line=1	context=RateCount | CheckFrame | IconFrame | TextFrame | Interval
model_024/PatchRoot/DataModelInstances/CorePackages/Packages/Index/RbxDesignFoundations-31ab8d40-4.0.7/RbxDesignFoundations/PolarFreeze/Dark.luac	proto=0	pc=998	LOADN 60	debug=	line=1	context=RateCount | CheckFrame | IconFrame | TextFrame | Interval
model_024/PatchRoot/DataModelInstances/CorePackages/Packages/Index/RbxDesignFoundations-31ab8d40-4.0.7/RbxDesignFoundations/PolarFreeze/Dark.luac	proto=0	pc=3755	LOADN 60	debug=	line=1	context=RateCount | CheckFrame | IconFrame | TextFrame | Interval
model_024/PatchRoot/DataModelInstances/CorePackages/Packages/Index/RbxDesignFoundations-31ab8d40-4.0.7/RbxDesignFoundations/PolarFreeze/Dark.luac	proto=0	pc=4001	LOADN 60	debug=	line=1	context=RateCount | CheckFrame | IconFrame | TextFrame | Interval
model_024/PatchRoot/DataModelInstances/CorePackages/Packages/Index/RbxDesignFoundations-31ab8d40-4.0.7/RbxDesignFoundations/PolarFreeze/Dark.luac	proto=0	pc=6080	LOADN 60	debug=	line=1	context=RateCount | CheckFrame | IconFrame | TextFrame | Interval
model_024/PatchRoot/DataModelInstances/CorePackages/Packages/Index/RbxDesignFoundations-31ab8d40-4.0.7/RbxDesignFoundations/PolarFreeze/Light.luac	proto=0	pc=884	LOADN 60	debug=	line=1	context=RateCount | CheckFrame | IconFrame | TextFrame | Interval
model_024/PatchRoot/DataModelInstances/CorePackages/Packages/Index/RbxDesignFoundations-31ab8d40-4.0.7/RbxDesignFoundations/PolarFreeze/Light.luac	proto=0	pc=998	LOADN 60	debug=	line=1	context=RateCount | CheckFrame | IconFrame | TextFrame | Interval
model_024/PatchRoot/DataModelInstances/CorePackages/Packages/Index/RbxDesignFoundations-31ab8d40-4.0.7/RbxDesignFoundations/PolarFreeze/Light.luac	proto=0	pc=3755	LOADN 60	debug=	line=1	context=RateCount | CheckFrame | IconFrame | TextFrame | Interval
model_024/PatchRoot/DataModelInstances/CorePackages/Packages/Index/RbxDesignFoundations-31ab8d40-4.0.7/RbxDesignFoundations/PolarFreeze/Light.luac	proto=0	pc=4001	LOADN 60	debug=	line=1	context=RateCount | CheckFrame | IconFrame | TextFrame | Interval
model_024/PatchRoot/DataModelInstances/CorePackages/Packages/Index/RbxDesignFoundations-31ab8d40-4.0.7/RbxDesignFoundations/PolarFreeze/Light.luac	proto=0	pc=6080	LOADN 60	debug=	line=1	context=RateCount | CheckFrame | IconFrame | TextFrame | Interval
model_024/PatchRoot/DataModelInstances/CorePackages/Packages/Index/RbxDesignFoundations-31ab8d40-4.0.7/RbxDesignFoundations/QuantumPulse/Dark.luac	proto=0	pc=884	LOADN 60	debug=	line=1	context=RateCount | CheckFrame | IconFrame | TextFrame | Interval
model_024/PatchRoot/DataModelInstances/CorePackages/Packages/Index/RbxDesignFoundations-31ab8d40-4.0.7/RbxDesignFoundations/QuantumPulse/Dark.luac	proto=0	pc=998	LOADN 60	debug=	line=1	context=RateCount | CheckFrame | IconFrame | TextFrame | Interval
model_024/PatchRoot/DataModelInstances/CorePackages/Packages/Index/RbxDesignFoundations-31ab8d40-4.0.7/RbxDesignFoundations/QuantumPulse/Dark.luac	proto=0	pc=3755	LOADN 60	debug=	line=1	context=RateCount | CheckFrame | IconFrame | TextFrame | Interval
model_024/PatchRoot/DataModelInstances/CorePackages/Packages/Index/RbxDesignFoundations-31ab8d40-4.0.7/RbxDesignFoundations/QuantumPulse/Dark.luac	proto=0	pc=4001	LOADN 60	debug=	line=1	context=RateCount | CheckFrame | IconFrame | TextFrame | Interval
model_024/PatchRoot/DataModelInstances/CorePackages/Packages/Index/RbxDesignFoundations-31ab8d40-4.0.7/RbxDesignFoundations/QuantumPulse/Dark.luac	proto=0	pc=6080	LOADN 60	debug=	line=1	context=RateCount | CheckFrame | IconFrame | TextFrame | Interval
model_024/PatchRoot/DataModelInstances/CorePackages/Packages/Index/RbxDesignFoundations-31ab8d40-4.0.7/RbxDesignFoundations/QuantumPulse/Light.luac	proto=0	pc=884	LOADN 60	debug=	line=1	context=RateCount | CheckFrame | IconFrame | TextFrame | Interval
model_024/PatchRoot/DataModelInstances/CorePackages/Packages/Index/RbxDesignFoundations-31ab8d40-4.0.7/RbxDesignFoundations/QuantumPulse/Light.luac	proto=0	pc=998	LOADN 60	debug=	line=1	context=RateCount | CheckFrame | IconFrame | TextFrame | Interval
model_024/PatchRoot/DataModelInstances/CorePackages/Packages/Index/RbxDesignFoundations-31ab8d40-4.0.7/RbxDesignFoundations/QuantumPulse/Light.luac	proto=0	pc=3755	LOADN 60	debug=	line=1	context=RateCount | CheckFrame | IconFrame | TextFrame | Interval
model_024/PatchRoot/DataModelInstances/CorePackages/Packages/Index/RbxDesignFoundations-31ab8d40-4.0.7/RbxDesignFoundations/QuantumPulse/Light.luac	proto=0	pc=4001	LOADN 60	debug=	line=1	context=RateCount | CheckFrame | IconFrame | TextFrame | Interval
model_024/PatchRoot/DataModelInstances/CorePackages/Packages/Index/RbxDesignFoundations-31ab8d40-4.0.7/RbxDesignFoundations/QuantumPulse/Light.luac	proto=0	pc=6080	LOADN 60	debug=	line=1	context=RateCount | CheckFrame | IconFrame | TextFrame | Interval
model_024/PatchRoot/DataModelInstances/CorePackages/Packages/Index/RbxDesignFoundations-31ab8d40-4.0.7/RbxDesignFoundations/StarBurst/Dark.luac	proto=0	pc=884	LOADN 60	debug=	line=1	context=RateCount | CheckFrame | IconFrame | TextFrame | Interval
model_024/PatchRoot/DataModelInstances/CorePackages/Packages/Index/RbxDesignFoundations-31ab8d40-4.0.7/RbxDesignFoundations/StarBurst/Dark.luac	proto=0	pc=998	LOADN 60	debug=	line=1	context=RateCount | CheckFrame | IconFrame | TextFrame | Interval
model_024/PatchRoot/DataModelInstances/CorePackages/Packages/Index/RbxDesignFoundations-31ab8d40-4.0.7/RbxDesignFoundations/StarBurst/Dark.luac	proto=0	pc=3755	LOADN 60	debug=	line=1	context=RateCount | CheckFrame | IconFrame | TextFrame | Interval
model_024/PatchRoot/DataModelInstances/CorePackages/Packages/Index/RbxDesignFoundations-31ab8d40-4.0.7/RbxDesignFoundations/StarBurst/Dark.luac	proto=0	pc=4001	LOADN 60	debug=	line=1	context=RateCount | CheckFrame | IconFrame | TextFrame | Interval
model_024/PatchRoot/DataModelInstances/CorePackages/Packages/Index/RbxDesignFoundations-31ab8d40-4.0.7/RbxDesignFoundations/StarBurst/Dark.luac	proto=0	pc=6080	LOADN 60	debug=	line=1	context=RateCount | CheckFrame | IconFrame | TextFrame | Interval
model_024/PatchRoot/DataModelInstances/CorePackages/Packages/Index/RbxDesignFoundations-31ab8d40-4.0.7/RbxDesignFoundations/StarBurst/Light.luac	proto=0	pc=884	LOADN 60	debug=	line=1	context=RateCount | CheckFrame | IconFrame | TextFrame | Interval
model_024/PatchRoot/DataModelInstances/CorePackages/Packages/Index/RbxDesignFoundations-31ab8d40-4.0.7/RbxDesignFoundations/StarBurst/Light.luac	proto=0	pc=998	LOADN 60	debug=	line=1	context=RateCount | CheckFrame | IconFrame | TextFrame | Interval
model_024/PatchRoot/DataModelInstances/CorePackages/Packages/Index/RbxDesignFoundations-31ab8d40-4.0.7/RbxDesignFoundations/StarBurst/Light.luac	proto=0	pc=3755	LOADN 60	debug=	line=1	context=RateCount | CheckFrame | IconFrame | TextFrame | Interval
model_024/PatchRoot/DataModelInstances/CorePackages/Packages/Index/RbxDesignFoundations-31ab8d40-4.0.7/RbxDesignFoundations/StarBurst/Light.luac	proto=0	pc=4001	LOADN 60	debug=	line=1	context=RateCount | CheckFrame | IconFrame | TextFrame | Interval
model_024/PatchRoot/DataModelInstances/CorePackages/Packages/Index/RbxDesignFoundations-31ab8d40-4.0.7/RbxDesignFoundations/StarBurst/Light.luac	proto=0	pc=6080	LOADN 60	debug=	line=1	context=RateCount | CheckFrame | IconFrame | TextFrame | Interval
model_024/PatchRoot/DataModelInstances/CorePackages/Packages/Index/RbxDesignFoundations-31ab8d40-4.0.7/RbxDesignFoundations/SuperCharge/Dark.luac	proto=0	pc=884	LOADN 60	debug=	line=1	context=RateCount | CheckFrame | IconFrame | TextFrame | Interval
model_024/PatchRoot/DataModelInstances/CorePackages/Packages/Index/RbxDesignFoundations-31ab8d40-4.0.7/RbxDesignFoundations/SuperCharge/Dark.luac	proto=0	pc=998	LOADN 60	debug=	line=1	context=RateCount | CheckFrame | IconFrame | TextFrame | Interval
model_024/PatchRoot/DataModelInstances/CorePackages/Packages/Index/RbxDesignFoundations-31ab8d40-4.0.7/RbxDesignFoundations/SuperCharge/Dark.luac	proto=0	pc=3755	LOADN 60	debug=	line=1	context=RateCount | CheckFrame | IconFrame | TextFrame | Interval
model_024/PatchRoot/DataModelInstances/CorePackages/Packages/Index/RbxDesignFoundations-31ab8d40-4.0.7/RbxDesignFoundations/SuperCharge/Dark.luac	proto=0	pc=4001	LOADN 60	debug=	line=1	context=RateCount | CheckFrame | IconFrame | TextFrame | Interval
model_024/PatchRoot/DataModelInstances/CorePackages/Packages/Index/RbxDesignFoundations-31ab8d40-4.0.7/RbxDesignFoundations/SuperCharge/Dark.luac	proto=0	pc=6080	LOADN 60	debug=	line=1	context=RateCount | CheckFrame | IconFrame | TextFrame | Interval
model_024/PatchRoot/DataModelInstances/CorePackages/Packages/Index/RbxDesignFoundations-31ab8d40-4.0.7/RbxDesignFoundations/SuperCharge/Light.luac	proto=0	pc=884	LOADN 60	debug=	line=1	context=RateCount | CheckFrame | IconFrame | TextFrame | Interval
model_024/PatchRoot/DataModelInstances/CorePackages/Packages/Index/RbxDesignFoundations-31ab8d40-4.0.7/RbxDesignFoundations/SuperCharge/Light.luac	proto=0	pc=998	LOADN 60	debug=	line=1	context=RateCount | CheckFrame | IconFrame | TextFrame | Interval
model_024/PatchRoot/DataModelInstances/CorePackages/Packages/Index/RbxDesignFoundations-31ab8d40-4.0.7/RbxDesignFoundations/SuperCharge/Light.luac	proto=0	pc=3755	LOADN 60	debug=	line=1	context=RateCount | CheckFrame | IconFrame | TextFrame | Interval
model_024/PatchRoot/DataModelInstances/CorePackages/Packages/Index/RbxDesignFoundations-31ab8d40-4.0.7/RbxDesignFoundations/SuperCharge/Light.luac	proto=0	pc=4001	LOADN 60	debug=	line=1	context=RateCount | CheckFrame | IconFrame | TextFrame | Interval
model_024/PatchRoot/DataModelInstances/CorePackages/Packages/Index/RbxDesignFoundations-31ab8d40-4.0.7/RbxDesignFoundations/SuperCharge/Light.luac	proto=0	pc=6080	LOADN 60	debug=	line=1	context=RateCount | CheckFrame | IconFrame | TextFrame | Interval
model_024/PatchRoot/DataModelInstances/CorePackages/Packages/Index/RobloxRequests/RobloxRequests/src/session.luac	proto=2	K1=60.0	debug=set_ratelimit	line=52	context=disable_ratelimit | _ratelimit | ratelimit
model_024/PatchRoot/DataModelInstances/CorePackages/Packages/Index/Scheduler/Scheduler/forks/SchedulerHostConfig.default.luac	proto=21	pc=33	LOADN 60	debug=	line=1	context=ReactSchedulerYieldInterval2 | ReactSchedulerDesiredFrameRate | ReactSchedulerMinFrameRate | ReactSchedulerEnableDeferredWork | ReactSchedulerSetFrameMarkerOnHeartbeatEnd | ReactSchedulerSetTargetMsByHeartbeatDelta | ReactSchedulerNumberOfLookbackFrames | ReactSchedulerLookbackUseRingBuffer | Heartbeat | shouldYieldToHost | forceFrameRate | setSchedulerFlags | getSchedulerFlags
model_024/PatchRoot/DataModelInstances/CorePackages/Packages/Index/ServiceContractsProto/ServiceContractsProto/roblox/apppageplatform/shared/v1beta1/actions.luac	proto=866	pc=1787	LOADN 60	debug=encode	line=31817	context=refresh_from_api_action | refresh_game_passes_action | refresh_playability_action | refresh_developer_products_action | refresh_omni_recommendation_feed_item_action | refresh_charts_sort_detail_action | refresh_feed_entry_from_api_action | open_profile_frames_editor_action | refresh_home_action
model_024/PatchRoot/DataModelInstances/CorePackages/Packages/Index/ServiceContractsProto/ServiceContractsProto/roblox/apppageplatform/shared/v1beta1/actions.luac	proto=867	K250=60.0	debug=decode	line=32178	context=refresh_from_api_action | RefreshFromApiAction | refresh_game_passes_action | RefreshGamePassesAction | refresh_playability_action | RefreshPlayabilityAction | refresh_developer_products_action | RefreshDeveloperProductsAction | refresh_omni_recommendation_feed_item_action | RefreshOmniRecommendationFeedItemAction | refresh_charts_sort_detail_action | RefreshChartsSortDetailAction | refresh_feed_entry_from_api_action | RefreshFeedEntryFromApiAction | open_profile_frames_editor_action | OpenProfi
model_024/PatchRoot/DataModelInstances/CorePackages/Packages/Index/ServiceContractsProto/ServiceContractsProto/roblox/apppageplatform/shared/v1beta1/actions.luac	proto=915	K120=60.0	debug=fromNumber	line=35362	context=ACTION_TYPE_REFRESH_FROM_API | ACTION_TYPE_REFRESH_GAME_PASSES | ACTION_TYPE_REFRESH_PLAYABILITY | ACTION_TYPE_REFRESH_DEVELOPER_PRODUCTS | ACTION_TYPE_REFRESH_OMNI_RECOMMENDATION_FEED_ITEM | ACTION_TYPE_REFRESH_CHARTS_SORT_DETAIL | ACTION_TYPE_REFRESH_FEED_ENTRY_FROM_API | ACTION_TYPE_OPEN_PROFILE_FRAMES_EDITOR | ACTION_TYPE_REFRESH_HOME
model_024/PatchRoot/DataModelInstances/CorePackages/Packages/Index/ServiceContractsProto/ServiceContractsProto/roblox/apppageplatform/shared/v1beta1/actions.luac	proto=916	pc=181	LOADN 60	debug=toNumber	line=35532	context=ACTION_TYPE_REFRESH_FROM_API | ACTION_TYPE_REFRESH_GAME_PASSES | ACTION_TYPE_REFRESH_PLAYABILITY | ACTION_TYPE_REFRESH_DEVELOPER_PRODUCTS | ACTION_TYPE_REFRESH_OMNI_RECOMMENDATION_FEED_ITEM | ACTION_TYPE_REFRESH_CHARTS_SORT_DETAIL | ACTION_TYPE_REFRESH_FEED_ENTRY_FROM_API | ACTION_TYPE_OPEN_PROFILE_FRAMES_EDITOR | ACTION_TYPE_REFRESH_HOME
model_024/PatchRoot/DataModelInstances/CorePackages/Packages/Index/SocialLibraries/SocialLibraries/Components/CallbackInputBoxWithIcon.luac	proto=1	K23=60.0	debug=	line=1	context=render
model_024/PatchRoot/DataModelInstances/CorePackages/Packages/Index/SocialLibraries/SocialLibraries/Components/FilteredScrollingList.luac	proto=7	pc=46	LOADN 60	debug=	line=1	context=renderEntry | render
model_024/PatchRoot/DataModelInstances/CorePackages/Packages/Index/Thumbnailing/Thumbnailing/LightUtility.luac	proto=6	pc=11	LOADN 60	debug=	line=225	context=partCFrame | CFrame
model_024/PatchRoot/DataModelInstances/CorePackages/Packages/Index/UIBlox/UIBlox/App/Dialog/Toast/ToastContainer.luac	proto=14	pc=171	LOADN 60	debug=	line=1	context=renderToast | render
