amethyst/fps_local.config	fps_smart_group.list60	'tv.danmaku.bili,com.xunmeng.pinduoduo,com.taobao.taobao,com.dragon.read,com.UCMobile,com.tencent.mtt,com.kmxs.reader,com.eg.android.AlipayGphone,com.autonavi.minimap,com.youku.phone,com.taobao.live,com.jingdong.app.mall,com.quark.browser,com.sdu.didi.gsui,com.baidu.BaiduMap,com.kugou.android,com.netease.cloudmusic,com.taobao.litetao,com.tencent.karaoke,com.taobao.idlefish,com.qidian.QDReader,com.shuqi.controller,com.tencent.qqmusic,com.duokan.free,com.qq.reader,com.yueyou.adreader,com.ximalaya.ting.android,com.tencent.weread,com.xs.fm,com.tencent.wemeet.app,com.lechuan.mdxs,com.chaozh.iReader.dj,com.sankuai.meituan.dispatch.crowdsource,com.chaozh.iReaderFree,com.cootek.crazyreader,com.lalamove.huolala.driver,com.faloo.BookReader4Android,com.jjwxc.reader,com.achievo.vipshop,io.legado.app.release,com.sankuai.meituan.dispatch.homebrew,com.cmcc.cmvideo,com.lwby.breader.ad,com.snda.wifilocating,com.duoduo.child.story,com.sankuai.meituan.takeoutnew,me.ele.crowdsource,com.alukaxi.bqshugg.blue,com.tencent.map,com.flyersoft.seekbooks,me.ele.napos,com.jingyao.easybike,com.alibaba.wireless,cn.kuwo.player,com.shizhuang.duapp,com.kuaiyin.player,com.yiyou.ga,com.ninesixshop.say,com.tmri.app.main,com.lechuan.midunovel,com.tmall.wireless,com.picacomic.fregata,com.kuangxiangciweimao.novel,com.unionpay,com.sdu.didi.psnger,com.qihoo.browser,com.qq.ac.android,com.bokecc.dance,com.duowan.mobile,com.ifreetalk.ftalk,com.kugou.android.elder,com.kuaidi.daijia.driver,com.dongqiudi.news,com.bilibili.comic,com.smzdm.client.android,com.xiwei.logistics,com.huaxiaozhu.driver,com.xinchuzu.driver,com.kuaikan.comic,com.wondertek.miguaikan,com.tencent.edu,com.jd.pingou,com.tool.biqudaogexs,com.tool.txtqbydq,com.baidu.yuedu,com.relief.space.master.cleaner,com.ophone.reader.ui,com.ishansong,com.ximalaya.ting.lite,com.sfexpress.knight,com.mianfeizs.book,com.didapinche.booking,com.jryg.driver,com.tadu.read,com.android.incallui,com.android.browser,com.android.deskclock,com.duokan.reader,com.android.camera,com.miui.cleanmaster,com.android.calendar,com.miui.player,com.xiaomi.shop,com.android.soundrecorder,com.miui.tsmclient,com.miui.fm,com.miui.huanji,com.android.nfc,com.xiaomi.scanner,com.mipay.wallet,com.miui.yellowpage,com.android.providers.downloads,com.miui.virtualsim,com.xiaomi.aiasst.service,com.miui.miservice,com.miui.compass,com.milink.service,com.miui.packageinstaller,com.xiaomi.youpin,com.miui.cit,com.gallery.player,com.miui.mediaviewer  ,com.xiaomi.calendar,com.android.providers.downloads.ui'
amethyst/fps_local.config	fps_group.list60	'com.ss.android.ugc.aweme,com.ss.android.ugc.aweme.lite,com.kuaishou.nebula,com.smile.gifmaker,com.tencent.qqlive,com.ss.android.article.video,com.qiyi.video,com.autonavi.minimap,com.ss.android.ugc.live,com.baidu.haokan,com.duowan.kiwi,com.sdu.didi.gsui,air.tv.douyu.android,com.baidu.BaiduMap,com.le123.ysdq,com.qiyi.video.lite,com.hunantv.imgo.activity,com.babycloud.hanju,com.tencent.wemeet.app,com.tencent.submarine,com.google.android.youtube,com.tencent.weishi,tv.pps.mobile,com.tencent.map,com.all.video,com.zhongduomei.rrmj.society,com.videogo,com.cctv.yangshipin.app.androidp,com.ifreetalk.ftalk,com.kuaidi.daijia.driver,cn.cntv,com.baidu.video,com.xiwei.logistics,com.xinchuzu.driver,com.heibaizhibo.app,com.ss.android.ugc.livelite,com.lanhu.lhspfilms,com.mampod.ergedd,com.android.incallui,com.miui.video,com.android.camera,com.miui.tsmclient,com.miui.huanji,com.xiaomi.scanner,com.miui.compass,com.miui.mediaviewer'
amethyst_id/fps_local.config	fps_smart_group.list60	'com.android.incallui,com.android.browser,com.android.deskclock,com.miui.video,com.duokan.reader,com.android.camera,com.miui.cleanmaster,com.android.calendar,com.miui.player,com.xiaomi.shop,com.android.soundrecorder,com.miui.tsmclient,com.miui.fm,com.miui.huanji,com.android.nfc,com.xiaomi.scanner,com.mipay.wallet,com.miui.yellowpage,com.android.providers.downloads,com.miui.virtualsim,com.xiaomi.aiasst.service,com.miui.miservice,com.miui.bugreport,com.miui.compass,com.milink.service,com.miui.packageinstaller,com.xiaomi.youpin,com.miui.mediaviewer,com.miui.cit,com.miui.videoplayer,com.gallery.player,com.miui.mediaviewer,com.xiaomi.calendar,com.android.providers.downloads.ui,com.google.android.youtube,com.whatsapp,com.facebook.katana,com.instagram.android,com.android.chrome,com.zhiliaoapp.musically,com.ss.android.ugc.trill,com.facebook.orca,com.facebook.lite,com.google.android.googlequicksearchbox,com.truecaller,org.telegram.messenger,com.gbwhatsapp,com.mxtech.videoplayer.ad,com.vkontakte.android,com.netflix.mediaclient,com.whatsapp.w4b,in.startv.hotstar,in.startv.hotstaronly,com.snapchat.android,com.viber.voip,com.google.android.apps.maps,com.zhiliaoapp.musically.go,com.vanced.android.youtube,com.google.android.apps.docs,com.twitter.android,com.android.vending,us.zoom.videomeetings,com.google.android.gm,com.playit.videoplayer,in.mohalla.sharechat,com.imo.android.imoim,ru.yandex.searchplugin,com.nemo.vidmate,com.kwai.video,ru.ok.android,com.google.android.apps.tachyon,jp.naver.line.android,com.gallery.player,in.mohalla.video,com.yandex.browser,com.shopee.id,com.microsoft.teams,com.funnypuri.client,org.telegram.plus,cn.wps.moffice_eng,com.jio.jioplay.tv,com.kwai.bulldog,com.discord,wp.wattpad,com.google.android.apps.youtube.music,com.google.android.apps.youtube.kids,com.spotify.music,com.flipkart.android,com.waze,com.zing.zalo,com.fmwhatsapp,com.lemon.lvoverseas,ru.yandex.yandexnavi,com.amazon.avod.thirdpartyclient,tv.twitch.android.app,com.meesho.supply,com.UCMobile.intl,com.pinterest,com.app.dream11Pro,com.tv.v18.viola,ru.yandex.taximeter,com.yowhatsapp,com.WhatsApp2Plus,com.graymatrix.did,com.google.android.apps.youtube.mango,com.avito.android,com.opera.browser,com.phonepe.app,video.tiki,com.opera.mini.native,com.lazada.android,com.alibaba.aliexpresshd,trendyol.com,org.videolan.vlc,in.amazon.mShop.android.shopping,com.firsttouchgames.dls7,com.aero,ir.medu.shad,org.xbet.client1,com.binance.dev,com.lenovo.anyshare.gps,com.next.innovation.takatak,com.google.android.apps.nbu.paisa.user,com.wildberries.ru,video.like,com.imo.android.imoimbeta,com.kwai.kuaishou.video.live,com.snaptube.premium,com.eterno,com.amazon.mShop.android.shopping,com.moonvideo.android.resso,com.google.android.apps.translate,com.google.android.apps.classroom,com.imo.android.imoimhd,com.microsoft.office.outlook,com.camerasideas.instashot,com.ubercab.driver,ir.ilmili.telegraph,com.prisbank.app,com.starmakerinteractive.starmaker,free.tube.premium.advanced.tuber,com.gojek.partner,com.facebook.mlite,mobi.mangatoon.novel,mobi.mangatoon.novel.portuguese,com.brave.browser,com.sonyliv,sg.bigo.live,com.michatapp.im,com.nexstreaming.app.kinemasterfree,in.mohalla.video.lite,com.shopee.br,com.obwhatsapp,com.mercadolibre,com.zzkko,net.one97.paytm,com.google.android.apps.tachyon,org.mozilla.firefox,com.cardfeed.video_public,com.tinder,com.naver.linewebtoon,world.social.group.video.share,im.thebot.messenger,com.adv.videoplayer.app,com.picsart.studio,com.instapro.android,com.bstar.intl,com.linkedin.android,com.pratilipi.mobile.android,com.ss.android.ugc.aweme,com.huya.nimo,com.tencent.qqlivei18n,com.duolingo,com.whereismytrain.android,com.whereismytraingadi.trainstatus.livetrainlocation,com.alightcreative.motion,com.grindrapp.android,com.disney.disneyplus,com.shopee.my,com.uc.browser.en,com.iqiyi.i18n,com.adobe.reader,ru.ozon.app.android,com.reddit.frontpage,com.hbo.hbonow,ru.yandex.yandexmaps,com.yy.hiyo,com.wrx.wazirx,com.duokan.phone.remotecontroller,com.perm.kate_new_6,com.shopee.ph,org.jw.jwlibrary.mobile,ir.resaneh1.iptv,video.player.videoplayer,com.instagram.lite,com.jio.myjio,com.vidio.android,com.tokopedia.tkpd,com.unacademyapp,re.sova.five,com.msf.angelmobile,com.eterno.shortvideos,com.ak.ta.dainikbhaskar.activity,com.badoo.mobile,com.skype.raider,com.google.android.apps.magazines,jp.ne.ibis.ibispaintx.app,sinet.startup.inDriver,com.gbwhatsapp3,com.myntra.android,com.offshore.pikashow,ru.dublgis.dgismobile,in.startv.hotstar.dplus,com.sahibinden,com.dywx.larkplayer,co.brainly,com.bsbportal.music,com.mxtech.videoplayer.beta,org.thunderdog.challegram,com.litatom.app,com.sec.android.app.sbrowser,com.flatfish.cal.privacy,com.maleo.bussimulatorid,com.taxsee.driver,com.canva.editor,com.viki.android,com.instapro.app,com.vtosters.android,com.yandex.zen,com.ubercab,mobi.mangatoon.comics.aphone,com.jtwhatsapp,xyz.penpencil.physicswala,blackrussia.online,org.readera,com.cricbuzz.android,com.jio.media.jiobeats,com.nextbillion.groww,ir.divar,com.cisco.webex.meetings,org.thoughtcrime.securesms,org.vidogram.messenger,com.blueWAplus,com.instander.android,com.olacabs.oladriver,com.vuclip.viu,org.telegram.messenger.web,com.gojek.app,com.olx.southasia,com.youdao.hindict,com.grab.merchant,com.intsig.camscanner,com.amazon.mp3,com.shadow.blackhole,mrt.battery.health,com.pay4vend.pay4vend,idm.internet.download.manager,in.upstox.app,com.video.fun.app,com.application.zomato,com.schibsted.bomnegocio.androidApp,com.jio.media.ondemand'
amethyst_id/fps_local.config	fps_group.list60	'com.android.incallui,com.miui.video,com.android.camera,com.miui.tsmclient,com.miui.huanji,com.xiaomi.scanner,com.miui.compass,com.miui.mediaviewer,com.google.android.youtube,com.zhiliaoapp.musically,com.ss.android.ugc.trill,com.mxtech.videoplayer.ad,com.netflix.mediaclient,in.startv.hotstar,in.startv.hotstaronly,com.google.android.apps.maps,com.zhiliaoapp.musically.go,com.vanced.android.youtube,us.zoom.videomeetings,com.google.android.gm,com.playit.videoplayer,in.mohalla.sharechat,ru.yandex.searchplugin,com.nemo.vidmate,com.kwai.video,com.gallery.player,in.mohalla.video,com.funnypuri.client,com.jio.jioplay.tv,com.kwai.bulldog,wp.wattpad,com.google.android.apps.youtube.music,com.google.android.apps.youtube.kids,com.spotify.music,com.waze,com.lemon.lvoverseas,ru.yandex.yandexnavi,com.amazon.avod.thirdpartyclient,tv.twitch.android.app,com.tv.v18.viola,ru.yandex.taximeter,com.graymatrix.did,com.google.android.apps.youtube.mango,video.tiki,com.lazada.android,org.videolan.vlc,in.amazon.mShop.android.shopping,com.firsttouchgames.dls7,com.aero,com.lenovo.anyshare.gps,com.next.innovation.takatak,video.like,com.kwai.kuaishou.video.live,com.snaptube.premium,com.moonvideo.android.resso,com.starmakerinteractive.starmaker,free.tube.premium.advanced.tuber,mobi.mangatoon.novel,mobi.mangatoon.novel.portuguese,com.sonyliv,sg.bigo.live,com.nexstreaming.app.kinemasterfree,in.mohalla.video.lite,net.one97.paytm,com.google.android.apps.tachyon,com.cardfeed.video_public,com.tinder,com.naver.linewebtoon,world.social.group.video.share,com.adv.videoplayer.app,com.instapro.android,com.bstar.intl,com.pratilipi.mobile.android,com.ss.android.ugc.aweme,com.huya.nimo,com.tencent.qqlivei18n,com.disney.disneyplus,com.iqiyi.i18n,com.adobe.reader,ru.ozon.app.android,com.hbo.hbonow,ru.yandex.yandexmaps,com.wrx.wazirx,com.duokan.phone.remotecontroller,com.shopee.ph,org.jw.jwlibrary.mobile,ir.resaneh1.iptv,video.player.videoplayer,com.jio.myjio,com.vidio.android,com.eterno.shortvideos,com.skype.raider,com.google.android.apps.magazines,sinet.startup.inDriver,ru.dublgis.dgismobile,in.startv.hotstar.dplus,com.dywx.larkplayer,com.bsbportal.music,com.mxtech.videoplayer.beta,com.maleo.bussimulatorid,com.taxsee.driver,com.viki.android,mobi.mangatoon.comics.aphone,org.readera,com.jio.media.jiobeats,com.vuclip.viu,com.amazon.mp3,com.shadow.blackhole,com.video.fun.app,com.jio.media.ondemand'
amethyst_intl/fps_local.config	fps_smart_group.list60	'com.android.incallui,com.android.browser,com.android.deskclock,com.miui.video,com.duokan.reader,com.android.camera,com.miui.cleanmaster,com.android.calendar,com.miui.player,com.xiaomi.shop,com.android.soundrecorder,com.miui.tsmclient,com.miui.fm,com.miui.huanji,com.android.nfc,com.xiaomi.scanner,com.mipay.wallet,com.miui.yellowpage,com.android.providers.downloads,com.miui.virtualsim,com.xiaomi.aiasst.service,com.miui.miservice,com.miui.compass,com.milink.service,com.miui.packageinstaller,com.xiaomi.youpin,com.miui.mediaviewer,com.miui.cit,com.miui.videoplayer,com.gallery.player,com.miui.mediaviewer,com.xiaomi.calendar,com.android.providers.downloads.ui,com.google.android.youtube,com.zhiliaoapp.musically,com.ss.android.ugc.trill,com.google.android.googlequicksearchbox,com.truecaller,org.telegram.messenger,com.mxtech.videoplayer.ad,com.netflix.mediaclient,in.startv.hotstar,in.startv.hotstaronly,com.snapchat.android,com.viber.voip,com.google.android.apps.maps,com.zhiliaoapp.musically.go,com.vanced.android.youtube,com.google.android.apps.docs,us.zoom.videomeetings,com.google.android.gm,com.playit.videoplayer,in.mohalla.sharechat,com.nemo.vidmate,com.kwai.video,com.google.android.apps.tachyon,com.gallery.player,in.mohalla.video,com.shopee.id,com.microsoft.teams,com.funnypuri.client,com.jio.jioplay.tv,com.kwai.bulldog,wp.wattpad,com.google.android.apps.youtube.music,com.google.android.apps.youtube.kids,com.spotify.music,com.flipkart.android,com.waze,com.lemon.lvoverseas,ru.yandex.yandexnavi,com.amazon.avod.thirdpartyclient,tv.twitch.android.app,com.meesho.supply,com.pinterest,com.app.dream11Pro,com.tv.v18.viola,ru.yandex.taximeter,com.graymatrix.did,com.google.android.apps.youtube.mango,com.avito.android,com.phonepe.app,video.tiki,com.lazada.android,com.alibaba.aliexpresshd,trendyol.com,org.videolan.vlc,in.amazon.mShop.android.shopping,com.firsttouchgames.dls7,com.aero,ir.medu.shad,org.xbet.client1,com.lenovo.anyshare.gps,com.next.innovation.takatak,com.google.android.apps.nbu.paisa.user,com.wildberries.ru,video.like,com.kwai.kuaishou.video.live,com.amazon.mShop.android.shopping,com.moonvideo.android.resso,com.google.android.apps.classroom,com.microsoft.office.outlook,com.camerasideas.instashot,com.ubercab.driver,com.prisbank.app,com.starmakerinteractive.starmaker,free.tube.premium.advanced.tuber,com.gojek.partner,mobi.mangatoon.novel,mobi.mangatoon.novel.portuguese,com.sonyliv,sg.bigo.live,com.nexstreaming.app.kinemasterfree,in.mohalla.video.lite,com.shopee.br,com.mercadolibre,com.zzkko,net.one97.paytm,com.cardfeed.video_public,com.naver.linewebtoon,world.social.group.video.share,com.adv.videoplayer.app,com.bstar.intl,com.pratilipi.mobile.android,com.ss.android.ugc.aweme,com.huya.nimo,com.tencent.qqlivei18n,com.duolingo,com.whereismytrain.android,com.whereismytraingadi.trainstatus.livetrainlocation,com.disney.disneyplus,com.shopee.my,com.iqiyi.i18n,ru.ozon.app.android,com.hbo.hbonow,ru.yandex.yandexmaps,com.duokan.phone.remotecontroller,com.shopee.ph,org.jw.jwlibrary.mobile,ir.resaneh1.iptv,video.player.videoplayer,com.jio.myjio,com.vidio.android,com.tokopedia.tkpd,com.unacademyapp,com.msf.angelmobile,com.eterno.shortvideos,com.ak.ta.dainikbhaskar.activity,com.skype.raider,com.google.android.apps.magazines,jp.ne.ibis.ibispaintx.app,sinet.startup.inDriver,com.myntra.android,com.offshore.pikashow,ru.dublgis.dgismobile,in.startv.hotstar.dplus,com.sahibinden,com.dywx.larkplayer,co.brainly,com.bsbportal.music,com.mxtech.videoplayer.beta,com.flatfish.cal.privacy,com.maleo.bussimulatorid,com.taxsee.driver,com.viki.android,com.ubercab,mobi.mangatoon.comics.aphone,xyz.penpencil.physicswala,org.readera,com.jio.media.jiobeats,ir.divar,com.cisco.webex.meetings,com.instander.android,com.olacabs.oladriver,com.vuclip.viu,com.olx.southasia,com.grab.merchant,com.amazon.mp3,com.shadow.blackhole,mrt.battery.health,com.pay4vend.pay4vend,idm.internet.download.manager,in.upstox.app,com.video.fun.app,com.application.zomato,com.schibsted.bomnegocio.androidApp,com.jio.media.ondemand'
amethyst_intl/fps_local.config	fps_group.list60	'com.android.incallui,com.miui.video,com.android.camera,com.miui.tsmclient,com.miui.huanji,com.xiaomi.scanner,com.miui.compass,com.miui.mediaviewer,com.google.android.youtube,com.zhiliaoapp.musically,com.ss.android.ugc.trill,com.mxtech.videoplayer.ad,com.netflix.mediaclient,in.startv.hotstar,in.startv.hotstaronly,com.google.android.apps.maps,com.zhiliaoapp.musically.go,com.vanced.android.youtube,com.playit.videoplayer,in.mohalla.sharechat,com.nemo.vidmate,com.kwai.video,com.gallery.player,in.mohalla.video,com.funnypuri.client,com.jio.jioplay.tv,com.kwai.bulldog,wp.wattpad,com.google.android.apps.youtube.music,com.google.android.apps.youtube.kids,com.spotify.music,com.waze,ru.yandex.yandexnavi,com.amazon.avod.thirdpartyclient,tv.twitch.android.app,com.tv.v18.viola,ru.yandex.taximeter,com.graymatrix.did,com.google.android.apps.youtube.mango,video.tiki,org.videolan.vlc,com.aero,com.next.innovation.takatak,video.like,com.kwai.kuaishou.video.live,com.moonvideo.android.resso,com.starmakerinteractive.starmaker,free.tube.premium.advanced.tuber,mobi.mangatoon.novel,mobi.mangatoon.novel.portuguese,com.sonyliv,sg.bigo.live,com.nexstreaming.app.kinemasterfree,in.mohalla.video.lite,net.one97.paytm,com.cardfeed.video_public,com.naver.linewebtoon,world.social.group.video.share,com.adv.videoplayer.app,com.bstar.intl,com.pratilipi.mobile.android,com.ss.android.ugc.aweme,com.huya.nimo,com.tencent.qqlivei18n,com.disney.disneyplus,com.iqiyi.i18n,com.hbo.hbonow,org.jw.jwlibrary.mobile,ir.resaneh1.iptv,video.player.videoplayer,com.jio.myjio,com.vidio.android,com.eterno.shortvideos,com.skype.raider,com.google.android.apps.magazines,sinet.startup.inDriver,ru.dublgis.dgismobile,in.startv.hotstar.dplus,com.dywx.larkplayer,com.bsbportal.music,com.mxtech.videoplayer.beta,com.viki.android,mobi.mangatoon.comics.aphone,org.readera,com.jio.media.jiobeats,com.vuclip.viu,com.amazon.mp3,com.shadow.blackhole,com.video.fun.app,com.jio.media.ondemand'
annibale/fps_local.config	fps_smart_group.list60	'com.android.incallui,com.android.deskclock,com.miui.video,com.duokan.reader,com.android.camera,com.miui.cleanmaster,com.mfashiongallery.emag,com.android.calendar,com.miui.player,com.android.soundrecorder,com.miui.fm,com.miui.huanji,com.android.nfc,com.xiaomi.scanner,com.mipay.wallet,com.miui.yellowpage,com.android.providers.downloads,com.miui.virtualsim,com.xiaomi.aiasst.service,com.miui.bugreport,com.miui.compass,com.milink.service,com.miui.packageinstaller,com.miui.mediaviewer,com.android.providers.downloads.ui,com.miui.cit,com.ss.android.article.news,com.xunmeng.pinduoduo,com.taobao.taobao,com.dragon.read,com.UCMobile,com.kmxs.reader,com.eg.android.AlipayGphone,com.autonavi.minimap,com.youku.phone,com.taobao.live,com.jingdong.app.mall,com.sohu.inputmethod.sogou,com.sdu.didi.gsui,com.iflytek.inputmethod,com.baidu.BaiduMap,com.sup.android.superb,com.kugou.android,com.netease.cloudmusic,com.lechuan.mdwz,com.tencent.karaoke,com.qidian.QDReader,com.shuqi.controller,com.tencent.qqmusic,com.duokan.free,com.qq.reader,com.yueyou.adreader,com.ximalaya.ting.android,com.tencent.weread,com.xs.fm,com.tencent.wemeet.app,com.lechuan.mdxs,com.chaozh.iReader.dj,com.sankuai.meituan.dispatch.crowdsource,com.chaozh.iReaderFree,com.cootek.crazyreader,com.sankuai.meituan.meituanwaimaibusiness,com.lalamove.huolala.driver,com.faloo.BookReader4Android,com.jjwxc.reader,io.legado.app.release,com.baidu.input,com.sankuai.meituan.dispatch.homebrew,com.hpbr.bosszhipin,com.cmcc.cmvideo,com.lwby.breader.ad,com.snda.wifilocating,com.duoduo.child.story,me.ele.crowdsource,com.alukaxi.bqshugg.blue,com.tencent.map,com.tencent.qqpinyin,com.flyersoft.seekbooks,me.ele.napos,com.jingyao.easybike,cn.kuwo.player,com.kuaiyin.player,com.yiyou.ga,com.ninesixshop.say,com.tmri.app.main,com.lechuan.midunovel,com.tmall.wireless,com.picacomic.fregata,com.kuangxiangciweimao.novel,com.sdu.didi.psnger,com.qq.ac.android,com.bokecc.dance,com.duowan.mobile,com.ifreetalk.ftalk,com.kugou.android.elder,com.kuaidi.daijia.driver,com.dongqiudi.news,com.bilibili.comic,com.xiwei.logistics,com.huaxiaozhu.driver,com.xinchuzu.driver,com.kuaikan.comic,com.wondertek.miguaikan,com.tencent.edu,com.jd.pingou,com.tool.biqudaogexs,com.tool.txtqbydq,com.baidu.yuedu,com.relief.space.master.cleaner,com.mampod.ergedd,com.ophone.reader.ui,com.ishansong,com.ximalaya.ting.lite,com.sfexpress.knight,com.mianfeizs.book,com.didapinche.booking,com.jryg.driver,com.tadu.read,com.diotc.qojfqkj,com.taige.miaokan,com.taige.mygold,com.phoenix.read,cn.missevan,com.eggflower.read,cn.kuwo.tingshu.lite,com.ss.android.yumme.video,com.jz.xydj,com.dz.hmjc,com.comics.bika'
annibale/fps_local.config	fps_group.list60	'com.android.incallui,com.miui.video,com.android.camera,com.mfashiongallery.emag,com.miui.huanji,com.xiaomi.scanner,com.miui.compass,com.miui.mediaviewer,com.miui.cit,com.autonavi.minimap,com.sohu.inputmethod.sogou,com.sdu.didi.gsui,com.iflytek.inputmethod,com.baidu.BaiduMap,com.tencent.wemeet.app,com.baidu.input,com.tencent.map,com.ifreetalk.ftalk,com.kuaidi.daijia.driver,com.xiwei.logistics,com.xinchuzu.driver,com.mampod.ergedd'
annibale_id/fps_local.config	fps_smart_group.list60	'com.android.incallui,com.android.deskclock,com.android.camera,com.miui.player,com.miui.cleanmaster,com.android.soundrecorder,com.miui.cleaner,com.xiaomi.calendar,com.google.android.calendar,com.android.calendar,com.xiaomi.scanner,com.whatsapp,com.facebook.katana,com.instagram.android,com.android.chrome,com.facebook.orca,com.facebook.lite,com.google.android.googlequicksearchbox,com.truecaller,org.telegram.messenger,com.gbwhatsapp,com.vkontakte.android,com.netflix.mediaclient,com.whatsapp.w4b,in.startv.hotstar,in.startv.hotstaronly,com.snapchat.android,com.viber.voip,com.google.android.apps.maps,com.google.android.apps.docs,com.twitter.android,com.android.vending,us.zoom.videomeetings,com.google.android.gm,com.imo.android.imoim,ru.yandex.searchplugin,ru.ok.android,com.google.android.apps.tachyon,jp.naver.line.android,com.gallery.player,com.yandex.browser,com.shopee.id,com.microsoft.teams,org.telegram.plus,cn.wps.moffice_eng,com.discord,com.flipkart.android,com.zing.zalo,com.fmwhatsapp,com.lemon.lvoverseas,com.meesho.supply,com.UCMobile.intl,com.pinterest,com.app.dream11Pro,com.yowhatsapp,com.WhatsApp2Plus,com.avito.android,com.opera.browser,com.phonepe.app,com.opera.mini.native,com.lazada.android,com.alibaba.aliexpresshd,trendyol.com,in.amazon.mShop.android.shopping,com.firsttouchgames.dls7,ir.medu.shad,org.xbet.client1,com.binance.dev,com.lenovo.anyshare.gps,com.google.android.apps.nbu.paisa.user,com.wildberries.ru,com.imo.android.imoimbeta,com.eterno,com.amazon.mShop.android.shopping,com.google.android.apps.translate,com.google.android.apps.classroom,com.imo.android.imoimhd,com.microsoft.office.outlook,com.camerasideas.instashot,com.ubercab.driver,ir.ilmili.telegraph,com.prisbank.app,com.gojek.partner,com.facebook.mlite,com.brave.browser,com.michatapp.im,com.shopee.br,com.obwhatsapp,com.mercadolibre,com.zzkko,org.mozilla.firefox,com.tinder,im.thebot.messenger,com.picsart.studio,com.instapro.android,com.linkedin.android,com.duolingo,com.whereismytraingadi.trainstatus.livetrainlocation,com.alightcreative.motion,com.grindrapp.android,com.shopee.my,com.uc.browser.en,com.adobe.reader,ru.ozon.app.android,com.reddit.frontpage,ru.yandex.yandexmaps,com.yy.hiyo,com.wrx.wazirx,com.duokan.phone.remotecontroller,com.perm.kate_new_6,com.shopee.ph,ir.resaneh1.iptv,com.instagram.lite,com.tokopedia.tkpd,com.unacademyapp,re.sova.five,com.msf.angelmobile,com.ak.ta.dainikbhaskar.activity,com.badoo.mobile,jp.ne.ibis.ibispaintx.app,com.gbwhatsapp3,com.myntra.android,com.offshore.pikashow,com.sahibinden,co.brainly,org.thunderdog.challegram,com.litatom.app,com.sec.android.app.sbrowser,com.flatfish.cal.privacy,com.maleo.bussimulatorid,com.taxsee.driver,com.canva.editor,com.instapro.app,com.vtosters.android,com.yandex.zen,com.ubercab,com.jtwhatsapp,xyz.penpencil.physicswala,blackrussia.online,com.cricbuzz.android,com.nextbillion.groww,ir.divar,com.cisco.webex.meetings,org.thoughtcrime.securesms,org.vidogram.messenger,com.blueWAplus,com.instander.android,com.olacabs.oladriver,com.vuclip.viu,org.telegram.messenger.web,com.gojek.app,com.olx.southasia,com.youdao.hindict,com.grab.merchant,com.intsig.camscanner,com.shadow.blackhole,mrt.battery.health,com.pay4vend.pay4vend,idm.internet.download.manager,in.upstox.app,com.video.fun.app,com.application.zomato,com.schibsted.bomnegocio.androidApp,com.jio.media.ondemand,iflix.play,com.tencent.videolite.android,cn.amazon.mShop.android,com.lunarlabs.panda,com.smartviser.demogame,com.smartviser.viserneo,com.smartviser.settings'
annibale_id/fps_local.config	fps_group.list60	'com.android.incallui,com.android.camera,com.xiaomi.scanner,com.netflix.mediaclient,in.startv.hotstar,in.startv.hotstaronly,com.google.android.apps.maps,us.zoom.videomeetings,com.google.android.gm,ru.yandex.searchplugin,com.gallery.player,com.lemon.lvoverseas,com.lazada.android,in.amazon.mShop.android.shopping,com.firsttouchgames.dls7,com.lenovo.anyshare.gps,com.tinder,com.instapro.android,com.adobe.reader,ru.ozon.app.android,ru.yandex.yandexmaps,com.wrx.wazirx,com.duokan.phone.remotecontroller,com.shopee.ph,ir.resaneh1.iptv,com.maleo.bussimulatorid,com.taxsee.driver,com.vuclip.viu,com.shadow.blackhole,com.video.fun.app,com.jio.media.ondemand,iflix.play,com.tencent.videolite.android,cn.amazon.mShop.android,com.lunarlabs.panda,com.smartviser.demogame,com.smartviser.viserneo,com.smartviser.settings'
annibale_intl/fps_local.config	fps_smart_group.list60	'com.android.incallui,com.android.deskclock,com.android.camera,com.miui.player,com.miui.cleanmaster,com.android.soundrecorder,com.miui.cleaner,com.xiaomi.calendar,com.google.android.calendar,com.android.calendar,com.xiaomi.scanner,com.whatsapp,com.instagram.android,com.google.android.googlequicksearchbox,com.truecaller,org.telegram.messenger,com.netflix.mediaclient,in.startv.hotstar,in.startv.hotstaronly,com.snapchat.android,com.viber.voip,com.google.android.apps.maps,com.google.android.apps.docs,us.zoom.videomeetings,com.google.android.gm,com.imo.android.imoim,com.google.android.apps.tachyon,com.gallery.player,com.shopee.id,com.microsoft.teams,com.flipkart.android,com.lemon.lvoverseas,com.meesho.supply,com.pinterest,com.app.dream11Pro,com.avito.android,com.phonepe.app,com.lazada.android,com.alibaba.aliexpresshd,trendyol.com,in.amazon.mShop.android.shopping,com.firsttouchgames.dls7,ir.medu.shad,org.xbet.client1,com.lenovo.anyshare.gps,com.google.android.apps.nbu.paisa.user,com.wildberries.ru,com.amazon.mShop.android.shopping,com.google.android.apps.classroom,com.microsoft.office.outlook,com.camerasideas.instashot,com.ubercab.driver,com.prisbank.app,com.gojek.partner,com.shopee.br,com.mercadolibre,com.zzkko,com.duolingo,com.whereismytraingadi.trainstatus.livetrainlocation,com.shopee.my,ru.ozon.app.android,ru.yandex.yandexmaps,com.duokan.phone.remotecontroller,com.shopee.ph,ir.resaneh1.iptv,com.instagram.lite,com.tokopedia.tkpd,com.unacademyapp,com.msf.angelmobile,com.ak.ta.dainikbhaskar.activity,jp.ne.ibis.ibispaintx.app,com.myntra.android,com.offshore.pikashow,com.sahibinden,co.brainly,com.flatfish.cal.privacy,com.maleo.bussimulatorid,com.taxsee.driver,com.ubercab,xyz.penpencil.physicswala,ir.divar,com.cisco.webex.meetings,com.instander.android,com.olacabs.oladriver,com.vuclip.viu,com.olx.southasia,com.grab.merchant,com.shadow.blackhole,mrt.battery.health,com.pay4vend.pay4vend,idm.internet.download.manager,in.upstox.app,com.video.fun.app,com.application.zomato,com.schibsted.bomnegocio.androidApp,com.jio.media.ondemand,iflix.play,com.tencent.videolite.android,cn.amazon.mShop.android,com.lunarlabs.panda,com.smartviser.demogame,com.smartviser.viserneo,com.smartviser.settings'
annibale_intl/fps_local.config	fps_group.list60	'com.android.incallui,com.android.camera,com.xiaomi.scanner,com.netflix.mediaclient,in.startv.hotstar,in.startv.hotstaronly,com.google.android.apps.maps,com.gallery.player,ir.resaneh1.iptv,com.vuclip.viu,com.shadow.blackhole,com.video.fun.app,com.jio.media.ondemand,com.lunarlabs.panda,com.smartviser.demogame,com.smartviser.viserneo,com.smartviser.settings'
arctic_intl/fps_local.config	fps_smart_group.list90	'com.mi.android.globallauncher,com.miui.home,com.google.android.contacts,com.android.settings,com.miui.player,com.android.thememanager,com.mi.android.globalFileexplorer,com.miui.weather2,com.whatsapp,org.telegram.messenger,com.xiaomi.misettings,com.milink.service,com.miui.notification'
arctic_intl/fps_local.config	fps_group.list90	'com.mi.android.globallauncher,com.miui.home,com.google.android.contacts,com.miui.player,com.android.soundrecorder,com.android.thememanager,com.whatsapp,org.telegram.messenger,com.milink.service,com.miui.notification'
arctic_intl/fps_local.config	fps_group.list120	'com.google.android.apps.messaging,com.android.settings,com.android.deskclock,com.miui.calculator,com.xiaomi.misettings,com.mi.android.globalFileexplorer,com.miui.weather2'
athens/fps_local.config	fps_smart_group.list60	'com.android.incallui,com.android.deskclock,com.miui.video,com.duokan.reader,com.android.camera,com.miui.cleanmaster,com.mfashiongallery.emag,com.android.calendar,com.miui.player,com.android.soundrecorder,com.miui.fm,com.miui.huanji,com.android.nfc,com.xiaomi.scanner,com.mipay.wallet,com.miui.yellowpage,com.android.providers.downloads,com.miui.virtualsim,com.xiaomi.aiasst.service,com.miui.bugreport,com.miui.compass,com.milink.service,com.miui.packageinstaller,com.miui.mediaviewer,com.android.providers.downloads.ui,com.miui.cit,com.ss.android.article.news,com.xunmeng.pinduoduo,com.taobao.taobao,com.dragon.read,com.UCMobile,com.kmxs.reader,com.eg.android.AlipayGphone,com.autonavi.minimap,com.youku.phone,com.taobao.live,com.jingdong.app.mall,com.sohu.inputmethod.sogou,com.sdu.didi.gsui,com.iflytek.inputmethod,com.baidu.BaiduMap,com.sup.android.superb,com.kugou.android,com.netease.cloudmusic,com.lechuan.mdwz,com.tencent.karaoke,com.qidian.QDReader,com.shuqi.controller,com.tencent.qqmusic,com.duokan.free,com.qq.reader,com.yueyou.adreader,com.ximalaya.ting.android,com.tencent.weread,com.xs.fm,com.tencent.wemeet.app,com.lechuan.mdxs,com.chaozh.iReader.dj,com.sankuai.meituan.dispatch.crowdsource,com.chaozh.iReaderFree,com.cootek.crazyreader,com.sankuai.meituan.meituanwaimaibusiness,com.lalamove.huolala.driver,com.faloo.BookReader4Android,com.jjwxc.reader,io.legado.app.release,com.baidu.input,com.sankuai.meituan.dispatch.homebrew,com.hpbr.bosszhipin,com.cmcc.cmvideo,com.lwby.breader.ad,com.snda.wifilocating,com.duoduo.child.story,me.ele.crowdsource,com.alukaxi.bqshugg.blue,com.tencent.map,com.tencent.qqpinyin,com.flyersoft.seekbooks,me.ele.napos,com.jingyao.easybike,cn.kuwo.player,com.kuaiyin.player,com.yiyou.ga,com.ninesixshop.say,com.tmri.app.main,com.lechuan.midunovel,com.tmall.wireless,com.picacomic.fregata,com.kuangxiangciweimao.novel,com.sdu.didi.psnger,com.qq.ac.android,com.bokecc.dance,com.duowan.mobile,com.ifreetalk.ftalk,com.kugou.android.elder,com.kuaidi.daijia.driver,com.dongqiudi.news,com.bilibili.comic,com.xiwei.logistics,com.huaxiaozhu.driver,com.xinchuzu.driver,com.kuaikan.comic,com.wondertek.miguaikan,com.tencent.edu,com.jd.pingou,com.tool.biqudaogexs,com.tool.txtqbydq,com.baidu.yuedu,com.relief.space.master.cleaner,com.mampod.ergedd,com.ophone.reader.ui,com.ishansong,com.ximalaya.ting.lite,com.sfexpress.knight,com.mianfeizs.book,com.didapinche.booking,com.jryg.driver,com.tadu.read,com.diotc.qojfqkj,com.taige.miaokan,com.taige.mygold,com.phoenix.read,cn.missevan,com.eggflower.read,cn.kuwo.tingshu.lite,com.ss.android.yumme.video,com.jz.xydj,com.dz.hmjc,com.comics.bika'
athens/fps_local.config	fps_smart_group.list60_game	'com.feiyu.luobo4.mi,com.bf.sgs.hdexp.mi,com.mfp.jelly.xiaomi,com.easygame2022.sheepmatchcn.mi,com.zy.game.painter2.mi,com.jingpinddz.cy.mi,com.lew.game.monster.mi,com.zf.myds.mi,com.mengmi.majiang.mi,com.tencent.tmgp.hqxy,com.feiyu.hcollege.mi,com.k7k7.goujihd,com.k7k7.goujihd.mi,com.fy.wdnc.mi,com.jd.game.cwllk.mi,com.djddz.km,com.ex.jpkbfc.mi,com.lywx.lyxq.mi,com.yh.zdxhz.mi,com.yh.zdxhz,com.zy.game.fkdgz.mi,com.dz.game.sqhx.mi,com.jd.game.cutfruit.mi,com.lew.game.qmppl.mi,com.duole.guandanhd.mi,com.ylly.xczzd.mi,com.pokercity.ddz.mi,com.rh.jtxqj.mi,com.xzh.ttwxq.mi,com.supercell.clashofclans,com.tencent.tmgp.supercell.clashofclans,com.supercell.clashroyale,com.tencent.tmgp.supercell.clashroyale,com.blizzard.wtcg.hearthstone,com.ironhidegames.android.kingdomrush.alliance,com.kingdomrush4.mi,com.ea.game.pvz2_row,com.popcap.pvz2cthdxm,com.tencent.tmgp.road7.ddtdmxandroid,com.road7.ddtdmxandroid.mi,com.co.zjhy.mi,com.volvapps.ef3.x.mi,com.ahlh.sgzhd.mi,com.my.cooking.chef.kitchen.craze.fever.mi'
athens/fps_local.config	fps_group.list60	'com.android.incallui,com.miui.video,com.android.camera,com.mfashiongallery.emag,com.miui.huanji,com.xiaomi.scanner,com.miui.compass,com.miui.mediaviewer,com.miui.cit,com.autonavi.minimap,com.sohu.inputmethod.sogou,com.sdu.didi.gsui,com.iflytek.inputmethod,com.baidu.BaiduMap,com.tencent.wemeet.app,com.baidu.input,com.tencent.map,com.ifreetalk.ftalk,com.kuaidi.daijia.driver,com.xiwei.logistics,com.xinchuzu.driver,com.mampod.ergedd'
athens_id/fps_local.config	fps_smart_group.list60	'com.android.incallui,com.android.deskclock,com.android.camera,com.miui.player,com.miui.cleanmaster,com.android.soundrecorder,com.miui.cleaner,com.xiaomi.calendar,com.google.android.calendar,com.android.calendar,com.xiaomi.scanner,com.whatsapp,com.facebook.katana,com.instagram.android,com.android.chrome,com.facebook.orca,com.facebook.lite,com.google.android.googlequicksearchbox,com.truecaller,org.telegram.messenger,com.gbwhatsapp,com.vkontakte.android,com.netflix.mediaclient,com.whatsapp.w4b,in.startv.hotstar,in.startv.hotstaronly,com.snapchat.android,com.viber.voip,com.google.android.apps.maps,com.google.android.apps.docs,com.twitter.android,com.android.vending,us.zoom.videomeetings,com.google.android.gm,com.imo.android.imoim,ru.yandex.searchplugin,ru.ok.android,com.google.android.apps.tachyon,jp.naver.line.android,com.gallery.player,com.yandex.browser,com.shopee.id,com.microsoft.teams,org.telegram.plus,cn.wps.moffice_eng,com.discord,com.flipkart.android,com.zing.zalo,com.fmwhatsapp,com.lemon.lvoverseas,com.meesho.supply,com.UCMobile.intl,com.pinterest,com.app.dream11Pro,com.yowhatsapp,com.WhatsApp2Plus,com.avito.android,com.opera.browser,com.phonepe.app,com.opera.mini.native,com.lazada.android,com.alibaba.aliexpresshd,trendyol.com,in.amazon.mShop.android.shopping,com.firsttouchgames.dls7,ir.medu.shad,org.xbet.client1,com.binance.dev,com.lenovo.anyshare.gps,com.google.android.apps.nbu.paisa.user,com.wildberries.ru,com.imo.android.imoimbeta,com.eterno,com.amazon.mShop.android.shopping,com.google.android.apps.translate,com.google.android.apps.classroom,com.imo.android.imoimhd,com.microsoft.office.outlook,com.camerasideas.instashot,com.ubercab.driver,ir.ilmili.telegraph,com.prisbank.app,com.gojek.partner,com.facebook.mlite,com.brave.browser,com.michatapp.im,com.shopee.br,com.obwhatsapp,com.mercadolibre,com.zzkko,org.mozilla.firefox,com.tinder,im.thebot.messenger,com.picsart.studio,com.instapro.android,com.linkedin.android,com.duolingo,com.whereismytraingadi.trainstatus.livetrainlocation,com.alightcreative.motion,com.grindrapp.android,com.shopee.my,com.uc.browser.en,com.adobe.reader,ru.ozon.app.android,com.reddit.frontpage,ru.yandex.yandexmaps,com.yy.hiyo,com.wrx.wazirx,com.duokan.phone.remotecontroller,com.perm.kate_new_6,com.shopee.ph,ir.resaneh1.iptv,com.instagram.lite,com.tokopedia.tkpd,com.unacademyapp,re.sova.five,com.msf.angelmobile,com.ak.ta.dainikbhaskar.activity,com.badoo.mobile,jp.ne.ibis.ibispaintx.app,com.gbwhatsapp3,com.myntra.android,com.offshore.pikashow,com.sahibinden,co.brainly,org.thunderdog.challegram,com.litatom.app,com.sec.android.app.sbrowser,com.flatfish.cal.privacy,com.maleo.bussimulatorid,com.taxsee.driver,com.canva.editor,com.instapro.app,com.vtosters.android,com.yandex.zen,com.ubercab,com.jtwhatsapp,xyz.penpencil.physicswala,blackrussia.online,com.cricbuzz.android,com.nextbillion.groww,ir.divar,com.cisco.webex.meetings,org.thoughtcrime.securesms,org.vidogram.messenger,com.blueWAplus,com.instander.android,com.olacabs.oladriver,com.vuclip.viu,org.telegram.messenger.web,com.gojek.app,com.olx.southasia,com.youdao.hindict,com.grab.merchant,com.intsig.camscanner,com.shadow.blackhole,mrt.battery.health,com.pay4vend.pay4vend,idm.internet.download.manager,in.upstox.app,com.video.fun.app,com.application.zomato,com.schibsted.bomnegocio.androidApp,com.jio.media.ondemand,iflix.play,com.tencent.videolite.android,cn.amazon.mShop.android,com.lunarlabs.panda,com.smartviser.demogame,com.smartviser.viserneo,com.smartviser.settings'
athens_id/fps_local.config	fps_smart_group.list60_game	'com.os.airforce,com.fancyforce.happywheels,com.rubygames.assassin,com.gamehivecorp.taptitans2,com.game.space.shooter2,com.os.space.force.galaxy.alien,com.alien.shooter.galaxy.attack,net.froemling.bombsquad,com.zeptolab.cats.google,com.os.space.force.galaxy.alien,net.froemling.bombsquad'
athens_id/fps_local.config	fps_group.list60	'com.android.incallui,com.android.camera,com.xiaomi.scanner,com.netflix.mediaclient,in.startv.hotstar,in.startv.hotstaronly,com.google.android.apps.maps,us.zoom.videomeetings,com.google.android.gm,ru.yandex.searchplugin,com.gallery.player,com.lemon.lvoverseas,com.lazada.android,in.amazon.mShop.android.shopping,com.firsttouchgames.dls7,com.lenovo.anyshare.gps,com.tinder,com.instapro.android,com.adobe.reader,ru.ozon.app.android,ru.yandex.yandexmaps,com.wrx.wazirx,com.duokan.phone.remotecontroller,com.shopee.ph,ir.resaneh1.iptv,com.maleo.bussimulatorid,com.taxsee.driver,com.vuclip.viu,com.shadow.blackhole,com.video.fun.app,com.jio.media.ondemand,iflix.play,com.tencent.videolite.android,cn.amazon.mShop.android,com.lunarlabs.panda,com.smartviser.demogame,com.smartviser.viserneo,com.smartviser.settings'
athens_intl/fps_local.config	fps_smart_group.list60	'com.android.incallui,com.android.deskclock,com.android.camera,com.miui.player,com.miui.cleanmaster,com.android.soundrecorder,com.miui.cleaner,com.xiaomi.calendar,com.google.android.calendar,com.android.calendar,com.xiaomi.scanner,com.whatsapp,com.instagram.android,com.google.android.googlequicksearchbox,com.truecaller,org.telegram.messenger,com.netflix.mediaclient,in.startv.hotstar,in.startv.hotstaronly,com.snapchat.android,com.viber.voip,com.google.android.apps.maps,com.google.android.apps.docs,us.zoom.videomeetings,com.google.android.gm,com.imo.android.imoim,com.google.android.apps.tachyon,com.gallery.player,com.shopee.id,com.microsoft.teams,com.flipkart.android,com.lemon.lvoverseas,com.meesho.supply,com.pinterest,com.app.dream11Pro,com.avito.android,com.phonepe.app,com.lazada.android,com.alibaba.aliexpresshd,trendyol.com,in.amazon.mShop.android.shopping,com.firsttouchgames.dls7,ir.medu.shad,org.xbet.client1,com.lenovo.anyshare.gps,com.google.android.apps.nbu.paisa.user,com.wildberries.ru,com.amazon.mShop.android.shopping,com.google.android.apps.classroom,com.microsoft.office.outlook,com.camerasideas.instashot,com.ubercab.driver,com.prisbank.app,com.gojek.partner,com.shopee.br,com.mercadolibre,com.zzkko,com.duolingo,com.whereismytraingadi.trainstatus.livetrainlocation,com.shopee.my,ru.ozon.app.android,ru.yandex.yandexmaps,com.duokan.phone.remotecontroller,com.shopee.ph,ir.resaneh1.iptv,com.instagram.lite,com.tokopedia.tkpd,com.unacademyapp,com.msf.angelmobile,com.ak.ta.dainikbhaskar.activity,jp.ne.ibis.ibispaintx.app,com.myntra.android,com.offshore.pikashow,com.sahibinden,co.brainly,com.flatfish.cal.privacy,com.maleo.bussimulatorid,com.taxsee.driver,com.ubercab,xyz.penpencil.physicswala,ir.divar,com.cisco.webex.meetings,com.instander.android,com.olacabs.oladriver,com.vuclip.viu,com.olx.southasia,com.grab.merchant,com.shadow.blackhole,mrt.battery.health,com.pay4vend.pay4vend,idm.internet.download.manager,in.upstox.app,com.video.fun.app,com.application.zomato,com.schibsted.bomnegocio.androidApp,com.jio.media.ondemand,iflix.play,com.tencent.videolite.android,cn.amazon.mShop.android,com.lunarlabs.panda,com.smartviser.demogame,com.smartviser.viserneo,com.smartviser.settings'
athens_intl/fps_local.config	fps_smart_group.list60_game	'com.os.airforce,com.fancyforce.happywheels,com.rubygames.assassin,com.gamehivecorp.taptitans2,com.game.space.shooter2,com.os.space.force.galaxy.alien,com.alien.shooter.galaxy.attack,net.froemling.bombsquad,com.zeptolab.cats.google,com.os.space.force.galaxy.alien,net.froemling.bombsquad'
athens_intl/fps_local.config	fps_group.list60	'com.android.incallui,com.android.camera,com.xiaomi.scanner,com.netflix.mediaclient,in.startv.hotstar,in.startv.hotstaronly,com.google.android.apps.maps,com.gallery.player,ir.resaneh1.iptv,com.vuclip.viu,com.shadow.blackhole,com.video.fun.app,com.jio.media.ondemand,com.lunarlabs.panda,com.smartviser.demogame,com.smartviser.viserneo,com.smartviser.settings'
beryl/fps_local.config	fps_smart_group.list60	''
beryl/fps_local.config	fps_smart_group.list120	'com.tencent.mm,com.tencent.mobileqq,com.xunmeng.pinduoduo,com.ss.android.article.lite,com.baidu.searchbox,com.tencent.mtt,com.sina.weibo,com.xingin.xhs,com.taobao.live,com.jingdong.app.mall,com.quark.browser,cn.xuexi.android,com.alibaba.android.rimet,com.tencent.news,com.zhihu.android,com.baidu.searchbox.lite,com.sankuai.meituan,com.sup.android.superb,com.baidu.tieba,com.taobao.litetao,com.baidu.netdisk,com.hexin.plat.android,cn.xiaochuankeji.tieba,com.taobao.idlefish,com.tencent.wework,com.chaoxing.mobile,com.eastmoney.android.berlin,com.baidu.homework,com.jifen.qukan,cn.wps.moffice_eng,cn.soulapp.android,com.immomo.momo,com.yuncheapp.android.pearl,cn.xiaochuankeji.zuiyouLite,com.xunlei.downloadprovider,com.lemon.lv,com.netease.newsreader.activity,com.baidu.searchbox.tomas,com.achievo.vipshop,me.ele,com.lphtsccft,com.hpbr.bosszhipin,com.sogou.activity.src,com.hupu.games,com.handsgo.jiakao.android,com.douban.frodo,com.yidian.xiaomi,cn.youth.news,com.able.wisdomtree,com.sankuai.meituan.takeoutnew,com.meta.box,com.weico.international,com.ss.android.auto,com.example.xrk,com.tencent.qqsports,com.lofter.android,com.taobao.qianniu,com.xunmeng.merchant,com.tencent.qt.qtl,com.youdao.dict,com.alibaba.wireless,com.wuba,com.shizhuang.duapp,com.cashtoutiao,com.cainiao.wireless,com.android.dazhihui,com.facebook.katana,android.zhibo8,com.jiongji.andriod.card,com.gf.client,com.fenbi.android.servant,com.unionpay,com.soft.blued,com.cubic.autohome,com.maimemo.android.momo,com.kuaiduizuoye.scan,com.guotai.dazhihui,com.fenbi.android.zhaojiao,com.qihoo.browser,com.chinamworld.main,com.fenbi.android.solar,com.twitter.android,com.guzhen.xiucai,com.tencent.tim,com.glodon.drawingexplorer,com.dianping.v1,com.gotokeep.keep,com.icbc,com.ucmobile.lite,com.excelliance.dualaid,com.mt.mtxx.mtxx,com.t3go.driver,com.android.haitong,com.mihoyo.hyperion,com.hundsun.winner.pazq,com.ifeng.news2,mark.via,com.android.bankabc,com.p1.mobile.putong,me.yidui,com.hipu.yidian,com.smzdm.client.android,com.jxedt,com.shanbay.sentence,com.zxscnew,com.xueqiu.android,com.taptap,com.chinamworld.bocmbci,com.excean.gspace,com.tencent.gamehelper.smoba,com.galaxy.stock,cmb.pb,cn.com.langeasy.LangEasyLexis,com.sina.news,com.whatsapp,com.abxsss.app,com.tsingzone.questionbank,com.x8zs.sandbox,com.zjwh.android_wh_physicalfitness,com.sinovatech.unicom.ui,com.zjy.ykt,com.xt.retouch,com.zhaopin.social,com.wepie.weplay,com.qsmy.walkmonkey,com.MobileTicket,com.cmschina.stock,gov.pianzong.androidnga,com.sinyee.babybus.recommendapp,com.netease.edu.ucmooc,com.eastmoney.android.fund,com.kwai.videoeditor,com.miui.home,com.android.browser,com.miui.gallery,com.android.contacts,com.android.mms,com.xiaomi.mihomemanager,com.miui.newhome,com.miui.calculator,com.miui.securitycenter,com.android.settings,com.miui.weather2,com.miui.notes,com.miui.hybrid,com.xiaomi.smarthome,com.xiaomi.shop,com.android.quicksearchbox,com.android.thememanager,com.android.fileexplorer,com.miui.voiceassist,com.android.phone,com.miui.notification,com.xiaomi.gamecenter,com.miui.securityadd,com.android.updater,com.xiaomi.account,com.xiaomi.vipaccount,com.miui.cloudservice,com.android.email,com.miui.personalassistant,com.ss.android.lark.kami,com.xiaomi.wearable,com.jeejen.family.miui,com.miui.securitycore,com.lbe.security.miui,com.xiaomi.youpin,com.mi.health,cn.wps.moffice_eng.xiaomi.lite,com.xiaomi.hm.health,com.xiaomi.misettings'
beryl/fps_local.config	fps_group.list60	''
beryl/fps_local.config	fps_group.list120	'com.tencent.mm,com.ss.android.article.news,com.tencent.mobileqq,tv.danmaku.bili,com.xunmeng.pinduoduo,com.taobao.taobao,com.ss.android.article.lite,com.dragon.read,com.baidu.searchbox,com.UCMobile,com.tencent.mtt,com.kmxs.reader,com.eg.android.AlipayGphone,com.sina.weibo,com.xingin.xhs,com.taobao.live,com.jingdong.app.mall,com.sohu.inputmethod.sogou,com.quark.browser,cn.xuexi.android,com.alibaba.android.rimet,com.tencent.news,com.zhihu.android,com.baidu.searchbox.lite,com.iflytek.inputmethod,com.sankuai.meituan,com.sup.android.superb,com.kugou.android,com.netease.cloudmusic,com.baidu.tieba,com.taobao.litetao,com.lechuan.mdwz,com.tencent.karaoke,com.baidu.netdisk,com.hexin.plat.android,cn.xiaochuankeji.tieba,com.taobao.idlefish,com.qidian.QDReader,com.shuqi.controller,com.tencent.wework,com.tencent.qqmusic,com.duokan.free,com.chaoxing.mobile,com.qq.reader,com.yueyou.adreader,com.ximalaya.ting.android,com.eastmoney.android.berlin,com.tencent.weread,com.baidu.homework,com.jifen.qukan,cn.wps.moffice_eng,cn.soulapp.android,com.xs.fm,com.lechuan.mdxs,com.immomo.momo,com.yuncheapp.android.pearl,com.chaozh.iReader.dj,com.sankuai.meituan.dispatch.crowdsource,cn.xiaochuankeji.zuiyouLite,com.xunlei.downloadprovider,com.chaozh.iReaderFree,com.cootek.crazyreader,com.sankuai.meituan.meituanwaimaibusiness,com.lemon.lv,com.lalamove.huolala.driver,com.netease.newsreader.activity,com.faloo.BookReader4Android,com.jjwxc.reader,com.baidu.searchbox.tomas,com.achievo.vipshop,io.legado.app.release,me.ele,com.baidu.input,com.sankuai.meituan.dispatch.homebrew,com.lphtsccft,com.hpbr.bosszhipin,com.sogou.activity.src,com.hupu.games,com.cmcc.cmvideo,com.lwby.breader.ad,com.handsgo.jiakao.android,com.douban.frodo,com.yidian.xiaomi,com.snda.wifilocating,cn.youth.news,com.able.wisdomtree,com.duoduo.child.story,com.sankuai.meituan.takeoutnew,com.meta.box,com.weico.international,me.ele.crowdsource,com.ss.android.auto,com.alukaxi.bqshugg.blue,com.example.xrk,com.tencent.qqpinyin,com.flyersoft.seekbooks,me.ele.napos,com.tencent.qqsports,com.lofter.android,com.taobao.qianniu,com.xunmeng.merchant,com.tencent.qt.qtl,com.youdao.dict,com.jingyao.easybike,com.alibaba.wireless,cn.kuwo.player,com.wuba,com.shizhuang.duapp,com.kuaiyin.player,com.yiyou.ga,com.cashtoutiao,com.cainiao.wireless,com.android.dazhihui,com.facebook.katana,com.ninesixshop.say,com.tmri.app.main,android.zhibo8,com.jiongji.andriod.card,com.lechuan.midunovel,com.tmall.wireless,com.picacomic.fregata,com.gf.client,com.fenbi.android.servant,com.kuangxiangciweimao.novel,com.unionpay,com.soft.blued,com.sdu.didi.psnger,com.cubic.autohome,com.maimemo.android.momo,com.kuaiduizuoye.scan,com.guotai.dazhihui,com.fenbi.android.zhaojiao,com.qihoo.browser,com.qq.ac.android,com.chinamworld.main,com.bokecc.dance,com.fenbi.android.solar,com.twitter.android,com.guzhen.xiucai,com.tencent.tim,com.glodon.drawingexplorer,com.dianping.v1,com.duowan.mobile,com.gotokeep.keep,com.icbc,com.ucmobile.lite,com.excelliance.dualaid,com.mt.mtxx.mtxx,com.t3go.driver,com.android.haitong,com.kugou.android.elder,com.mihoyo.hyperion,com.hundsun.winner.pazq,com.ifeng.news2,mark.via,com.dongqiudi.news,com.android.bankabc,com.bilibili.comic,com.p1.mobile.putong,me.yidui,com.hipu.yidian,com.smzdm.client.android,com.huaxiaozhu.driver,com.jxedt,com.shanbay.sentence,com.kuaikan.comic,com.zxscnew,com.wondertek.miguaikan,com.xueqiu.android,com.taptap,com.chinamworld.bocmbci,com.excean.gspace,com.tencent.gamehelper.smoba,com.galaxy.stock,com.tencent.edu,com.jd.pingou,cmb.pb,cn.com.langeasy.LangEasyLexis,com.sina.news,com.whatsapp,com.tool.biqudaogexs,com.abxsss.app,com.tool.txtqbydq,com.tsingzone.questionbank,com.baidu.yuedu,com.x8zs.sandbox,com.relief.space.master.cleaner,com.ophone.reader.ui,com.zjwh.android_wh_physicalfitness,com.sinovatech.unicom.ui,com.zjy.ykt,com.xt.retouch,com.ishansong,com.zhaopin.social,com.wepie.weplay,com.qsmy.walkmonkey,com.ximalaya.ting.lite,com.MobileTicket,com.cmschina.stock,com.sfexpress.knight,gov.pianzong.androidnga,com.sinyee.babybus.recommendapp,com.mianfeizs.book,com.didapinche.booking,com.netease.edu.ucmooc,com.eastmoney.android.fund,com.kwai.videoeditor,com.jryg.driver,com.tadu.read,com.miui.home,com.sohu.inputmethod.sogou.xiaomi,com.android.browser,com.baidu.input_mi,com.android.deskclock,com.iflytek.inputmethod.miui,com.miui.gallery,com.android.contacts,com.duokan.reader,com.android.mms,com.xiaomi.mihomemanager,com.miui.newhome,com.miui.calculator,com.miui.securitycenter,com.android.settings,com.miui.weather2,com.xiaomi.market,com.miui.notes,com.miui.cleanmaster,com.android.calendar,com.miui.player,com.miui.hybrid,com.xiaomi.smarthome,com.xiaomi.shop,com.android.quicksearchbox,com.android.soundrecorder,com.android.thememanager,com.android.fileexplorer,com.miui.voiceassist,com.android.phone,com.miui.notification,com.xiaomi.gamecenter,com.miui.securityadd,com.android.updater,com.xiaomi.account,com.xiaomi.vipaccount,com.miui.fm,com.android.nfc,com.mipay.wallet,com.miui.yellowpage,com.miui.cloudservice,com.android.email,com.miui.personalassistant,com.android.providers.downloads,com.ss.android.lark.kami,com.miui.virtualsim,com.xiaomi.wearable,com.xiaomi.aiasst.service,com.jeejen.family.miui,com.miui.miservice,com.milink.service,com.miui.securitycore,com.miui.packageinstaller,com.lbe.security.miui,com.xiaomi.youpin,com.mi.health,cn.wps.moffice_eng.xiaomi.lite,com.xiaomi.hm.health,com.xiaomi.misettings'
beryl_intl/fps_local.config	fps_smart_group.list60	''
beryl_intl/fps_local.config	fps_smart_group.list120	'com.google.android.inputmethod.latin,com.mint.keyboard,com.touchtype.swiftkey,com.google.android.apps.inputmethod.hindi,com.tencent.mm,com.celltick.lockscreen,com.clusterdev.malayalamkeyboard,com.microsoft.office.word,com.bit.androsmart.kbinapp,com.emoji.coolkeyboard,com.simejikeyboard,com.ziipin.softkeyboard.saudi,com.vng.inputmethod.labankey,site.realanime.animlov.animlov,com.hamrokeyboard,com.fontskeyboard.fonts,com.teslacoilsw.launcher,com.android.htmlviewer,com.hsv.freeadblockerbrowser,lk.bhasha.helakuru,com.microsoft.office.officehubrow,sun.way2sms.hyd.com,com.hb.dialer.free,net.metaquotes.metatrader4,info.sunista.app,com.google.android.packageinstaller,com.jb.emoji.gokeyboard,com.ziipin.softkeyboard.dz,com.miui.home,com.android.browser,com.miui.gallery,com.android.contacts,com.android.mms,com.xiaomi.mihomemanager,com.miui.newhome,com.miui.calculator,com.miui.securitycenter,com.android.settings,com.miui.weather2,com.miui.notes,com.miui.hybrid,com.xiaomi.smarthome,com.xiaomi.shop,com.android.quicksearchbox,com.android.thememanager,com.android.fileexplorer,com.miui.voiceassist,com.android.phone,com.miui.notification,com.xiaomi.gamecenter,com.miui.securityadd,com.android.updater,com.xiaomi.account,com.xiaomi.vipaccount,com.miui.cloudservice,com.android.email,com.miui.personalassistant,com.ss.android.lark.kami,com.xiaomi.wearable,com.jeejen.family.miui,com.miui.securitycore,com.lbe.security.miui,com.xiaomi.youpin,com.mi.health,cn.wps.moffice_eng.xiaomi.lite,com.xiaomi.hm.health,com.google.android.apps.messaging,com.android.deskclock,com.android.soundrecorder,com.xiaomi.calendar,com.milink.service,com.xiaomi.misettings,com.mi.android.globallauncher'
beryl_intl/fps_local.config	fps_group.list60	''
beryl_intl/fps_local.config	fps_group.list120	'com.whatsapp,com.facebook.katana,com.instagram.android,com.android.chrome,com.google.android.inputmethod.latin,com.facebook.orca,com.facebook.lite,com.google.android.googlequicksearchbox,com.truecaller,org.telegram.messenger,com.gbwhatsapp,com.vkontakte.android,com.whatsapp.w4b,com.snapchat.android,com.viber.voip,com.google.android.apps.docs,com.twitter.android,com.android.vending,com.imo.android.imoim,com.mint.keyboard,ru.ok.android,com.google.android.apps.tachyon,jp.naver.line.android,com.yandex.browser,com.shopee.id,com.microsoft.teams,org.telegram.plus,cn.wps.moffice_eng,com.discord,com.flipkart.android,com.touchtype.swiftkey,com.zing.zalo,com.fmwhatsapp,com.meesho.supply,com.UCMobile.intl,com.pinterest,com.app.dream11Pro,com.yowhatsapp,com.WhatsApp2Plus,com.avito.android,com.opera.browser,com.phonepe.app,com.opera.mini.native,com.alibaba.aliexpresshd,trendyol.com,com.google.android.apps.inputmethod.hindi,ir.medu.shad,org.xbet.client1,com.binance.dev,com.tencent.mm,com.google.android.apps.nbu.paisa.user,com.wildberries.ru,com.imo.android.imoimbeta,com.eterno,com.amazon.mShop.android.shopping,com.google.android.apps.translate,com.google.android.apps.classroom,com.imo.android.imoimhd,com.microsoft.office.outlook,com.celltick.lockscreen,com.camerasideas.instashot,com.ubercab.driver,ir.ilmili.telegraph,com.prisbank.app,com.clusterdev.malayalamkeyboard,com.gojek.partner,com.facebook.mlite,com.brave.browser,com.michatapp.im,com.shopee.br,com.obwhatsapp,com.mercadolibre,com.microsoft.office.word,com.zzkko,org.mozilla.firefox,com.bit.androsmart.kbinapp,com.emoji.coolkeyboard,im.thebot.messenger,com.picsart.studio,com.simejikeyboard,com.linkedin.android,com.duolingo,com.whereismytrain.android,com.whereismytraingadi.trainstatus.livetrainlocation,com.alightcreative.motion,com.grindrapp.android,com.shopee.my,com.uc.browser.en,com.ziipin.softkeyboard.saudi,com.vng.inputmethod.labankey,com.reddit.frontpage,com.yy.hiyo,site.realanime.animlov.animlov,com.perm.kate_new_6,com.instagram.lite,com.tokopedia.tkpd,com.unacademyapp,re.sova.five,com.msf.angelmobile,com.ak.ta.dainikbhaskar.activity,com.badoo.mobile,jp.ne.ibis.ibispaintx.app,com.gbwhatsapp3,com.myntra.android,com.offshore.pikashow,com.hamrokeyboard,com.sahibinden,com.fontskeyboard.fonts,co.brainly,org.thunderdog.challegram,com.litatom.app,com.sec.android.app.sbrowser,com.flatfish.cal.privacy,com.canva.editor,com.instapro.app,com.vtosters.android,com.yandex.zen,com.ubercab,com.jtwhatsapp,xyz.penpencil.physicswala,com.teslacoilsw.launcher,com.android.htmlviewer,blackrussia.online,com.cricbuzz.android,com.nextbillion.groww,ir.divar,com.cisco.webex.meetings,com.hsv.freeadblockerbrowser,lk.bhasha.helakuru,com.microsoft.office.officehubrow,sun.way2sms.hyd.com,org.thoughtcrime.securesms,org.vidogram.messenger,com.blueWAplus,com.hb.dialer.free,com.instander.android,net.metaquotes.metatrader4,com.olacabs.oladriver,info.sunista.app,org.telegram.messenger.web,com.gojek.app,com.olx.southasia,com.youdao.hindict,com.google.android.packageinstaller,com.grab.merchant,com.intsig.camscanner,com.jb.emoji.gokeyboard,com.ziipin.softkeyboard.dz,mrt.battery.health,com.pay4vend.pay4vend,idm.internet.download.manager,in.upstox.app,com.application.zomato,com.schibsted.bomnegocio.androidApp,com.miui.home,com.sohu.inputmethod.sogou.xiaomi,com.android.browser,com.baidu.input_mi,com.android.deskclock,com.iflytek.inputmethod.miui,com.miui.gallery,com.android.contacts,com.duokan.reader,com.android.mms,com.xiaomi.mihomemanager,com.miui.newhome,com.miui.calculator,com.miui.securitycenter,com.android.settings,com.miui.weather2,com.xiaomi.market,com.miui.notes,com.miui.cleanmaster,com.android.calendar,com.miui.player,com.miui.hybrid,com.xiaomi.smarthome,com.xiaomi.shop,com.android.quicksearchbox,com.android.soundrecorder,com.android.thememanager,com.android.fileexplorer,com.miui.voiceassist,com.android.phone,com.miui.notification,com.xiaomi.gamecenter,com.miui.securityadd,com.android.updater,com.xiaomi.account,com.xiaomi.vipaccount,com.miui.fm,com.android.nfc,com.mipay.wallet,com.miui.yellowpage,com.miui.cloudservice,com.android.email,com.miui.personalassistant,com.android.providers.downloads,com.ss.android.lark.kami,com.miui.virtualsim,com.xiaomi.wearable,com.xiaomi.aiasst.service,com.jeejen.family.miui,com.miui.miservice,com.milink.service,com.miui.securitycore,com.miui.packageinstaller,com.lbe.security.miui,com.xiaomi.youpin,com.mi.health,cn.wps.moffice_eng.xiaomi.lite,com.xiaomi.hm.health,com.google.android.apps.messaging,com.xiaomi.calendar,com.xiaomi.misettings,com.mi.android.globallauncher'
bixi/fps_local.config	fps_smart_group.list60	'com.android.incallui,com.sohu.inputmethod.sogou.xiaomi,com.baidu.input_mi,com.android.deskclock,com.iflytek.inputmethod.miui,com.duokan.reader,com.android.camera,com.xiaomi.market,com.miui.cleanmaster,com.mfashiongallery.emag,com.android.calendar,com.miui.player,com.android.soundrecorder,com.miui.fm,com.miui.huanji,com.xiaomi.scanner,com.miui.yellowpage,com.android.providers.downloads,com.miui.virtualsim,com.xiaomi.aiasst.service,com.miui.miservice,com.miui.compass,com.milink.service,com.miui.packageinstaller,tv.danmaku.bili,com.dragon.read,com.kmxs.reader,com.eg.android.AlipayGphone,com.sohu.inputmethod.sogou,com.iflytek.inputmethod,com.kugou.android,com.netease.cloudmusic,com.lechuan.mdwz,com.tencent.karaoke,com.qidian.QDReader,com.shuqi.controller,com.tencent.qqmusic,com.duokan.free,com.qq.reader,com.yueyou.adreader,com.ximalaya.ting.android,com.tencent.weread,com.xs.fm,com.lechuan.mdxs,com.chaozh.iReader.dj,com.sankuai.meituan.dispatch.crowdsource,com.chaozh.iReaderFree,com.cootek.crazyreader,com.sankuai.meituan.meituanwaimaibusiness,com.lalamove.huolala.driver,com.faloo.BookReader4Android,com.jjwxc.reader,io.legado.app.release,com.baidu.input,com.sankuai.meituan.dispatch.homebrew,com.cmcc.cmvideo,com.lwby.breader.ad,com.snda.wifilocating,com.duoduo.child.story,me.ele.crowdsource,com.alukaxi.bqshugg.blue,com.tencent.qqpinyin,com.flyersoft.seekbooks,me.ele.napos,com.jingyao.easybike,cn.kuwo.player,com.kuaiyin.player,com.yiyou.ga,com.ninesixshop.say,com.tmri.app.main,com.lechuan.midunovel,com.tmall.wireless,com.picacomic.fregata,com.kuangxiangciweimao.novel,com.sdu.didi.psnger,com.qq.ac.android,com.bokecc.dance,com.duowan.mobile,com.kugou.android.elder,com.dongqiudi.news,com.bilibili.comic,com.huaxiaozhu.driver,com.kuaikan.comic,com.wondertek.miguaikan,com.tencent.edu,com.jd.pingou,com.tool.biqudaogexs,com.tool.txtqbydq,com.baidu.yuedu,com.relief.space.master.cleaner,com.ophone.reader.ui,com.ishansong,com.ximalaya.ting.lite,com.sfexpress.knight,com.mianfeizs.book,com.didapinche.booking,com.jryg.driver,com.tadu.read,com.autonavi.minimap,com.sdu.didi.gsui,com.baidu.BaiduMap,com.tencent.wemeet.app,com.tencent.map,com.ifreetalk.ftalk,com.kuaidi.daijia.driver,com.xiwei.logistics,com.xinchuzu.driver,com.gallery.player,com.xiaomi.calendar,com.android.providers.downloads.ui,com.miui.cit,com.xunmeng.pinduoduo,com.taobao.taobao,com.UCMobile,com.taobao.live,com.jingdong.app.mall,com.hpbr.bosszhipin,com.ss.android.article.lite,com.youku.phone,com.quark.browser,com.baidu.searchbox.lite,com.sankuai.meituan,com.sup.android.superb,com.taobao.litetao,com.baidu.netdisk,com.hexin.plat.android,cn.xiaochuankeji.tieba,com.taobao.idlefish,com.chaoxing.mobile,com.eastmoney.android.berlin,com.baidu.homework,com.jifen.qukan,cn.wps.moffice_eng,cn.soulapp.android,com.yuncheapp.android.pearl,cn.xiaochuankeji.zuiyouLite,com.xunlei.downloadprovider,com.lemon.lv,com.baidu.searchbox.tomas,com.achievo.vipshop,me.ele,com.lphtsccft,com.sogou.activity.src,com.hupu.games,com.handsgo.jiakao.android,com.yidian.xiaomi,cn.youth.news,com.able.wisdomtree,com.sankuai.meituan.takeoutnew,com.meta.box,com.weico.international,com.ss.android.auto,com.example.xrk,com.tencent.qqsports,com.lofter.android,com.taobao.qianniu,com.xunmeng.merchant,com.tencent.qt.qtl,com.youdao.dict,com.alibaba.wireless,com.wuba,com.shizhuang.duapp,com.cashtoutiao,com.cainiao.wireless,com.android.dazhihui,com.facebook.katana,android.zhibo8,com.gf.client,com.fenbi.android.servant,com.unionpay,com.soft.blued,com.maimemo.android.momo,com.kuaiduizuoye.scan,com.guotai.dazhihui,com.fenbi.android.zhaojiao,com.qihoo.browser,com.chinamworld.main,com.fenbi.android.solar,com.guzhen.xiucai,com.glodon.drawingexplorer,com.dianping.v1,com.gotokeep.keep,com.icbc,com.ucmobile.lite,com.excelliance.dualaid,com.mt.mtxx.mtxx,com.t3go.driver,com.android.haitong,com.mihoyo.hyperion,com.hundsun.winner.pazq,mark.via,com.android.bankabc,com.p1.mobile.putong,me.yidui,com.hipu.yidian,com.smzdm.client.android,com.jxedt,com.shanbay.sentence,com.zxscnew,com.xueqiu.android,com.taptap,com.chinamworld.bocmbci,com.excean.gspace,com.tencent.gamehelper.smoba,com.galaxy.stock,cmb.pb,cn.com.langeasy.LangEasyLexis,com.sina.news,com.whatsapp,com.abxsss.app,com.tsingzone.questionbank,com.x8zs.sandbox,com.zjwh.android_wh_physicalfitness,com.sinovatech.unicom.ui,com.zjy.ykt,com.xt.retouch,com.zhaopin.social,com.wepie.weplay,com.qsmy.walkmonkey,com.MobileTicket,com.cmschina.stock,gov.pianzong.androidnga,com.sinyee.babybus.recommendapp,com.netease.edu.ucmooc,com.eastmoney.android.fund,com.kwai.videoeditor,com.microsoft.emmx,com.youdao.translator,com.baidu.baidutranslate,com.cat.readall,com.yiche.autoeasy,com.yiche.price,com.uxin.kilaaudio,com.ss.android.article.news'
bixi/fps_local.config	fps_smart_group.list60_fold	'com.tencent.mm,com.tencent.mobileqq,com.baidu.searchbox,com.sina.weibo,com.xingin.xhs,cn.xuexi.android,com.alibaba.android.rimet,com.tencent.news,com.zhihu.android,com.baidu.tieba,com.tencent.wework,com.immomo.momo,com.douban.frodo,com.jiongji.andriod.card,com.cubic.autohome,com.netease.newsreader.activity,com.twitter.android,com.tencent.tim,com.ifeng.news2'
bixi/fps_local.config	fps_group.list60	'com.android.incallui,com.android.camera,com.mfashiongallery.emag,com.miui.huanji,com.xiaomi.scanner,com.miui.compass,com.autonavi.minimap,com.sdu.didi.gsui,com.baidu.BaiduMap,com.tencent.wemeet.app,com.tencent.map,com.ifreetalk.ftalk,com.kuaidi.daijia.driver,com.xiwei.logistics,com.xinchuzu.driver'
brussels/fps_local.config	fps_smart_group.list60	'com.android.nfc,com.xiaomi.aiasst.service,com.miui.packageinstaller,com.android.calendar,com.miui.calculator,com.android.camera,com.miui.mediaviewer,com.miui.tsmclient,com.android.soundrecorder,com.miui.huanji,com.xiaomi.scanner,com.miui.compass,com.ss.android.ugc.aweme,com.ss.android.ugc.aweme.lite,com.smile.gifmaker,com.phoenix.read,com.kuaishou.nebula,com.dragon.read,tv.danmaku.bili,com.baidu.searchbox,com.ss.android.article.video,com.autonavi.minimap,com.cat.readall,com.tencent.qqlive,com.ss.android.ugc.live,com.kmxs.reader,com.sankuai.meituan.dispatch.crowdsource,com.ss.android.yumme.video,com.sdu.didi.gsui,com.qiyi.video,com.tencent.mtt,com.UCMobile,com.baidu.searchbox.lite,me.ele.crowdsource,com.dz.hmjc,com.dada.mobile.android,com.youku.phone,com.baidu.BaiduMap,com.sankuai.meituan.dispatch.homebrew,me.ele.hbdteam,com.lalamove.huolala.driver,com.eggflower.read,com.qidian.QDReader,com.google.android.youtube,com.sgs.next,com.baidu.haokan,com.xiwei.logistics,com.duowan.kiwi,com.woodleaves.read,com.sfexpress.knight,com.qiyi.video.lite,com.shuqi.controller,com.miui.video,com.kylin.read,com.qq.reader,com.duokan.reader,com.sup.android.superb,com.videogo,com.kwai.theater,com.hunantv.imgo.activity,com.jjwxc.reader,com.xhey.xcamera,com.tencent.weread,com.cctv.yangshipin.app.androidp,com.tencent.weishi,com.cmcc.cmvideo,com.tencent.map,com.mt.mtxx.mtxx,com.jd.mrd.jingming,com.xt.retouch,com.tencent.zebra,com.ai.marki,com.fcbox.hivebox,com.meitu.meiyancamera,com.lalamove.huolala.client'
brussels/fps_local.config	fps_smart_group.list90	'com.android.incallui,com.xiaomi.mihomemanager,com.android.browser,com.miui.gallery,com.android.deskclock,com.android.contacts,com.android.mms,com.miui.newhome,com.miui.weather2,com.miui.securitycenter,com.android.settings,com.miui.notes,com.xiaomi.market,com.xiaomi.smarthome,com.mfashiongallery.emag,com.miui.voiceassist,com.android.quicksearchbox,com.miui.hybrid,com.miui.mediaeditor,com.miui.player,com.miui.cleanmaster,com.android.updater,com.android.fileexplorer,com.android.thememanager,com.xiaomi.shop,com.lbe.security.miui,com.duokan.phone.remotecontroller,com.android.phone,com.mi.health,com.android.intentresolver,com.miui.screenshot,com.miui.carlink,com.miui.personalassistant,com.milink.service,com.xiaomi.account,com.xiaomi.bluetooth,com.miui.cloudservice,com.miui.securitycore,com.miui.securityadd,com.xiaomi.vipaccount,com.android.providers.media.module,com.tencent.android.qqdownloader,com.miui.fm,com.google.android.documentsui,com.xiaomi.mico,com.android.server.telecom,com.jxp.home,com.ningguang.home,com.miui.notification,com.android.email,com.android.captiveportallogin,com.miui.misound,com.miui.greenguard,com.android.htmlviewer,com.miui.bugreport,com.android.systemui,com.android.permissioncontroller,com.android.printspooler,com.miui.screenrecorder,com.github.metacubex.clash.meta,com.github.kr328.clash,com.miui.voicetrigger,com.miui.mishare.connectivity,com.android.stk,com.xiaomi.aiasst.vision,com.miui.yellowpage,com.miui.contentcatcher,com.miui.virtualsim,com.miui.thirdappassistant,com.android.bluetooth,com.fido.asm,com.miui.phrase,com.android.wallpaper.livepicker,com.miui.miservice,com.miui.securitymanager,com.xiaomi.mibrain.speech,com.miui.themestore,com.tencent.mm,com.xunmeng.pinduoduo,com.ss.android.article.news,com.xingin.xhs,com.taobao.taobao,com.eg.android.AlipayGphone,com.ss.android.article.lite,com.xs.fm,com.tencent.mobileqq,com.larus.nova,com.sankuai.meituan,com.quark.browser,com.jingdong.app.mall,com.xs.fm.lite,com.tencent.wework,com.ss.android.ugc.livelite,com.sina.weibo,com.alibaba.android.rimet,com.hexin.plat.android,com.taobao.live,com.taobao.idlefish,com.tencent.news,com.luna.music,com.kugou.android,com.lemon.lv,com.deepseek.chat,com.chaoxing.mobile,cn.soulapp.android,com.netease.cloudmusic,com.zhihu.android,com.baidu.homework,com.eastmoney.android.berlin,com.tencent.karaoke,com.tencent.qqmusic,com.baidu.netdisk,com.facebook.katana,com.tencent.wemeet.app,cn.xuexi.android,com.parallel.odyssey,com.immomo.momo,com.sdu.didi.psnger,com.sankuai.meituan.meituanwaimaibusiness,com.jingyao.easybike,cn.wps.moffice_eng,com.hpbr.bosszhipin,com.ximalaya.ting.android,com.android.chrome,com.achievo.vipshop,com.shizhuang.duapp,com.xunlei.downloadprovider,com.lofter.android,com.MobileTicket,com.microsoft.emmx,com.baidu.tieba,com.kuaiduizuoye.scan,com.lphtsccft,com.greenpoint.android.mc10086.activity,com.seetong.app.seetong,com.ss.android.lark,com.cmri.universalapp,com.tmri.app.main,air.tv.douyu.android,com.tencent.hunyuan.app.chat,com.sankuai.meituan.takeoutnew,com.android.bankabc,me.ele.napos,com.instagram.android,com.ss.android.auto,com.alibaba.wireless,com.xunmeng.merchant,com.whatsapp,com.icbc,com.dianping.v1,com.facebook.orca,org.telegram.messenger,com.handsgo.jiakao.android,com.chinamworld.main,com.taobao.litetao,com.fenbi.android.leo,com.glodon.drawingexplorer,me.ele,com.twitter.android,com.msg.home,com.yueme.itv,com.gf.client,com.guotai.dazhihui,com.jd.jrapp,com.jooan.qiaoanzhilian,com.ss.android.ugc.aweme.hubble,com.kwai.hisense,com.zxscnew,com.taobao.qianniu,com.miui.aod,com.android.dazhihui,com.tplink.ipc,me.yidui,com.hundsun.winner.pazq,com.kwai.videoeditor,com.tdx.AndroidNew,com.unionpay,com.tencent.qqsports,com.xingjiabi.shengsheng,com.galaxy.stock,com.android.haitong,com.ucmobile.lite,com.chinamworld.bocmbci,com.cainiao.wireless,com.able.wisdomtree,com.aliyun.tongyi,com.liuniange.home,ctrip.android.view,com.cubic.autohome,com.cmschina.stock,com.wuba,cn.gov.tax.its,com.guosen.android,com.ltbizhi.home,com.duolingo,com.hupu.games,com.tmall.wireless,cmb.pb,com.okinc.okex.gp,miui.systemui.plugin,android.zhibo8,com.yitong.mbank.psbc,com.gstarmc.android,com.ez08.compass,com.fenbi.android.solar,com.kugou.android.lite,mark.via,com.fsrl.app,zhongxinjiantou.szkingdom.android.newphone,com.reader.qijing,com.lianjia.beike,com.intsig.camscanner,com.foundersc.app.xf,com.moji.mjweather,com.jiaohua_browser,com.ss.android.merchant,com.sohu.newsclient,com.ttbh.home,com.seewo.en,com.dayunlinks.cloudbirds,com.tkbaby.home,com.jiongji.andriod.card,com.douban.frodo,com.mm.android.lc,com.A17zuoye.mobile.homework,com.ygkj.chelaile.standard,com.csmlza.ljxt,com.xtc.watch,com.xiaomi.gamecenter.sdk.service,com.okcam.ookcam,com.lingan.seeyou,com.ct.client,com.byd.aeri.caranywhere,com.moonshot.kimichat,com.aitutor.hippo,com.sinovatech.unicom.ui,cn.com.langeasy.LangEasyLexis,com.antgroup.aijk.android,com.sgcc.wsgw.cn,com.Qunar,com.sankuai.meituan.merchant,io.dcloud.H576E6CC7,com.duxing.quickapp,com.zmzx.college.search,com.zjyh.home,com.yoosee,cn.kuwo.player,com.baidu.duer.superapp,com.jooan.qalink,com.zenmen.palmchat,com.youdao.dict,com.bytedance.ls.merchant,com.p1.mobile.putong,com.tencent.androidqqmail,com.zhaopin.social,com.bytedance.dreamina,com.lw.scbj,cn.gov.chinatax.gt4.app,com.gotokeep.keep,com.pupumall.customer,com.jd.oa,com.hikvision.sentinels,com.google.android.googlequicksearchbox,com.snda.wifilocating,com.anjuke.android.app,com.dw.btime,com.pingan.carowner,com.banjixiaoguanjia.app,com.wudaokou.hippo,com.youxiang.home,com.yipiao,com.zwfw.YueZhengYi,my.maya.android,com.huawei.health,com.huawei.smarthome,com.jco.aiview,com.jooan.cowelf,com.lw.xscyb,com.xiaomi.gamecenter,com.jifen.qukan,com.bankcomm.Bankcomm,com.mercury.ipc'
brussels/fps_local.config	fps_group.list60	'com.android.camera,com.ss.android.ugc.aweme,com.ss.android.ugc.aweme.lite,com.smile.gifmaker,com.phoenix.read,com.kuaishou.nebula,com.ss.android.ugc.live,com.ss.android.yumme.video,com.sdu.didi.gsui,com.dz.hmjc,com.dada.mobile.android,com.sankuai.meituan.dispatch.homebrew,me.ele.hbdteam,com.lalamove.huolala.driver,com.sgs.next,com.xiwei.logistics,com.duowan.kiwi,com.sfexpress.knight,com.miui.video,com.kylin.read,com.videogo,com.kwai.theater,air.tv.douyu.android,com.xhey.xcamera,com.tencent.weishi,com.jd.mrd.jingming,com.tencent.zebra,com.ai.marki,com.fcbox.hivebox,com.meitu.meiyancamera,com.lalamove.huolala.client'
brussels_intl/fps_local.config	fps_smart_group.list60	'com.android.nfc,com.xiaomi.aiasst.service,com.miui.packageinstaller,com.android.calendar,com.miui.calculator,com.android.camera,com.miui.mediaviewer,com.miui.tsmclient,com.android.soundrecorder,com.miui.huanji,com.xiaomi.scanner,com.miui.compass,com.google.android.youtube,com.zhiliaoapp.musically,com.android.chrome,com.ss.android.ugc.trill,com.google.android.apps.maps,com.google.android.googlequicksearchbox,com.netflix.mediaclient,com.mxtech.videoplayer.ad,com.zhiliaoapp.musically.go,in.startv.hotstar,com.waze,com.vk.vkvideo,com.brave.browser,com.yandex.browser,com.ss.android.ugc.aweme,ru.oneme.app,com.google.android.apps.youtube.kids,com.msandroid.mobile,com.lemon.lvoverseas,com.instagram.barcelona,com.amazon.avod.thirdpartyclient,com.ubercab.driver,ru.yandex.yandexnavi,app.revanced.android.youtube,com.yandex.searchapp,com.opera.browser,com.phonepe.app,com.kwai.video,us.zoom.videomeetings,com.disney.disneyplus,tv.twitch.android.app,com.microsoft.teams,ir.eitaa.messenger,com.google.android.apps.nbu.paisa.user,com.oakever.tiletrip,org.videolan.vlc,sinet.startup.inDriver,com.video.fun.app,com.playit.videoplayer,com.wbd.stream,ru.yandex.yandexmaps,com.newleaf.app.android.victor,com.ubercab,com.sahibinden,free.tube.premium.advanced.tuber,com.UCMobile.intl,com.sec.android.app.sbrowser,com.storymatrix.drama,ru.dublgis.dgismobile,com.bcp.innovacxion.yapeapp,com.dywx.larkplayer,com.camerasideas.instashot,com.kbzbank.kpaycustomer,kz.kaspi.mobile,com.binance.dev,pl.allegro,ru.yandex.taxi,com.microsoft.emmx,com.mercadopago.wallet,net.one97.paytm,com.nemo.vidmate,com.lenovo.anyshare.gps,com.nu.production,cab.snapp.passenger,com.msf.angelmobile,com.idamob.tinkoff.android,com.globe.gcash.android,com.google.android.calculator,com.didiglobal.passenger,com.rapido.passenger,com.transsion.phoenix,sun.way2sms.hyd.com,co.com.bancolombia.personas.superapp,com.google.android.apps.walletnfcrel,ir.nasim,com.picsart.studio,com.google.android.apps.youtube.creator,com.pozitron.iscep,com.bancodevenezuela.bdvdigital,com.zeptoconsumerapp,ee.mtakso.client,com.ykb.android,com.falabella.falabellaApp,com.jio.myjio,net.veritran.becl.prod,com.akbank.android.apps.akbank_direkt,com.maanavan.mb_kyrgyzstan,com.bbva.bbvacontigo,com.lppsa.app.sinsay,com.bigwinepot.nwdn.international,com.itau,com.jeyluta.timestampcamerafree,com.mobiliha.badesaba,com.bancomer.mbanking,ru.pyaterochka.app.browser,com.strava,com.vakifbank.mobile,mm.com.wavemoney.wavepay,com.orange.mail.fr,com.bbva.nxt_peru,pe.com.interbank.mobilebanking,io.speedtop.app,ir.bmi.bam.nativeweb,com.naviapp,com.bKash.customerapp,com.bradesco,pl.jmpolska.clos0.mojabiedronka,com.dreamplug.androidapp,mm.com.atom.store,de.web.mobile.android.mail,es.bancosantander.apps,ua.privatbank.ap24,com.yellowpepper.pichincha,com.myklarnamobile,com.mi.appfinder,com.paypal.android.p2pmobile,my.com.tngdigital.ewallet,com.ril.ajio,com.samanpr.blu,com.posteitaliane.spim,com.IndexEducation.Pronote,com.enparabank.retail,pl.pkobp.iko,com.ttech.android.onlineislem,com.google.android.videos,com.tmobtech.halkbank,net.bac.sbe.android,www.ingdirect.nativeframe,pl.inpost.inmobile,com.facebook.stella,tr.gov.saglik.MHRSMOBIL,com.csam.icici.bank.imobile,com.google.android.apps.classroom,money.super.payments,com.caisseepargne.android.mobilebanking,de.dm.meindm.android,com.tmob.AveaOIM,ver3.ycntivi.off,com.myirancell,com.farsitel.bazaar,ru.nspk.mirpay,pt.sibs.android.mbway,aplicacion.tiempo,com.google.android.apps.subscriptions.red,com.wetter.androidclient,com.miui.extraphoto,com.android.credentialmanager,com.google.android.apps.bard'
brussels_intl/fps_local.config	fps_smart_group.list90	'com.android.incallui,com.xiaomi.mihomemanager,com.android.browser,com.miui.gallery,com.android.deskclock,com.android.contacts,com.android.mms,com.miui.newhome,com.miui.weather2,com.miui.securitycenter,com.android.settings,com.miui.notes,com.xiaomi.market,com.xiaomi.smarthome,com.mfashiongallery.emag,com.miui.voiceassist,com.android.quicksearchbox,com.miui.hybrid,com.miui.mediaeditor,com.miui.player,com.miui.cleanmaster,com.android.updater,com.android.fileexplorer,com.android.thememanager,com.xiaomi.shop,com.lbe.security.miui,com.duokan.phone.remotecontroller,com.android.phone,com.mi.health,com.android.intentresolver,com.miui.screenshot,com.miui.carlink,com.miui.personalassistant,com.milink.service,com.xiaomi.account,com.xiaomi.bluetooth,com.miui.cloudservice,com.miui.securitycore,com.miui.securityadd,com.xiaomi.vipaccount,com.android.providers.media.module,com.tencent.android.qqdownloader,com.miui.fm,com.google.android.documentsui,com.xiaomi.mico,com.android.server.telecom,com.jxp.home,com.ningguang.home,com.miui.notification,com.android.email,com.android.captiveportallogin,com.miui.misound,com.miui.greenguard,com.android.htmlviewer,com.miui.bugreport,com.android.systemui,com.android.permissioncontroller,com.android.printspooler,com.miui.screenrecorder,com.github.metacubex.clash.meta,com.github.kr328.clash,com.miui.voicetrigger,com.miui.mishare.connectivity,com.android.stk,com.xiaomi.aiasst.vision,com.miui.yellowpage,com.miui.contentcatcher,com.miui.virtualsim,com.miui.thirdappassistant,com.android.bluetooth,com.fido.asm,com.miui.phrase,com.android.wallpaper.livepicker,com.miui.miservice,com.miui.securitymanager,com.xiaomi.mibrain.speech,com.miui.themestore,com.whatsapp,com.facebook.katana,com.instagram.android,com.google.android.dialer,org.telegram.messenger,com.facebook.orca,com.whatsapp.w4b,com.facebook.lite,com.vkontakte.android,com.snapchat.android,com.viber.voip,com.twitter.android,com.google.android.apps.messaging,com.tencent.mm,com.google.android.apps.youtube.music,com.imo.android.imoim,com.spotify.music,com.google.android.gm,com.mi.globalbrowser,jp.naver.line.android,com.google.android.apps.photos,com.truecaller,com.einnovation.temu,com.android.vending,com.wildberries.ru,com.miui.videoplayer,com.google.android.projection.gearhead,ru.ozon.app.android,com.pinterest,com.discord,com.zing.zalo,com.amazon.mShop.android.shopping,com.miui.android.fashiongallery,com.google.android.apps.docs,ru.ok.android,com.duolingo,org.telegram.plus,com.zzkko,com.imo.android.imoimhd,ru.yandex.searchplugin,com.callapp.contacts,com.instagram.lite,com.mercadolibre,com.avito.android,com.microsoft.office.outlook,com.google.android.contacts,cn.wps.moffice_eng,com.alibaba.aliexpresshd,fr.vinted,com.google.android.apps.tachyon,com.google.android.gms,com.xingin.xhs,app.rbmain.a,trendyol.com,com.flipkart.android,com.reddit.frontpage,com.linkedin.android,org.mozilla.firefox,org.xbet.client1,eu.livesport.FlashScore_com,com.shopee.id,com.grindrapp.android,cn.wps.xiaomi.abroad.lite,com.snaptube.premium,com.google.android.apps.nbu.files,in.amazon.mShop.android.shopping,com.xiaomi.calendar,com.crunchyroll.crunchyroid,com.google.android.calendar,com.shopee.br,com.meesho.supply,com.google.android.apps.translate,ru.yandex.music,com.tinder,com.shopee.ph,ru.sberbankmobile,com.shopee.my,com.deepseek.chat,im.thebot.messenger,com.canva.editor,ir.medu.shad,ir.divar,org.thoughtcrime.securesms,com.kokteyl.mackolik,com.adobe.reader,com.xunmeng.pinduoduo,com.intsig.camscanner,com.eyecon.global,com.ebay.kleinanzeigen,com.booking,com.mobilefootie.wc2010,com.lazada.android,com.lidl.eci.lidlplus,com.taobao.taobao,com.nextbillion.groww,com.google.android.apps.docs.editors.sheets,com.miui.aod,com.nequi.MobileApp,com.whereismytrain.android,com.shopee.th,com.ezviz,com.dewmobile.kuaiya.play,com.wallapop,in.mohalla.sharechat,com.xiaomi.mipicks,com.ziraat.ziraatmobil,fr.leboncoin,com.yahoo.mobile.client.android.mail,com.cricbuzz.android,com.google.android.deskclock,com.myntra.android,com.dubox.drive,com.grabtaxi.passenger,com.badoo.mobile,com.xm.csee,com.lmr.lfm,com.macrovideo.v380pro,com.shopee.vn,com.xiaomi.glgm,com.google.android.apps.docs.editors.docs,com.google.android.keep,com.mm.android.smartlifeiot,ru.beru.android,com.microsoft.office.word,in.swiggy.android,com.microsoft.office.officehubrow,com.application.zomato,com.facebook.pages.app,com.yoosee,com.sofascore.results,com.revolut.revolut,com.mm.android.direct.g_CMOB_XU,com.resultadosfutbol.mobile,com.grofers.customerapp,ru.rostel,com.garanti.cepsubesi,pl.tablica,com.ebay.mobile,com.microsoft.office.excel,tr.gov.turkiye.edevlet.kapisi,com.airbnb.android,deezer.android.app,com.bcp.bank.bcp,com.amazon.mp3,app.source.getcontact,es.lacaixa.mobile.android.newwapicon,ru.mail.mailapp,com.pozitron.hepsiburada,ru.tander.magnit,cris.org.in.prs.ima,com.turkcell.bip,com.cv.docscanner,miui.systemui.plugin,ru.vtb24.mobilebanking.android,com.google.android.apps.magazines,com.socialnmobile.dictapps.notepad.color.note,com.google.android.apps.kids.familylink,com.life360.android.safetymapd,com.alibaba.intl.android.apps.poseidon,pdf.pdfreader.viewer.editor.free,de.zalando.mobile,com.kaufland.Kaufland,com.scores365,com.soundcloud.android,com.myairtelapp,com.google.android.inputmethod.latin,br.com.bb.android,br.com.gabba.Caixa,com.cambyte.okenscan,ru.alfabank.mobile.android,com.shazam.android,de.gmx.mobile.android.mail,com.jio.media.jiobeats,com.vk.im,com.dencreak.dlcalculator,com.kasikorn.retail.mbanking.wap,com.tuya.smartlife,com.xiaomi.midrop,com.bt.bms,com.huawei.health,com.mcdonalds.mobileapp,com.microsoft.skydrive,fr.creditagricole.androidapp,de.wetteronline.wetterapp,com.adobe.scan.android,com.google.android.apps.authenticator2,com.santander.app,com.mytel.myid,com.sbi.lotusintouch,com.starfinanz.smob.android.sfinanzstatus,com.maybank2u.life,com.garmin.android.apps.connectmobile,com.psiphon3.subscription,com.azure.authenticator,com.google.android.apps.adm,com.finansbank.mobile.cepsube,ru.yandex.mail,fr.doctolib.www,com.axis.mobile,com.mi.global.shop,com.mobilexsoft.ezanvakti,com.google.android.apps.chromecast.app,mm.com.mptvas,free.vpn.unblock.proxy.turbovpn,com.lrhsoft.shiftercalendar,com.xiaomi.misettings,com.jrzheng.supervpnfree,com.popularapp.periodcalendar,com.v2ray.ang,ru.yandex.weatherplugin,com.microsoft.appmanager,com.free.vpn.super.hotspot.open,com.google.android.tts,org.iggymedia.periodtracker,com.google.android.apps.wellbeing,com.android.providers.downloads.ui,ir.mci.ecareapp,com.fast.free.unblock.secure.vpn,com.mi.global.bbs,com.blockchainvault,com.google.android.apps.restore,com.cloudflare.onedotonedotonedotone,com.gamma.scan,com.facebook.appmanager,ch.protonvpn.android,com.google.android.setupwizard,com.bit.androsmart.kbinapp,com.microsoft.windowsintune.companyportal,com.google.ar.lens'
brussels_intl/fps_local.config	fps_group.list60	'com.android.camera,com.google.android.youtube,com.zhiliaoapp.musically,com.ss.android.ugc.trill,com.google.android.apps.maps,com.netflix.mediaclient,com.mxtech.videoplayer.ad,com.zhiliaoapp.musically.go,com.google.android.apps.youtube.music,com.waze,com.spotify.music,com.ss.android.ugc.aweme,com.google.android.apps.youtube.kids,com.amazon.avod.thirdpartyclient,ru.yandex.yandexnavi,com.kwai.video,com.disney.disneyplus,tv.twitch.android.app,org.videolan.vlc,sinet.startup.inDriver,com.video.fun.app,com.playit.videoplayer,free.tube.premium.advanced.tuber,ru.dublgis.dgismobile,com.dywx.larkplayer,in.mohalla.sharechat,net.one97.paytm,com.nemo.vidmate,com.amazon.mp3,com.google.android.apps.magazines,com.jio.myjio,com.jio.media.jiobeats'
byron/fps_local.config	fps_smart_group.list60	'com.android.camera,com.xiaomi.scanner,com.miui.mediaviewer,com.ss.android.ugc.aweme,com.ss.android.ugc.aweme.lite,com.kuaishou.nebula,com.smile.gifmaker,com.baidu.haokan'
byron/fps_local.config	fps_smart_group.list90	'com.ss.android.article.news,com.xunmeng.pinduoduo,com.taobao.taobao,com.ss.android.article.lite,com.baidu.searchbox,com.UCMobile,com.youku.phone,com.ss.android.ugc.live,com.taobao.live,com.jingdong.app.mall,com.sohu.inputmethod.sogou,com.quark.browser,com.sdu.didi.gsui,com.iflytek.inputmethod,com.sankuai.meituan,com.sup.android.superb,com.kugou.android,com.netease.cloudmusic,com.taobao.litetao,com.tencent.karaoke,com.baidu.netdisk,com.hexin.plat.android,com.taobao.idlefish,com.tencent.qqmusic,com.chaoxing.mobile,com.ximalaya.ting.android,com.eastmoney.android.berlin,com.baidu.homework,cn.wps.moffice_eng,com.xs.fm,com.tencent.wemeet.app,com.yuncheapp.android.pearl,com.sankuai.meituan.dispatch.crowdsource,com.xunlei.downloadprovider,com.sankuai.meituan.meituanwaimaibusiness,com.lemon.lv,com.lalamove.huolala.driver,com.faloo.BookReader4Android,com.jjwxc.reader,com.baidu.searchbox.tomas,com.achievo.vipshop,me.ele,com.baidu.input,com.sankuai.meituan.dispatch.homebrew,com.lphtsccft,com.sogou.activity.src,com.cmcc.cmvideo,com.handsgo.jiakao.android,com.snda.wifilocating,cn.youth.news,com.able.wisdomtree,com.tencent.weishi,com.duoduo.child.story,com.sankuai.meituan.takeoutnew,com.meta.box,me.ele.crowdsource,com.alukaxi.bqshugg.blue,com.example.xrk,com.tencent.qqpinyin,com.flyersoft.seekbooks,me.ele.napos,com.tencent.qqsports,com.lofter.android,com.taobao.qianniu,com.xunmeng.merchant,com.tencent.qt.qtl,com.youdao.dict,com.jingyao.easybike,com.alibaba.wireless,cn.kuwo.player,com.kuaiyin.player,com.yiyou.ga,com.cainiao.wireless,com.android.dazhihui,com.ninesixshop.say,com.tmri.app.main,android.zhibo8,com.jiongji.andriod.card,com.picacomic.fregata,com.gf.client,com.fenbi.android.servant,com.kuangxiangciweimao.novel,com.unionpay,com.soft.blued,com.sdu.didi.psnger,com.cubic.autohome,com.maimemo.android.momo,com.kuaiduizuoye.scan,com.guotai.dazhihui,com.fenbi.android.zhaojiao,com.qq.ac.android,com.chinamworld.main,com.bokecc.dance,com.fenbi.android.solar,com.guzhen.xiucai,com.tencent.tim,com.glodon.drawingexplorer,com.dianping.v1,com.duowan.mobile,com.gotokeep.keep,com.icbc,com.excelliance.dualaid,com.mt.mtxx.mtxx,com.t3go.driver,com.ifreetalk.ftalk,com.android.haitong,com.kugou.android.elder,com.mihoyo.hyperion,com.hundsun.winner.pazq,mark.via,com.kuaidi.daijia.driver,com.android.bankabc,com.bilibili.comic,me.yidui,com.hipu.yidian,com.xiwei.logistics,com.huaxiaozhu.driver,com.xinchuzu.driver,com.jxedt,com.shanbay.sentence,com.kuaikan.comic,com.zxscnew,com.wondertek.miguaikan,com.taptap,com.chinamworld.bocmbci,com.excean.gspace,com.tencent.gamehelper.smoba,com.galaxy.stock,com.tencent.edu,com.jd.pingou,cmb.pb,cn.com.langeasy.LangEasyLexis,com.whatsapp,com.ss.android.ugc.livelite,com.abxsss.app,com.tsingzone.questionbank,com.x8zs.sandbox,com.relief.space.master.cleaner,com.mampod.ergedd,com.zjwh.android_wh_physicalfitness,com.sinovatech.unicom.ui,com.zjy.ykt,com.xt.retouch,com.ishansong,com.wepie.weplay,com.qsmy.walkmonkey,com.ximalaya.ting.lite,com.MobileTicket,com.cmschina.stock,com.sfexpress.knight,com.sinyee.babybus.recommendapp,com.didapinche.booking,com.netease.edu.ucmooc,com.eastmoney.android.fund,com.kwai.videoeditor,com.jryg.driver,com.sohu.inputmethod.sogou.xiaomi,com.android.browser,com.baidu.input_mi,com.android.deskclock,com.iflytek.inputmethod.miui,com.miui.gallery,com.duokan.reader,com.miui.newhome,com.xiaomi.market,com.miui.cleanmaster,com.mfashiongallery.emag,com.android.calendar,com.miui.player,com.miui.hybrid,com.xiaomi.smarthome,com.android.quicksearchbox,com.android.soundrecorder,com.android.fileexplorer,com.xiaomi.gamecenter,com.xiaomi.vipaccount,com.miui.fm,com.miui.huanji,com.miui.yellowpage,com.miui.cloudservice,com.android.email,com.android.providers.downloads,com.miui.virtualsim,com.xiaomi.wearable,com.xiaomi.aiasst.service,com.miui.bugreport,com.miui.compass,com.milink.service,com.miui.packageinstaller,com.xiaomi.youpin,com.mi.health,cn.wps.moffice_eng.xiaomi.lite,com.xiaomi.hm.health'
byron/fps_local.config	fps_group.list60	'com.android.camera,com.xiaomi.scanner,com.miui.mediaviewer'
byron_id/fps_local.config	fps_smart_group.list60	'com.android.incallui,com.android.camera,com.xiaomi.scanner,com.miui.mediaviewer'
byron_id/fps_local.config	fps_smart_group.list90	'com.google.android.youtube,com.zhiliaoapp.musically,com.ss.android.ugc.trill,com.google.android.googlequicksearchbox,com.truecaller,com.mxtech.videoplayer.ad,com.netflix.mediaclient,in.startv.hotstar,in.startv.hotstaronly,com.viber.voip,com.google.android.apps.maps,com.zhiliaoapp.musically.go,com.vanced.android.youtube,com.google.android.apps.docs,us.zoom.videomeetings,com.google.android.gm,com.playit.videoplayer,in.mohalla.sharechat,ru.yandex.searchplugin,com.nemo.vidmate,com.kwai.video,com.google.android.apps.tachyon,com.gallery.player,in.mohalla.video,com.shopee.id,com.microsoft.teams,com.funnypuri.client,org.telegram.plus,cn.wps.moffice_eng,com.jio.jioplay.tv,com.kwai.bulldog,wp.wattpad,com.google.android.apps.youtube.music,com.google.android.apps.youtube.kids,com.spotify.music,com.flipkart.android,com.waze,com.lemon.lvoverseas,ru.yandex.yandexnavi,com.amazon.avod.thirdpartyclient,tv.twitch.android.app,com.meesho.supply,com.pinterest,com.app.dream11Pro,com.tv.v18.viola,ru.yandex.taximeter,com.graymatrix.did,com.google.android.apps.youtube.mango,com.avito.android,com.phonepe.app,video.tiki,com.lazada.android,com.alibaba.aliexpresshd,trendyol.com,org.videolan.vlc,in.amazon.mShop.android.shopping,com.firsttouchgames.dls7,com.aero,ir.medu.shad,org.xbet.client1,com.binance.dev,com.lenovo.anyshare.gps,com.next.innovation.takatak,com.google.android.apps.nbu.paisa.user,com.wildberries.ru,video.like,com.imo.android.imoimbeta,com.kwai.kuaishou.video.live,com.snaptube.premium,com.eterno,com.amazon.mShop.android.shopping,com.moonvideo.android.resso,com.google.android.apps.translate,com.google.android.apps.classroom,com.imo.android.imoimhd,com.microsoft.office.outlook,com.camerasideas.instashot,com.ubercab.driver,ir.ilmili.telegraph,com.prisbank.app,com.starmakerinteractive.starmaker,free.tube.premium.advanced.tuber,com.gojek.partner,com.facebook.mlite,mobi.mangatoon.novel,mobi.mangatoon.novel.portuguese,com.brave.browser,com.sonyliv,sg.bigo.live,com.michatapp.im,com.nexstreaming.app.kinemasterfree,in.mohalla.video.lite,com.shopee.br,com.obwhatsapp,com.mercadolibre,com.zzkko,net.one97.paytm,com.google.android.apps.tachyon,org.mozilla.firefox,com.cardfeed.video_public,com.tinder,com.naver.linewebtoon,world.social.group.video.share,im.thebot.messenger,com.adv.videoplayer.app,com.picsart.studio,com.instapro.android,com.bstar.intl,com.linkedin.android,com.pratilipi.mobile.android,com.ss.android.ugc.aweme,com.huya.nimo,com.tencent.qqlivei18n,com.duolingo,com.whereismytraingadi.trainstatus.livetrainlocation,com.whereismytrain.android,com.alightcreative.motion,com.grindrapp.android,com.disney.disneyplus,com.shopee.my,com.uc.browser.en,com.iqiyi.i18n,com.adobe.reader,ru.ozon.app.android,com.reddit.frontpage,com.hbo.hbonow,ru.yandex.yandexmaps,com.yy.hiyo,com.wrx.wazirx,com.duokan.phone.remotecontroller,com.perm.kate_new_6,com.shopee.ph,org.jw.jwlibrary.mobile,ir.resaneh1.iptv,video.player.videoplayer,com.instagram.lite,com.jio.myjio,com.vidio.android,com.tokopedia.tkpd,com.unacademyapp,re.sova.five,com.msf.angelmobile,com.eterno.shortvideos,com.ak.ta.dainikbhaskar.activity,com.badoo.mobile,com.skype.raider,com.google.android.apps.magazines,jp.ne.ibis.ibispaintx.app,sinet.startup.inDriver,com.gbwhatsapp3,com.myntra.android,com.offshore.pikashow,ru.dublgis.dgismobile,in.startv.hotstar.dplus,com.sahibinden,com.dywx.larkplayer,co.brainly,com.bsbportal.music,com.mxtech.videoplayer.beta,org.thunderdog.challegram,com.litatom.app,com.sec.android.app.sbrowser,com.flatfish.cal.privacy,com.maleo.bussimulatorid,com.taxsee.driver,com.canva.editor,com.viki.android,com.instapro.app,com.vtosters.android,com.yandex.zen,com.ubercab,mobi.mangatoon.comics.aphone,com.jtwhatsapp,xyz.penpencil.physicswala,blackrussia.online,org.readera,com.cricbuzz.android,com.jio.media.jiobeats,com.nextbillion.groww,ir.divar,com.cisco.webex.meetings,org.thoughtcrime.securesms,org.vidogram.messenger,com.blueWAplus,com.instander.android,com.olacabs.oladriver,com.vuclip.viu,org.telegram.messenger.web,com.gojek.app,com.olx.southasia,com.youdao.hindict,com.grab.merchant,com.intsig.camscanner,com.amazon.mp3,com.shadow.blackhole,mrt.battery.health,com.pay4vend.pay4vend,idm.internet.download.manager,in.upstox.app,com.video.fun.app,com.application.zomato,com.schibsted.bomnegocio.androidApp,com.jio.media.ondemand,com.yandex.browser,com.UCMobile.intl,com.opera.browser,com.opera.mini.native,com.hsv.freeadblockerbrowser,com.sohu.inputmethod.sogou.xiaomi,com.android.browser,com.baidu.input_mi,com.android.deskclock,com.iflytek.inputmethod.miui,com.miui.gallery,com.duokan.reader,com.miui.newhome,com.xiaomi.market,com.miui.cleanmaster,com.mfashiongallery.emag,com.android.calendar,com.miui.player,com.miui.hybrid,com.xiaomi.smarthome,com.android.quicksearchbox,com.android.soundrecorder,com.android.fileexplorer,com.xiaomi.gamecenter,com.xiaomi.vipaccount,com.miui.fm,com.miui.huanji,com.miui.yellowpage,com.miui.cloudservice,com.android.email,com.android.providers.downloads,com.miui.virtualsim,com.xiaomi.wearable,com.xiaomi.aiasst.service,com.miui.bugreport,com.miui.compass,com.milink.service,com.miui.packageinstaller,com.xiaomi.youpin,com.mi.health,cn.wps.moffice_eng.xiaomi.lite,com.xiaomi.hm.health'
byron_id/fps_local.config	fps_group.list60	'com.android.incallui,com.android.camera,com.xiaomi.scanner,com.miui.mediaviewer'
byron_intl/fps_local.config	fps_smart_group.list60	'com.android.incallui,com.android.camera,com.xiaomi.scanner,com.miui.mediaviewer'
byron_intl/fps_local.config	fps_smart_group.list90	'com.google.android.youtube,com.zhiliaoapp.musically,com.ss.android.ugc.trill,com.google.android.googlequicksearchbox,com.truecaller,com.mxtech.videoplayer.ad,com.netflix.mediaclient,in.startv.hotstar,in.startv.hotstaronly,com.viber.voip,com.google.android.apps.maps,com.zhiliaoapp.musically.go,com.vanced.android.youtube,com.google.android.apps.docs,us.zoom.videomeetings,com.google.android.gm,com.playit.videoplayer,in.mohalla.sharechat,ru.yandex.searchplugin,com.nemo.vidmate,com.kwai.video,com.google.android.apps.tachyon,com.gallery.player,in.mohalla.video,com.shopee.id,com.microsoft.teams,com.funnypuri.client,org.telegram.plus,cn.wps.moffice_eng,com.jio.jioplay.tv,com.kwai.bulldog,wp.wattpad,com.google.android.apps.youtube.music,com.google.android.apps.youtube.kids,com.spotify.music,com.flipkart.android,com.waze,com.lemon.lvoverseas,ru.yandex.yandexnavi,com.amazon.avod.thirdpartyclient,tv.twitch.android.app,com.meesho.supply,com.pinterest,com.app.dream11Pro,com.tv.v18.viola,ru.yandex.taximeter,com.graymatrix.did,com.google.android.apps.youtube.mango,com.avito.android,com.phonepe.app,video.tiki,com.lazada.android,com.alibaba.aliexpresshd,trendyol.com,org.videolan.vlc,in.amazon.mShop.android.shopping,com.firsttouchgames.dls7,com.aero,ir.medu.shad,org.xbet.client1,com.binance.dev,com.lenovo.anyshare.gps,com.next.innovation.takatak,com.google.android.apps.nbu.paisa.user,com.wildberries.ru,video.like,com.imo.android.imoimbeta,com.kwai.kuaishou.video.live,com.snaptube.premium,com.eterno,com.amazon.mShop.android.shopping,com.moonvideo.android.resso,com.google.android.apps.translate,com.google.android.apps.classroom,com.imo.android.imoimhd,com.microsoft.office.outlook,com.camerasideas.instashot,com.ubercab.driver,ir.ilmili.telegraph,com.prisbank.app,com.starmakerinteractive.starmaker,free.tube.premium.advanced.tuber,com.gojek.partner,com.facebook.mlite,mobi.mangatoon.novel,mobi.mangatoon.novel.portuguese,com.brave.browser,com.sonyliv,sg.bigo.live,com.michatapp.im,com.nexstreaming.app.kinemasterfree,in.mohalla.video.lite,com.shopee.br,com.obwhatsapp,com.mercadolibre,com.zzkko,net.one97.paytm,com.google.android.apps.tachyon,org.mozilla.firefox,com.cardfeed.video_public,com.tinder,com.naver.linewebtoon,world.social.group.video.share,im.thebot.messenger,com.adv.videoplayer.app,com.picsart.studio,com.instapro.android,com.bstar.intl,com.linkedin.android,com.pratilipi.mobile.android,com.ss.android.ugc.aweme,com.huya.nimo,com.tencent.qqlivei18n,com.duolingo,com.whereismytraingadi.trainstatus.livetrainlocation,com.whereismytrain.android,com.alightcreative.motion,com.grindrapp.android,com.disney.disneyplus,com.shopee.my,com.uc.browser.en,com.iqiyi.i18n,com.adobe.reader,ru.ozon.app.android,com.reddit.frontpage,com.hbo.hbonow,ru.yandex.yandexmaps,com.yy.hiyo,com.wrx.wazirx,com.duokan.phone.remotecontroller,com.perm.kate_new_6,com.shopee.ph,org.jw.jwlibrary.mobile,ir.resaneh1.iptv,video.player.videoplayer,com.instagram.lite,com.jio.myjio,com.vidio.android,com.tokopedia.tkpd,com.unacademyapp,re.sova.five,com.msf.angelmobile,com.eterno.shortvideos,com.ak.ta.dainikbhaskar.activity,com.badoo.mobile,com.skype.raider,com.google.android.apps.magazines,jp.ne.ibis.ibispaintx.app,sinet.startup.inDriver,com.gbwhatsapp3,com.myntra.android,com.offshore.pikashow,ru.dublgis.dgismobile,in.startv.hotstar.dplus,com.sahibinden,com.dywx.larkplayer,co.brainly,com.bsbportal.music,com.mxtech.videoplayer.beta,org.thunderdog.challegram,com.litatom.app,com.sec.android.app.sbrowser,com.flatfish.cal.privacy,com.maleo.bussimulatorid,com.taxsee.driver,com.canva.editor,com.viki.android,com.instapro.app,com.vtosters.android,com.yandex.zen,com.ubercab,mobi.mangatoon.comics.aphone,com.jtwhatsapp,xyz.penpencil.physicswala,blackrussia.online,org.readera,com.cricbuzz.android,com.jio.media.jiobeats,com.nextbillion.groww,ir.divar,com.cisco.webex.meetings,org.thoughtcrime.securesms,org.vidogram.messenger,com.blueWAplus,com.instander.android,com.olacabs.oladriver,com.vuclip.viu,org.telegram.messenger.web,com.gojek.app,com.olx.southasia,com.youdao.hindict,com.grab.merchant,com.intsig.camscanner,com.amazon.mp3,com.shadow.blackhole,mrt.battery.health,com.pay4vend.pay4vend,idm.internet.download.manager,in.upstox.app,com.video.fun.app,com.application.zomato,com.schibsted.bomnegocio.androidApp,com.jio.media.ondemand,com.yandex.browser,com.UCMobile.intl,com.opera.browser,com.opera.mini.native,com.hsv.freeadblockerbrowser,com.sohu.inputmethod.sogou.xiaomi,com.android.browser,com.baidu.input_mi,com.android.deskclock,com.iflytek.inputmethod.miui,com.miui.gallery,com.duokan.reader,com.miui.newhome,com.xiaomi.market,com.miui.cleanmaster,com.mfashiongallery.emag,com.android.calendar,com.miui.player,com.miui.hybrid,com.xiaomi.smarthome,com.android.quicksearchbox,com.android.soundrecorder,com.android.fileexplorer,com.xiaomi.gamecenter,com.xiaomi.vipaccount,com.miui.fm,com.miui.huanji,com.miui.yellowpage,com.miui.cloudservice,com.android.email,com.android.providers.downloads,com.miui.virtualsim,com.xiaomi.wearable,com.xiaomi.aiasst.service,com.miui.bugreport,com.miui.compass,com.milink.service,com.miui.packageinstaller,com.xiaomi.youpin,com.mi.health,cn.wps.moffice_eng.xiaomi.lite,com.xiaomi.hm.health'
byron_intl/fps_local.config	fps_group.list60	'com.android.incallui,com.android.camera,com.xiaomi.scanner,com.miui.mediaviewer'
chagall/fps_local.config	fps_smart_group.list60	'com.ss.android.article.news,com.miui.cit,com.tmall.wireless,com.jingdong.app.mall,com.taobao.live,com.xunmeng.pinduoduo,com.qq.ac.android,com.milink.service,com.tencent.qqpinyin,com.baidu.input,com.iflytek.inputmethod,com.sohu.inputmethod.sogou,com.lechuan.mdxs,com.taobao.taobao,com.UCMobile,com.tencent.wemeet.app,com.chaozh.iReader.dj,com.sankuai.meituan.dispatch.crowdsource,com.chaozh.iReaderFree,com.cootek.crazyreader,com.sankuai.meituan.meituanwaimaibusiness,com.lalamove.huolala.driver,com.faloo.BookReader4Android,com.jjwxc.reader,io.legado.app.release,com.sankuai.meituan.dispatch.homebrew,com.hpbr.bosszhipin,com.lwby.breader.ad,com.snda.wifilocating,com.duoduo.child.story,me.ele.crowdsource,com.alukaxi.bqshugg.blue,com.tencent.map,com.flyersoft.seekbooks,me.ele.napos,com.jingyao.easybike,cn.kuwo.player,com.yiyou.ga,com.ninesixshop.say,com.tmri.app.main,com.lechuan.midunovel,com.comics.bika,com.kuangxiangciweimao.novel,com.sdu.didi.psnger,com.bokecc.dance,com.duowan.mobile,com.ifreetalk.ftalk,com.kugou.android.elder,com.kuaidi.daijia.driver,com.dongqiudi.news,com.bilibili.comic,com.xiwei.logistics,com.huaxiaozhu.driver,com.xinchuzu.driver,com.jd.pingou,com.tool.biqudaogexs,com.tool.txtqbydq,com.baidu.yuedu,com.relief.space.master.cleaner,com.mampod.ergedd,com.ophone.reader.ui,com.ishansong,com.ximalaya.ting.lite,com.sfexpress.knight,com.mianfeizs.book,com.didapinche.booking,com.jryg.driver,com.tadu.read,com.android.incallui,com.android.camera,com.autonavi.minimap,com.sdu.didi.gsui,com.baidu.BaiduMap,com.duokan.reader,tv.danmaku.bili,com.dragon.read,com.kmxs.reader,com.eg.android.AlipayGphone,com.kugou.android,com.netease.cloudmusic,com.lechuan.mdwz,com.tencent.karaoke,com.qidian.QDReader,com.shuqi.controller,com.tencent.qqmusic,com.duokan.free,com.qq.reader,com.yueyou.adreader,com.ximalaya.ting.android,com.tencent.weread,com.android.deskclock,com.mfashiongallery.emag,com.miui.fm,com.miui.huanji,com.android.nfc,com.xiaomi.scanner,com.miui.yellowpage,com.miui.compass,com.miui.miservice,com.miui.player,com.kuaiyin.player,com.tencent.edu,com.wondertek.miguaikan,com.cmcc.cmvideo,com.kuaikan.comic,com.xs.fm,com.youku.phone,com.sup.android.superb,com.phoenix.read,com.dz.hmjc,com.jz.xydj,com.diotc.qojfqkj,com.taige.miaokan,com.taige.mygold,com.ss.android.yumme.video,cn.missevan,com.eggflower.read,cn.kuwo.tingshu.lite,com.picacomic.fregata,com.sohu.inputmethod.sogou.xiaomi,com.baidu.input_mi,com.iflytek.inputmethod.miui,com.instagram.android,com.google.android.googlequicksearchbox,org.telegram.messenger,iflix.play,com.tencent.videolite.android,cn.amazon.mShop.android,com.shopee.my,com.amazon.mShop.android.shopping,us.zoom.videomeetings'
chagall/fps_local.config	fps_smart_group.list60_game	'com.feiyu.luobo4.mi,com.bf.sgs.hdexp.mi,com.mfp.jelly.xiaomi,com.easygame2022.sheepmatchcn.mi,com.zy.game.painter2.mi,com.jingpinddz.cy.mi,com.lew.game.monster.mi,com.zf.myds.mi,com.mengmi.majiang.mi,com.tencent.tmgp.hqxy,com.feiyu.hcollege.mi,com.k7k7.goujihd,com.k7k7.goujihd.mi,com.fy.wdnc.mi,com.jd.game.cwllk.mi,com.djddz.km,com.ex.jpkbfc.mi,com.lywx.lyxq.mi,com.yh.zdxhz.mi,com.yh.zdxhz,com.zy.game.fkdgz.mi,com.dz.game.sqhx.mi,com.jd.game.cutfruit.mi,com.lew.game.qmppl.mi,com.duole.guandanhd.mi,com.ylly.xczzd.mi,com.pokercity.ddz.mi,com.rh.jtxqj.mi,com.xzh.ttwxq.mi,com.supercell.clashofclans,com.tencent.tmgp.supercell.clashofclans,com.supercell.clashroyale,com.tencent.tmgp.supercell.clashroyale,com.blizzard.wtcg.hearthstone,com.ironhidegames.android.kingdomrush.alliance,com.kingdomrush4.mi,com.ea.game.pvz2_row,com.popcap.pvz2cthdxm,com.tencent.tmgp.road7.ddtdmxandroid,com.road7.ddtdmxandroid.mi,com.co.zjhy.mi,com.volvapps.ef3.x.mi,com.ahlh.sgzhd.mi,com.my.cooking.chef.kitchen.craze.fever.mi'
chagall/fps_local.config	fps_group.list60	'com.miui.huanji,com.miui.cit,com.baidu.input,com.iflytek.inputmethod,com.sohu.inputmethod.sogou,com.tencent.wemeet.app,com.ifreetalk.ftalk,com.kuaidi.daijia.driver,com.xiwei.logistics,com.xinchuzu.driver,com.mampod.ergedd,com.android.incallui,com.android.camera,com.mfashiongallery.emag,com.xiaomi.scanner,com.miui.compass,com.autonavi.minimap,com.sdu.didi.gsui,com.baidu.BaiduMap,com.tencent.map'
chagall_id/fps_local.config	fps_smart_group.list60	'com.android.deskclock,com.android.camera,com.miui.player,com.android.incallui,com.netflix.mediaclient,com.google.android.apps.maps,com.xiaomi.scanner,com.truecaller,org.telegram.messenger,com.snapchat.android,com.viber.voip,com.google.android.apps.docs,com.google.android.apps.tachyon,com.shopee.id,com.microsoft.teams,com.flipkart.android,com.meesho.supply,com.pinterest,com.app.dream11Pro,com.avito.android,com.phonepe.app,com.alibaba.aliexpresshd,trendyol.com,ir.medu.shad,org.xbet.client1,com.google.android.apps.nbu.paisa.user,com.wildberries.ru,com.amazon.mShop.android.shopping,com.google.android.apps.classroom,com.microsoft.office.outlook,com.camerasideas.instashot,com.ubercab.driver,com.prisbank.app,com.gojek.partner,com.shopee.br,com.mercadolibre,com.zzkko,com.duolingo,com.whereismytrain.android,com.whereismytraingadi.trainstatus.livetrainlocation,com.shopee.my,com.tokopedia.tkpd,com.unacademyapp,com.msf.angelmobile,com.ak.ta.dainikbhaskar.activity,jp.ne.ibis.ibispaintx.app,com.myntra.android,com.offshore.pikashow,com.sahibinden,co.brainly,com.flatfish.cal.privacy,com.ubercab,xyz.penpencil.physicswala,ir.divar,com.cisco.webex.meetings,com.instander.android,com.olacabs.oladriver,com.vuclip.viu,com.olx.southasia,com.whatsapp,com.facebook.katana,com.instagram.android,com.android.chrome,com.facebook.orca,com.facebook.lite,com.gbwhatsapp,com.vkontakte.android,com.whatsapp.w4b,com.twitter.android,com.android.vending,com.imo.android.imoim,ru.ok.android,jp.naver.line.android,com.yandex.browser,org.telegram.plus,cn.wps.moffice_eng,com.discord,com.zing.zalo,com.fmwhatsapp,com.UCMobile.intl,com.yowhatsapp,com.WhatsApp2Plus,com.opera.browser,com.opera.mini.native,com.binance.dev,com.imo.android.imoimbeta,com.eterno,com.google.android.apps.translate,com.imo.android.imoimhd,ir.ilmili.telegraph,com.facebook.mlite,com.brave.browser,com.michatapp.im,com.obwhatsapp,org.mozilla.firefox,im.thebot.messenger,com.picsart.studio,com.linkedin.android,com.alightcreative.motion,com.grindrapp.android,com.uc.browser.en,com.reddit.frontpage,com.yy.hiyo,com.perm.kate_new_6,com.instagram.lite,re.sova.five,com.badoo.mobile,com.gbwhatsapp3,org.thunderdog.challegram,com.litatom.app,com.sec.android.app.sbrowser,com.canva.editor,com.instapro.app,com.vtosters.android,com.yandex.zen,com.jtwhatsapp,blackrussia.online,com.cricbuzz.android,com.nextbillion.groww,org.thoughtcrime.securesms,org.vidogram.messenger,com.blueWAplus,org.telegram.messenger.web,com.gojek.app,com.intsig.camscanner,mrt.battery.health,com.pay4vend.pay4vend,idm.internet.download.manager,in.upstox.app,com.application.zomato,com.schibsted.bomnegocio.androidApp,com.facemoji.lite.xiaomi,com.miui.huanji,com.miui.cit,com.ss.android.article.news,com.xunmeng.pinduoduo,com.taobao.taobao,com.dragon.read,com.UCMobile,com.tencent.mtt,com.kmxs.reader,com.eg.android.AlipayGphone,com.youku.phone,com.jingdong.app.mall,com.ss.android.yumme.video,com.phoenix.read'
chagall_id/fps_local.config	fps_smart_group.list60_game	'com.os.airforce,com.fancyforce.happywheels,com.rubygames.assassin,com.gamehivecorp.taptitans2,com.game.space.shooter2,com.os.space.force.galaxy.alien,com.alien.shooter.galaxy.attack,net.froemling.bombsquad,com.zeptolab.cats.google,com.os.space.force.galaxy.alien,net.froemling.bombsquad'
chagall_id/fps_local.config	fps_group.list60	'com.android.camera,com.android.incallui,com.netflix.mediaclient,com.google.android.apps.maps,com.xiaomi.scanner,com.miui.android.fashiongallery,com.miui.cit,com.miui.huanji'
chagall_intl/fps_local.config	fps_smart_group.list60	'com.android.deskclock,com.android.camera,com.miui.player,com.android.incallui,com.netflix.mediaclient,com.google.android.apps.maps,ru.yandex.yandexmaps,com.xiaomi.scanner,com.truecaller,org.telegram.messenger,com.snapchat.android,com.viber.voip,com.google.android.apps.docs,us.zoom.videomeetings,com.google.android.gm,com.google.android.apps.tachyon,com.shopee.id,com.microsoft.teams,com.flipkart.android,com.lemon.lvoverseas,com.meesho.supply,com.pinterest,com.app.dream11Pro,com.avito.android,com.phonepe.app,com.lazada.android,com.alibaba.aliexpresshd,trendyol.com,in.amazon.mShop.android.shopping,com.firsttouchgames.dls7,ir.medu.shad,org.xbet.client1,com.lenovo.anyshare.gps,com.google.android.apps.nbu.paisa.user,com.wildberries.ru,com.amazon.mShop.android.shopping,com.google.android.apps.classroom,com.microsoft.office.outlook,com.camerasideas.instashot,com.ubercab.driver,com.prisbank.app,com.gojek.partner,com.shopee.br,com.mercadolibre,com.zzkko,com.duolingo,com.whereismytrain.android,com.whereismytraingadi.trainstatus.livetrainlocation,com.shopee.my,ru.ozon.app.android,com.duokan.phone.remotecontroller,com.shopee.ph,com.tokopedia.tkpd,com.unacademyapp,com.msf.angelmobile,com.ak.ta.dainikbhaskar.activity,jp.ne.ibis.ibispaintx.app,com.myntra.android,com.offshore.pikashow,com.sahibinden,co.brainly,com.flatfish.cal.privacy,com.maleo.bussimulatorid,com.taxsee.driver,com.ubercab,xyz.penpencil.physicswala,ir.divar,com.cisco.webex.meetings,com.instander.android,com.olacabs.oladriver,com.vuclip.viu,com.olx.southasia,mrt.battery.health,com.pay4vend.pay4vend,idm.internet.download.manager,in.upstox.app,com.application.zomato,com.schibsted.bomnegocio.androidApp,com.whatsapp,com.instagram.android,com.imo.android.imoim,com.instagram.lite,iflix.play,com.tencent.videolite.android,cn.amazon.mShop.android,com.facemoji.lite.xiaomi,com.miui.huanji,com.miui.cit,com.ss.android.article.news,com.xunmeng.pinduoduo,com.taobao.taobao,com.dragon.read,com.UCMobile,com.tencent.mtt,com.kmxs.reader,com.eg.android.AlipayGphone,com.youku.phone,com.jingdong.app.mall,com.ss.android.yumme.video,com.phoenix.read'
chagall_intl/fps_local.config	fps_smart_group.list60_game	'com.os.airforce,com.fancyforce.happywheels,com.rubygames.assassin,com.gamehivecorp.taptitans2,com.game.space.shooter2,com.os.space.force.galaxy.alien,com.alien.shooter.galaxy.attack,net.froemling.bombsquad,com.zeptolab.cats.google,com.os.space.force.galaxy.alien,net.froemling.bombsquad'
chagall_intl/fps_local.config	fps_group.list60	'com.android.camera,com.android.incallui,com.netflix.mediaclient,com.google.android.apps.maps,com.xiaomi.scanner,com.miui.android.fashiongallery,com.miui.cit,com.miui.huanji'
charoite_intl/fps_local.config	fps_smart_group.list60	'cn.amazon.mShop.android,com.android.incallui,com.sohu.inputmethod.sogou.xiaomi,com.baidu.input_mi,com.android.deskclock,com.iflytek.inputmethod.miui,com.miui.video,com.duokan.reader,com.android.camera,com.mfashiongallery.emag,com.miui.player,com.miui.tsmclient,com.miui.fm,com.miui.huanji,com.android.nfc,com.xiaomi.scanner,com.miui.yellowpage,com.miui.miservice,com.miui.compass,com.milink.service,com.miui.mediaviewer,com.google.android.youtube,com.whatsapp,com.facebook.katana,com.instagram.android,com.android.chrome,com.zhiliaoapp.musically,com.ss.android.ugc.trill,com.facebook.orca,com.facebook.lite,com.google.android.googlequicksearchbox,com.truecaller,org.telegram.messenger,com.gbwhatsapp,com.mxtech.videoplayer.ad,com.vkontakte.android,com.netflix.mediaclient,com.whatsapp.w4b,in.startv.hotstar,in.startv.hotstaronly,com.snapchat.android,com.viber.voip,com.google.android.apps.maps,com.zhiliaoapp.musically.go,com.vanced.android.youtube,com.google.android.apps.docs,com.twitter.android,com.android.vending,us.zoom.videomeetings,com.google.android.gm,com.playit.videoplayer,in.mohalla.sharechat,com.imo.android.imoim,ru.yandex.searchplugin,com.nemo.vidmate,com.kwai.video,ru.ok.android,com.google.android.apps.tachyon,jp.naver.line.android,com.gallery.player,in.mohalla.video,com.yandex.browser,com.shopee.id,com.microsoft.teams,com.funnypuri.client,org.telegram.plus,cn.wps.moffice_eng,com.jio.jioplay.tv,com.kwai.bulldog,com.discord,wp.wattpad,com.google.android.apps.youtube.music,com.google.android.apps.youtube.kids,com.spotify.music,com.flipkart.android,com.waze,com.zing.zalo,com.fmwhatsapp,com.lemon.lvoverseas,ru.yandex.yandexnavi,com.amazon.avod.thirdpartyclient,tv.twitch.android.app,com.meesho.supply,com.UCMobile.intl,com.pinterest,com.app.dream11Pro,com.tv.v18.viola,ru.yandex.taximeter,com.yowhatsapp,com.WhatsApp2Plus,com.graymatrix.did,com.google.android.apps.youtube.mango,com.avito.android,com.opera.browser,com.phonepe.app,video.tiki,com.opera.mini.native,com.lazada.android,com.alibaba.aliexpresshd,trendyol.com,org.videolan.vlc,in.amazon.mShop.android.shopping,com.firsttouchgames.dls7,com.aero,ir.medu.shad,org.xbet.client1,com.binance.dev,com.lenovo.anyshare.gps,com.next.innovation.takatak,com.google.android.apps.nbu.paisa.user,com.wildberries.ru,video.like,com.imo.android.imoimbeta,com.kwai.kuaishou.video.live,com.snaptube.premium,com.eterno,com.amazon.mShop.android.shopping,com.moonvideo.android.resso,com.google.android.apps.translate,com.google.android.apps.classroom,com.imo.android.imoimhd,com.microsoft.office.outlook,com.camerasideas.instashot,com.ubercab.driver,ir.ilmili.telegraph,com.prisbank.app,com.starmakerinteractive.starmaker,free.tube.premium.advanced.tuber,com.gojek.partner,com.facebook.mlite,mobi.mangatoon.novel,mobi.mangatoon.novel.portuguese,com.brave.browser,com.sonyliv,sg.bigo.live,com.michatapp.im,com.nexstreaming.app.kinemasterfree,in.mohalla.video.lite,com.shopee.br,com.obwhatsapp,com.mercadolibre,com.zzkko,net.one97.paytm,com.google.android.apps.tachyon,org.mozilla.firefox,com.cardfeed.video_public,com.tinder,com.naver.linewebtoon,world.social.group.video.share,im.thebot.messenger,com.adv.videoplayer.app,com.picsart.studio,com.instapro.android,com.bstar.intl,com.linkedin.android,com.pratilipi.mobile.android,com.ss.android.ugc.aweme,com.huya.nimo,com.tencent.qqlivei18n,com.duolingo,com.whereismytrain.android,com.whereismytraingadi.trainstatus.livetrainlocation,com.alightcreative.motion,com.grindrapp.android,com.disney.disneyplus,com.shopee.my,com.uc.browser.en,com.iqiyi.i18n,com.adobe.reader,ru.ozon.app.android,com.reddit.frontpage,com.hbo.hbonow,ru.yandex.yandexmaps,com.yy.hiyo,com.wrx.wazirx,com.duokan.phone.remotecontroller,com.perm.kate_new_6,com.shopee.ph,org.jw.jwlibrary.mobile,ir.resaneh1.iptv,video.player.videoplayer,com.instagram.lite,com.jio.myjio,com.vidio.android,com.tokopedia.tkpd,com.unacademyapp,re.sova.five,com.msf.angelmobile,com.eterno.shortvideos,com.ak.ta.dainikbhaskar.activity,com.badoo.mobile,com.skype.raider,com.google.android.apps.magazines,jp.ne.ibis.ibispaintx.app,sinet.startup.inDriver,com.gbwhatsapp3,com.myntra.android,com.offshore.pikashow,ru.dublgis.dgismobile,in.startv.hotstar.dplus,com.sahibinden,com.dywx.larkplayer,co.brainly,com.bsbportal.music,com.mxtech.videoplayer.beta,org.thunderdog.challegram,com.litatom.app,com.sec.android.app.sbrowser,com.flatfish.cal.privacy,com.maleo.bussimulatorid,com.taxsee.driver,com.canva.editor,com.viki.android,com.instapro.app,com.vtosters.android,com.yandex.zen,com.ubercab,mobi.mangatoon.comics.aphone,com.jtwhatsapp,xyz.penpencil.physicswala,blackrussia.online,org.readera,com.cricbuzz.android,com.jio.media.jiobeats,com.nextbillion.groww,ir.divar,com.cisco.webex.meetings,org.thoughtcrime.securesms,org.vidogram.messenger,com.blueWAplus,com.instander.android,com.olacabs.oladriver,com.vuclip.viu,org.telegram.messenger.web,com.gojek.app,com.olx.southasia,com.youdao.hindict,com.grab.merchant,com.intsig.camscanner,com.amazon.mp3,com.shadow.blackhole,mrt.battery.health,com.pay4vend.pay4vend,idm.internet.download.manager,in.upstox.app,com.video.fun.app,com.application.zomato,com.schibsted.bomnegocio.androidApp,com.jio.media.ondemand'
charoite_intl/fps_local.config	fps_group.list60	'com.android.incallui,com.miui.video,com.android.camera,com.mfashiongallery.emag,com.miui.tsmclient,com.miui.huanji,com.xiaomi.scanner,com.miui.compass,com.miui.mediaviewer,com.google.android.youtube,com.zhiliaoapp.musically,com.ss.android.ugc.trill,com.mxtech.videoplayer.ad,com.netflix.mediaclient,in.startv.hotstar,in.startv.hotstaronly,com.google.android.apps.maps,com.zhiliaoapp.musically.go,com.vanced.android.youtube,us.zoom.videomeetings,com.google.android.gm,com.playit.videoplayer,in.mohalla.sharechat,ru.yandex.searchplugin,com.nemo.vidmate,com.kwai.video,com.gallery.player,in.mohalla.video,com.funnypuri.client,com.jio.jioplay.tv,com.kwai.bulldog,wp.wattpad,com.google.android.apps.youtube.music,com.google.android.apps.youtube.kids,com.spotify.music,com.waze,com.lemon.lvoverseas,ru.yandex.yandexnavi,com.amazon.avod.thirdpartyclient,tv.twitch.android.app,com.tv.v18.viola,ru.yandex.taximeter,com.graymatrix.did,com.google.android.apps.youtube.mango,video.tiki,com.lazada.android,org.videolan.vlc,in.amazon.mShop.android.shopping,com.firsttouchgames.dls7,com.aero,com.lenovo.anyshare.gps,com.next.innovation.takatak,video.like,com.kwai.kuaishou.video.live,com.snaptube.premium,com.moonvideo.android.resso,com.starmakerinteractive.starmaker,free.tube.premium.advanced.tuber,mobi.mangatoon.novel,mobi.mangatoon.novel.portuguese,com.sonyliv,sg.bigo.live,com.nexstreaming.app.kinemasterfree,in.mohalla.video.lite,net.one97.paytm,com.google.android.apps.tachyon,com.cardfeed.video_public,com.tinder,com.naver.linewebtoon,world.social.group.video.share,com.adv.videoplayer.app,com.instapro.android,com.bstar.intl,com.pratilipi.mobile.android,com.ss.android.ugc.aweme,com.huya.nimo,com.tencent.qqlivei18n,com.disney.disneyplus,com.iqiyi.i18n,com.adobe.reader,ru.ozon.app.android,com.hbo.hbonow,ru.yandex.yandexmaps,com.wrx.wazirx,com.duokan.phone.remotecontroller,com.shopee.ph,org.jw.jwlibrary.mobile,ir.resaneh1.iptv,video.player.videoplayer,com.jio.myjio,com.vidio.android,com.eterno.shortvideos,com.skype.raider,com.google.android.apps.magazines,sinet.startup.inDriver,ru.dublgis.dgismobile,in.startv.hotstar.dplus,com.dywx.larkplayer,com.bsbportal.music,com.mxtech.videoplayer.beta,com.maleo.bussimulatorid,com.taxsee.driver,com.viki.android,mobi.mangatoon.comics.aphone,org.readera,com.jio.media.jiobeats,com.vuclip.viu,com.amazon.mp3,com.shadow.blackhole,com.video.fun.app,com.jio.media.ondemand'
citrine_intl/fps_local.config	fps_smart_group.list60	''
citrine_intl/fps_local.config	fps_smart_group.list120	'com.google.android.inputmethod.latin,com.mint.keyboard,com.touchtype.swiftkey,com.google.android.apps.inputmethod.hindi,com.tencent.mm,com.celltick.lockscreen,com.clusterdev.malayalamkeyboard,com.microsoft.office.word,com.bit.androsmart.kbinapp,com.emoji.coolkeyboard,com.simejikeyboard,com.ziipin.softkeyboard.saudi,com.vng.inputmethod.labankey,site.realanime.animlov.animlov,com.hamrokeyboard,com.fontskeyboard.fonts,com.teslacoilsw.launcher,com.android.htmlviewer,com.hsv.freeadblockerbrowser,lk.bhasha.helakuru,com.microsoft.office.officehubrow,sun.way2sms.hyd.com,com.hb.dialer.free,net.metaquotes.metatrader4,info.sunista.app,com.google.android.packageinstaller,com.jb.emoji.gokeyboard,com.ziipin.softkeyboard.dz,com.miui.home,com.android.browser,com.miui.gallery,com.android.contacts,com.android.mms,com.xiaomi.mihomemanager,com.miui.newhome,com.miui.calculator,com.miui.securitycenter,com.android.settings,com.miui.weather2,com.miui.notes,com.miui.hybrid,com.xiaomi.smarthome,com.xiaomi.shop,com.android.quicksearchbox,com.android.thememanager,com.android.fileexplorer,com.miui.voiceassist,com.android.phone,com.miui.notification,com.xiaomi.gamecenter,com.miui.securityadd,com.android.updater,com.xiaomi.account,com.xiaomi.vipaccount,com.miui.cloudservice,com.android.email,com.miui.personalassistant,com.ss.android.lark.kami,com.xiaomi.wearable,com.jeejen.family.miui,com.miui.securitycore,com.lbe.security.miui,com.xiaomi.youpin,com.mi.health,cn.wps.moffice_eng.xiaomi.lite,com.xiaomi.hm.health,com.google.android.apps.messaging,com.android.deskclock,com.android.soundrecorder,com.xiaomi.calendar,com.milink.service,com.xiaomi.misettings,com.mi.android.globallauncher'
citrine_intl/fps_local.config	fps_group.list60	''
citrine_intl/fps_local.config	fps_group.list120	'com.whatsapp,com.facebook.katana,com.instagram.android,com.android.chrome,com.google.android.inputmethod.latin,com.facebook.orca,com.facebook.lite,com.google.android.googlequicksearchbox,com.truecaller,org.telegram.messenger,com.gbwhatsapp,com.vkontakte.android,com.whatsapp.w4b,com.snapchat.android,com.viber.voip,com.google.android.apps.docs,com.twitter.android,com.android.vending,com.imo.android.imoim,com.mint.keyboard,ru.ok.android,com.google.android.apps.tachyon,jp.naver.line.android,com.yandex.browser,com.shopee.id,com.microsoft.teams,org.telegram.plus,cn.wps.moffice_eng,com.discord,com.flipkart.android,com.touchtype.swiftkey,com.zing.zalo,com.fmwhatsapp,com.meesho.supply,com.UCMobile.intl,com.pinterest,com.app.dream11Pro,com.yowhatsapp,com.WhatsApp2Plus,com.avito.android,com.opera.browser,com.phonepe.app,com.opera.mini.native,com.alibaba.aliexpresshd,trendyol.com,com.google.android.apps.inputmethod.hindi,ir.medu.shad,org.xbet.client1,com.binance.dev,com.tencent.mm,com.google.android.apps.nbu.paisa.user,com.wildberries.ru,com.imo.android.imoimbeta,com.eterno,com.amazon.mShop.android.shopping,com.google.android.apps.translate,com.google.android.apps.classroom,com.imo.android.imoimhd,com.microsoft.office.outlook,com.celltick.lockscreen,com.camerasideas.instashot,com.ubercab.driver,ir.ilmili.telegraph,com.prisbank.app,com.clusterdev.malayalamkeyboard,com.gojek.partner,com.facebook.mlite,com.brave.browser,com.michatapp.im,com.shopee.br,com.obwhatsapp,com.mercadolibre,com.microsoft.office.word,com.zzkko,org.mozilla.firefox,com.bit.androsmart.kbinapp,com.emoji.coolkeyboard,im.thebot.messenger,com.picsart.studio,com.simejikeyboard,com.linkedin.android,com.duolingo,com.whereismytrain.android,com.whereismytraingadi.trainstatus.livetrainlocation,com.alightcreative.motion,com.grindrapp.android,com.shopee.my,com.uc.browser.en,com.ziipin.softkeyboard.saudi,com.vng.inputmethod.labankey,com.reddit.frontpage,com.yy.hiyo,site.realanime.animlov.animlov,com.perm.kate_new_6,com.instagram.lite,com.tokopedia.tkpd,com.unacademyapp,re.sova.five,com.msf.angelmobile,com.ak.ta.dainikbhaskar.activity,com.badoo.mobile,jp.ne.ibis.ibispaintx.app,com.gbwhatsapp3,com.myntra.android,com.offshore.pikashow,com.hamrokeyboard,com.sahibinden,com.fontskeyboard.fonts,co.brainly,org.thunderdog.challegram,com.litatom.app,com.sec.android.app.sbrowser,com.flatfish.cal.privacy,com.canva.editor,com.instapro.app,com.vtosters.android,com.yandex.zen,com.ubercab,com.jtwhatsapp,xyz.penpencil.physicswala,com.teslacoilsw.launcher,com.android.htmlviewer,blackrussia.online,com.cricbuzz.android,com.nextbillion.groww,ir.divar,com.cisco.webex.meetings,com.hsv.freeadblockerbrowser,lk.bhasha.helakuru,com.microsoft.office.officehubrow,sun.way2sms.hyd.com,org.thoughtcrime.securesms,org.vidogram.messenger,com.blueWAplus,com.hb.dialer.free,com.instander.android,net.metaquotes.metatrader4,com.olacabs.oladriver,info.sunista.app,org.telegram.messenger.web,com.gojek.app,com.olx.southasia,com.youdao.hindict,com.google.android.packageinstaller,com.grab.merchant,com.intsig.camscanner,com.jb.emoji.gokeyboard,com.ziipin.softkeyboard.dz,mrt.battery.health,com.pay4vend.pay4vend,idm.internet.download.manager,in.upstox.app,com.application.zomato,com.schibsted.bomnegocio.androidApp,com.miui.home,com.sohu.inputmethod.sogou.xiaomi,com.android.browser,com.baidu.input_mi,com.android.deskclock,com.iflytek.inputmethod.miui,com.miui.gallery,com.android.contacts,com.duokan.reader,com.android.mms,com.xiaomi.mihomemanager,com.miui.newhome,com.miui.calculator,com.miui.securitycenter,com.android.settings,com.miui.weather2,com.xiaomi.market,com.miui.notes,com.miui.cleanmaster,com.android.calendar,com.miui.player,com.miui.hybrid,com.xiaomi.smarthome,com.xiaomi.shop,com.android.quicksearchbox,com.android.soundrecorder,com.android.thememanager,com.android.fileexplorer,com.miui.voiceassist,com.android.phone,com.miui.notification,com.xiaomi.gamecenter,com.miui.securityadd,com.android.updater,com.xiaomi.account,com.xiaomi.vipaccount,com.miui.fm,com.android.nfc,com.mipay.wallet,com.miui.yellowpage,com.miui.cloudservice,com.android.email,com.miui.personalassistant,com.android.providers.downloads,com.ss.android.lark.kami,com.miui.virtualsim,com.xiaomi.wearable,com.xiaomi.aiasst.service,com.jeejen.family.miui,com.miui.miservice,com.milink.service,com.miui.securitycore,com.miui.packageinstaller,com.lbe.security.miui,com.xiaomi.youpin,com.mi.health,cn.wps.moffice_eng.xiaomi.lite,com.xiaomi.hm.health,com.google.android.apps.messaging,com.xiaomi.calendar,com.xiaomi.misettings,com.mi.android.globallauncher'
creek_intl/fps_local.config	fps_smart_group.list60	'com.instagram.android,com.autonavi.minimap,com.android.incallui,com.sohu.inputmethod.sogou.xiaomi,com.baidu.input_mi,com.android.deskclock,com.iflytek.inputmethod.miui,com.android.camera,com.mfashiongallery.emag,com.android.soundrecorder,com.miui.tsmclient,com.miui.fm,com.miui.huanji,com.android.nfc,com.xiaomi.scanner,com.miui.yellowpage,com.xiaomi.aiasst.service,com.miui.compass,com.milink.service,com.miui.packageinstaller,com.google.android.apps.maps,ru.yandex.yandexmaps,com.gallery.player,com.android.providers.downloads.ui,com.miui.cit,com.amazon.mShop.android.shopping,com.android.chrome'
creek_intl/fps_local.config	fps_smart_group.list90	'com.duokan.reader,com.xiaomi.market,com.xiaomi.mipicks,com.miui.cleanmaster,com.miui.cleaner,com.android.calendar,com.miui.player,com.mipay.wallet,com.android.providers.downloads,com.miui.virtualsim,com.miui.miservice,com.miui.bugreport,com.google.android.gm'
creek_intl/fps_local.config	fps_group.list60	'com.autonavi.minimap,com.android.incallui,com.android.camera,com.mfashiongallery.emag,com.miui.tsmclient,com.miui.huanji,com.xiaomi.scanner,com.miui.compass,com.google.android.apps.maps,ru.yandex.yandexmaps'
dada/fps_local.config	fps_smart_group.list60	'com.miui.cit,com.tmall.wireless,com.jingdong.app.mall,com.taobao.live,com.tencent.mtt,com.xunmeng.pinduoduo,com.qq.ac.android,com.tencent.qqpinyin,com.baidu.input,com.iflytek.inputmethod,com.sohu.inputmethod.sogou,com.lechuan.mdxs,com.taobao.taobao,com.UCMobile,com.tencent.wemeet.app,com.chaozh.iReader.dj,com.sankuai.meituan.dispatch.crowdsource,com.chaozh.iReaderFree,com.cootek.crazyreader,com.sankuai.meituan.meituanwaimaibusiness,com.lalamove.huolala.driver,com.faloo.BookReader4Android,com.jjwxc.reader,io.legado.app.release,com.sankuai.meituan.dispatch.homebrew,com.hpbr.bosszhipin,com.lwby.breader.ad,com.snda.wifilocating,com.duoduo.child.story,me.ele.crowdsource,com.alukaxi.bqshugg.blue,com.flyersoft.seekbooks,me.ele.napos,com.jingyao.easybike,cn.kuwo.player,com.yiyou.ga,com.ninesixshop.say,com.tmri.app.main,com.lechuan.midunovel,com.comics.bika,com.kuangxiangciweimao.novel,com.sdu.didi.psnger,com.bokecc.dance,com.duowan.mobile,com.ifreetalk.ftalk,com.kugou.android.elder,com.kuaidi.daijia.driver,com.dongqiudi.news,com.bilibili.comic,com.xiwei.logistics,com.huaxiaozhu.driver,com.xinchuzu.driver,com.jd.pingou,com.tool.biqudaogexs,com.tool.txtqbydq,com.baidu.yuedu,com.relief.space.master.cleaner,com.mampod.ergedd,com.ophone.reader.ui,com.ishansong,com.ximalaya.ting.lite,com.sfexpress.knight,com.mianfeizs.book,com.didapinche.booking,com.jryg.driver,com.tadu.read,com.android.incallui,com.android.camera,com.sdu.didi.gsui,com.dragon.read,com.kmxs.reader,com.eg.android.AlipayGphone,com.kugou.android,com.netease.cloudmusic,com.lechuan.mdwz,com.tencent.karaoke,com.qidian.QDReader,com.shuqi.controller,com.tencent.qqmusic,com.duokan.free,com.qq.reader,com.yueyou.adreader,com.ximalaya.ting.android,com.tencent.weread,com.miui.tsmclient,com.miui.huanji,com.android.nfc,com.xiaomi.scanner,com.miui.yellowpage,com.miui.virtualsim,com.xiaomi.aiasst.service,com.miui.compass,com.miui.miservice,com.miui.packageinstaller,com.kuaiyin.player,com.tencent.edu,com.wondertek.miguaikan,com.cmcc.cmvideo,com.kuaikan.comic,com.xs.fm'
dada/fps_local.config	fps_group.list60	'com.miui.huanji,com.miui.cit,com.baidu.input,com.iflytek.inputmethod,com.sohu.inputmethod.sogou,com.tencent.wemeet.app,com.ifreetalk.ftalk,com.kuaidi.daijia.driver,com.xiwei.logistics,com.xinchuzu.driver,com.mampod.ergedd,com.android.incallui,com.android.camera,com.miui.tsmclient,com.xiaomi.scanner,com.miui.compass,com.sdu.didi.gsui'
dada_id/fps_local.config	fps_smart_group.list60	'com.android.camera,com.android.incallui,com.xiaomi.scanner,com.google.android.googlequicksearchbox,com.truecaller,com.netflix.mediaclient,in.startv.hotstar,in.startv.hotstaronly,com.viber.voip,com.google.android.apps.maps,com.vanced.android.youtube,com.google.android.apps.docs,us.zoom.videomeetings,com.google.android.gm,in.mohalla.sharechat,ru.yandex.searchplugin,com.nemo.vidmate,com.kwai.video,com.google.android.apps.tachyon,com.shopee.id,com.microsoft.teams,com.funnypuri.client,org.telegram.plus,cn.wps.moffice_eng,com.jio.jioplay.tv,wp.wattpad,com.google.android.apps.youtube.music,com.spotify.music,com.flipkart.android,com.waze,com.lemon.lvoverseas,ru.yandex.yandexnavi,com.meesho.supply,com.pinterest,com.app.dream11Pro,com.tv.v18.viola,ru.yandex.taximeter,com.graymatrix.did,com.avito.android,com.phonepe.app,video.tiki,com.lazada.android,com.alibaba.aliexpresshd,trendyol.com,org.videolan.vlc,in.amazon.mShop.android.shopping,com.firsttouchgames.dls7,com.aero,ir.medu.shad,org.xbet.client1,com.binance.dev,com.lenovo.anyshare.gps,com.next.innovation.takatak,com.google.android.apps.nbu.paisa.user,com.wildberries.ru,video.like,com.imo.android.imoimbeta,com.kwai.kuaishou.video.live,com.eterno,com.amazon.mShop.android.shopping,com.moonvideo.android.resso,com.google.android.apps.translate,com.google.android.apps.classroom,com.imo.android.imoimhd,com.microsoft.office.outlook,com.camerasideas.instashot,com.ubercab.driver,ir.ilmili.telegraph,com.prisbank.app,com.starmakerinteractive.starmaker,free.tube.premium.advanced.tuber,com.gojek.partner,com.facebook.mlite,mobi.mangatoon.novel,mobi.mangatoon.novel.portuguese,com.brave.browser,com.sonyliv,sg.bigo.live,com.michatapp.im,com.nexstreaming.app.kinemasterfree,in.mohalla.video.lite,com.shopee.br,com.obwhatsapp,com.mercadolibre,com.zzkko,net.one97.paytm,com.google.android.apps.tachyon,org.mozilla.firefox,com.cardfeed.video_public,com.tinder,com.naver.linewebtoon,world.social.group.video.share,im.thebot.messenger,com.adv.videoplayer.app,com.picsart.studio,com.instapro.android,com.linkedin.android,com.pratilipi.mobile.android,com.huya.nimo,com.tencent.qqlivei18n,com.duolingo,com.whereismytraingadi.trainstatus.livetrainlocation,com.whereismytrain.android,com.alightcreative.motion,com.grindrapp.android,com.disney.disneyplus,com.shopee.my,com.uc.browser.en,com.iqiyi.i18n,com.adobe.reader,ru.ozon.app.android,com.reddit.frontpage,com.hbo.hbonow,ru.yandex.yandexmaps,com.yy.hiyo,com.wrx.wazirx,com.duokan.phone.remotecontroller,com.perm.kate_new_6,com.shopee.ph,org.jw.jwlibrary.mobile,ir.resaneh1.iptv,video.player.videoplayer,com.instagram.lite,com.jio.myjio,com.vidio.android,com.tokopedia.tkpd,com.unacademyapp,re.sova.five,com.msf.angelmobile,com.eterno.shortvideos,com.ak.ta.dainikbhaskar.activity,com.badoo.mobile,com.skype.raider,com.google.android.apps.magazines,jp.ne.ibis.ibispaintx.app,sinet.startup.inDriver,com.gbwhatsapp3,com.myntra.android,com.offshore.pikashow,ru.dublgis.dgismobile,com.sahibinden,com.dywx.larkplayer,co.brainly,com.bsbportal.music,com.mxtech.videoplayer.beta,org.thunderdog.challegram,com.litatom.app,com.sec.android.app.sbrowser,com.flatfish.cal.privacy,com.maleo.bussimulatorid,com.taxsee.driver,com.canva.editor,com.viki.android,com.instapro.app,com.vtosters.android,com.yandex.zen,com.ubercab,mobi.mangatoon.comics.aphone,com.jtwhatsapp,xyz.penpencil.physicswala,blackrussia.online,org.readera,com.cricbuzz.android,com.jio.media.jiobeats,com.nextbillion.groww,ir.divar,com.cisco.webex.meetings,org.thoughtcrime.securesms,org.vidogram.messenger,com.blueWAplus,com.instander.android,com.olacabs.oladriver,com.vuclip.viu,org.telegram.messenger.web,com.gojek.app,com.olx.southasia,com.youdao.hindict,com.grab.merchant,com.intsig.camscanner,com.amazon.mp3,com.shadow.blackhole,mrt.battery.health,com.pay4vend.pay4vend,idm.internet.download.manager,in.upstox.app,com.video.fun.app,com.application.zomato,com.schibsted.bomnegocio.androidApp,com.jio.media.ondemand'
dada_id/fps_local.config	fps_group.list60	'com.android.camera,com.android.incallui,com.xiaomi.scanner,com.netflix.mediaclient,in.startv.hotstar,in.startv.hotstaronly,com.google.android.apps.maps,com.vanced.android.youtube,us.zoom.videomeetings,com.google.android.gm,in.mohalla.sharechat,ru.yandex.searchplugin,com.nemo.vidmate,com.kwai.video,com.funnypuri.client,com.jio.jioplay.tv,wp.wattpad,com.google.android.apps.youtube.music,com.spotify.music,com.waze,com.lemon.lvoverseas,ru.yandex.yandexnavi,com.tv.v18.viola,ru.yandex.taximeter,com.graymatrix.did,video.tiki,org.videolan.vlc,com.aero,com.lenovo.anyshare.gps,com.next.innovation.takatak,video.like,com.kwai.kuaishou.video.live,com.moonvideo.android.resso,com.starmakerinteractive.starmaker,free.tube.premium.advanced.tuber,mobi.mangatoon.novel,mobi.mangatoon.novel.portuguese,com.sonyliv,sg.bigo.live,com.nexstreaming.app.kinemasterfree,in.mohalla.video.lite,net.one97.paytm,com.google.android.apps.tachyon,com.cardfeed.video_public,com.naver.linewebtoon,world.social.group.video.share,com.adv.videoplayer.app,com.instapro.android,com.pratilipi.mobile.android,com.huya.nimo,com.tencent.qqlivei18n,com.disney.disneyplus,com.iqiyi.i18n,com.adobe.reader,com.hbo.hbonow,ru.yandex.yandexmaps,com.wrx.wazirx,com.duokan.phone.remotecontroller,org.jw.jwlibrary.mobile,ir.resaneh1.iptv,video.player.videoplayer,com.jio.myjio,com.vidio.android,com.eterno.shortvideos,com.skype.raider,com.google.android.apps.magazines,sinet.startup.inDriver,ru.dublgis.dgismobile,com.dywx.larkplayer,com.bsbportal.music,com.mxtech.videoplayer.beta,com.maleo.bussimulatorid,com.taxsee.driver,com.viki.android,mobi.mangatoon.comics.aphone,org.readera,com.jio.media.jiobeats,com.vuclip.viu,com.amazon.mp3,com.shadow.blackhole,com.video.fun.app,com.jio.media.ondemand'
dada_intl/fps_local.config	fps_smart_group.list60	'com.android.camera,com.android.incallui,com.xiaomi.scanner,com.google.android.googlequicksearchbox,com.truecaller,com.netflix.mediaclient,in.startv.hotstar,in.startv.hotstaronly,com.viber.voip,com.google.android.apps.maps,com.vanced.android.youtube,com.google.android.apps.docs,us.zoom.videomeetings,com.google.android.gm,in.mohalla.sharechat,com.nemo.vidmate,com.kwai.video,com.google.android.apps.tachyon,com.shopee.id,com.microsoft.teams,com.funnypuri.client,com.jio.jioplay.tv,wp.wattpad,com.google.android.apps.youtube.music,com.spotify.music,com.flipkart.android,com.waze,com.lemon.lvoverseas,ru.yandex.yandexnavi,com.meesho.supply,com.pinterest,com.app.dream11Pro,com.tv.v18.viola,ru.yandex.taximeter,com.graymatrix.did,com.avito.android,com.phonepe.app,video.tiki,com.lazada.android,com.alibaba.aliexpresshd,trendyol.com,org.videolan.vlc,in.amazon.mShop.android.shopping,com.firsttouchgames.dls7,com.aero,ir.medu.shad,org.xbet.client1,com.lenovo.anyshare.gps,com.next.innovation.takatak,com.google.android.apps.nbu.paisa.user,com.wildberries.ru,video.like,com.kwai.kuaishou.video.live,com.amazon.mShop.android.shopping,com.moonvideo.android.resso,com.google.android.apps.classroom,com.microsoft.office.outlook,com.camerasideas.instashot,com.ubercab.driver,com.prisbank.app,com.starmakerinteractive.starmaker,free.tube.premium.advanced.tuber,com.gojek.partner,mobi.mangatoon.novel,mobi.mangatoon.novel.portuguese,com.sonyliv,sg.bigo.live,com.nexstreaming.app.kinemasterfree,in.mohalla.video.lite,com.shopee.br,com.mercadolibre,com.zzkko,net.one97.paytm,com.cardfeed.video_public,com.naver.linewebtoon,world.social.group.video.share,com.adv.videoplayer.app,com.pratilipi.mobile.android,com.huya.nimo,com.tencent.qqlivei18n,com.duolingo,com.whereismytrain.android,com.whereismytraingadi.trainstatus.livetrainlocation,com.disney.disneyplus,com.shopee.my,com.iqiyi.i18n,ru.ozon.app.android,com.hbo.hbonow,ru.yandex.yandexmaps,com.duokan.phone.remotecontroller,com.shopee.ph,org.jw.jwlibrary.mobile,ir.resaneh1.iptv,video.player.videoplayer,com.jio.myjio,com.vidio.android,com.tokopedia.tkpd,com.unacademyapp,com.msf.angelmobile,com.eterno.shortvideos,com.ak.ta.dainikbhaskar.activity,com.skype.raider,com.google.android.apps.magazines,jp.ne.ibis.ibispaintx.app,sinet.startup.inDriver,com.myntra.android,com.offshore.pikashow,ru.dublgis.dgismobile,com.sahibinden,com.dywx.larkplayer,co.brainly,com.bsbportal.music,com.mxtech.videoplayer.beta,com.flatfish.cal.privacy,com.maleo.bussimulatorid,com.taxsee.driver,com.viki.android,com.ubercab,mobi.mangatoon.comics.aphone,xyz.penpencil.physicswala,org.readera,com.jio.media.jiobeats,ir.divar,com.cisco.webex.meetings,com.instander.android,com.olacabs.oladriver,com.vuclip.viu,com.olx.southasia,com.grab.merchant,com.amazon.mp3,com.shadow.blackhole,mrt.battery.health,com.pay4vend.pay4vend,idm.internet.download.manager,in.upstox.app,com.video.fun.app,com.application.zomato,com.schibsted.bomnegocio.androidApp,com.jio.media.ondemand'
dada_intl/fps_local.config	fps_group.list60	'com.android.camera,com.android.incallui,ru.yandex.yandexmaps,com.xiaomi.scanner,com.netflix.mediaclient,in.startv.hotstar,in.startv.hotstaronly,com.google.android.apps.maps,com.vanced.android.youtube,in.mohalla.sharechat,com.nemo.vidmate,com.kwai.video,com.funnypuri.client,com.jio.jioplay.tv,wp.wattpad,com.google.android.apps.youtube.music,com.spotify.music,com.waze,ru.yandex.yandexnavi,com.tv.v18.viola,ru.yandex.taximeter,com.graymatrix.did,video.tiki,org.videolan.vlc,com.aero,com.next.innovation.takatak,video.like,com.kwai.kuaishou.video.live,com.moonvideo.android.resso,com.starmakerinteractive.starmaker,free.tube.premium.advanced.tuber,mobi.mangatoon.novel,mobi.mangatoon.novel.portuguese,com.sonyliv,sg.bigo.live,com.nexstreaming.app.kinemasterfree,in.mohalla.video.lite,net.one97.paytm,com.cardfeed.video_public,com.naver.linewebtoon,world.social.group.video.share,com.adv.videoplayer.app,com.pratilipi.mobile.android,com.huya.nimo,com.tencent.qqlivei18n,com.disney.disneyplus,com.iqiyi.i18n,com.hbo.hbonow,org.jw.jwlibrary.mobile,ir.resaneh1.iptv,video.player.videoplayer,com.jio.myjio,com.vidio.android,com.eterno.shortvideos,com.skype.raider,com.google.android.apps.magazines,sinet.startup.inDriver,ru.dublgis.dgismobile,com.dywx.larkplayer,com.bsbportal.music,com.mxtech.videoplayer.beta,com.viki.android,mobi.mangatoon.comics.aphone,org.readera,com.jio.media.jiobeats,com.vuclip.viu,com.amazon.mp3,com.shadow.blackhole,com.video.fun.app,com.jio.media.ondemand'
dali/fps_local.config	fps_smart_group.list60	'com.ss.android.article.news,com.miui.cit,com.tmall.wireless,com.jingdong.app.mall,com.taobao.live,com.xunmeng.pinduoduo,com.qq.ac.android,com.milink.service,com.tencent.qqpinyin,com.baidu.input,com.iflytek.inputmethod,com.sohu.inputmethod.sogou,com.lechuan.mdxs,com.taobao.taobao,com.UCMobile,com.tencent.wemeet.app,com.chaozh.iReader.dj,com.sankuai.meituan.dispatch.crowdsource,com.chaozh.iReaderFree,com.cootek.crazyreader,com.sankuai.meituan.meituanwaimaibusiness,com.lalamove.huolala.driver,com.faloo.BookReader4Android,com.jjwxc.reader,io.legado.app.release,com.sankuai.meituan.dispatch.homebrew,com.hpbr.bosszhipin,com.lwby.breader.ad,com.snda.wifilocating,com.duoduo.child.story,me.ele.crowdsource,com.alukaxi.bqshugg.blue,com.tencent.map,com.flyersoft.seekbooks,me.ele.napos,com.jingyao.easybike,cn.kuwo.player,com.yiyou.ga,com.ninesixshop.say,com.tmri.app.main,com.lechuan.midunovel,com.comics.bika,com.kuangxiangciweimao.novel,com.sdu.didi.psnger,com.bokecc.dance,com.duowan.mobile,com.ifreetalk.ftalk,com.kugou.android.elder,com.kuaidi.daijia.driver,com.dongqiudi.news,com.bilibili.comic,com.xiwei.logistics,com.huaxiaozhu.driver,com.xinchuzu.driver,com.jd.pingou,com.tool.biqudaogexs,com.tool.txtqbydq,com.baidu.yuedu,com.relief.space.master.cleaner,com.mampod.ergedd,com.ophone.reader.ui,com.ishansong,com.ximalaya.ting.lite,com.sfexpress.knight,com.mianfeizs.book,com.didapinche.booking,com.jryg.driver,com.tadu.read,com.android.incallui,com.android.camera,com.autonavi.minimap,com.sdu.didi.gsui,com.baidu.BaiduMap,com.duokan.reader,tv.danmaku.bili,com.dragon.read,com.kmxs.reader,com.eg.android.AlipayGphone,com.kugou.android,com.netease.cloudmusic,com.lechuan.mdwz,com.tencent.karaoke,com.qidian.QDReader,com.shuqi.controller,com.tencent.qqmusic,com.duokan.free,com.qq.reader,com.yueyou.adreader,com.ximalaya.ting.android,com.tencent.weread,com.android.deskclock,com.mfashiongallery.emag,com.miui.fm,com.miui.huanji,com.android.nfc,com.xiaomi.scanner,com.miui.yellowpage,com.miui.compass,com.miui.miservice,com.miui.player,com.kuaiyin.player,com.tencent.edu,com.wondertek.miguaikan,com.cmcc.cmvideo,com.kuaikan.comic,com.xs.fm,com.youku.phone,com.sup.android.superb,com.phoenix.read,com.dz.hmjc,com.jz.xydj,com.diotc.qojfqkj,com.taige.miaokan,com.taige.mygold,com.ss.android.yumme.video,cn.missevan,com.eggflower.read,cn.kuwo.tingshu.lite,com.picacomic.fregata,com.sohu.inputmethod.sogou.xiaomi,com.baidu.input_mi,com.iflytek.inputmethod.miui'
dali/fps_local.config	fps_smart_group.list60_game	'com.kiloo.subwaysurf,com.netease.mc.mi,com.feiyu.luobo4.mi,com.bf.sgs.hdexp.mi,com.mfp.jelly.xiaomi,com.easygame2022.sheepmatchcn.mi,com.zy.game.painter2.mi,com.jingpinddz.cy.mi,com.lew.game.monster.mi,com.imangi.templerun2,com.zf.myds.mi,com.mengmi.majiang.mi'
dali/fps_local.config	fps_group.list60	'com.miui.huanji,com.miui.cit,com.baidu.input,com.iflytek.inputmethod,com.sohu.inputmethod.sogou,com.tencent.wemeet.app,com.ifreetalk.ftalk,com.kuaidi.daijia.driver,com.xiwei.logistics,com.xinchuzu.driver,com.mampod.ergedd,com.android.incallui,com.android.camera,com.mfashiongallery.emag,com.xiaomi.scanner,com.miui.compass,com.autonavi.minimap,com.sdu.didi.gsui,com.baidu.BaiduMap,com.tencent.map'
dash/fps_local.config	fps_smart_group.list60	'com.android.incallui,com.android.deskclock,com.android.camera,com.android.calendar,com.xiaomi.market,com.mfashiongallery.emag,com.miui.cleanmaster,com.miui.tsmclient,com.miui.mediaviewer,com.miui.packageinstaller,com.miui.hybrid,com.miui.player,com.milink.service,com.android.soundrecorder,com.xiaomi.aiasst.service,com.xiaomi.scanner,com.miui.bugreport,com.miui.huanji,com.miui.yellowpage,com.xiaomi.vipaccount,com.miui.compass,com.miui.virtualsim,com.miui.miservice,com.miui.fm,com.mipay.wallet,com.android.nfc,com.sohu.inputmethod.sogou.xiaomi,com.duokan.reader,com.android.providers.downloads,com.gallery.player,com.xiaomi.calendar,com.android.providers.downloads.ui,com.miui.cit,com.baidu.input_mi,com.iflytek.inputmethod.miui,com.miui.video,com.miui.videoplayer,com.ss.android.ugc.aweme,com.ss.android.ugc.aweme.lite,com.smile.gifmaker,com.kuaishou.nebula,com.dragon.read,tv.danmaku.bili,com.xunmeng.pinduoduo,com.ss.android.article.video,com.baidu.searchbox,com.taobao.taobao,com.eg.android.AlipayGphone,com.autonavi.minimap,com.tencent.qqlive,com.ss.android.ugc.live,com.xs.fm,com.quark.browser,com.kmxs.reader,com.sankuai.meituan,com.tencent.mtt,com.sdu.didi.gsui,com.qiyi.video,com.jingdong.app.mall,com.UCMobile,com.baidu.searchbox.lite,com.youku.phone,com.sankuai.meituan.dispatch.crowdsource,com.meta.box,com.taobao.idlefish,com.baidu.BaiduMap,com.hexin.plat.android,com.taobao.live,com.qidian.QDReader,com.xs.fm.lite,com.netease.cloudmusic,me.ele.crowdsource,com.baidu.haokan,com.kugou.android,com.duowan.kiwi,com.eastmoney.android.berlin,com.tencent.qqmusic,com.lemon.lv,com.sankuai.meituan.dispatch.homebrew,com.hunantv.imgo.activity,com.sankuai.meituan.meituanwaimaibusiness,com.lalamove.huolala.driver,com.luna.music,com.qiyi.video.lite,com.tencent.karaoke,io.legado.app.release,com.qq.reader,com.shuqi.controller,com.tencent.wemeet.app,air.tv.douyu.android,com.sup.android.superb,com.jjwxc.reader,com.ximalaya.ting.android,com.xunlei.downloadprovider,com.MobileTicket,com.sdu.didi.psnger,com.google.android.youtube,me.ele.napos,com.jingyao.easybike,com.sankuai.meituan.takeoutnew,com.tencent.weread,com.shizhuang.duapp,me.ele,com.lphtsccft,com.greenpoint.android.mc10086.activity,com.xiwei.logistics,com.videogo,com.iflytek.inputmethod,com.dianping.v1,com.yiyou.ga,ctrip.android.view,com.sfexpress.knight,com.tmri.app.main,com.t3go.driver,com.achievo.vipshop,com.jiaohua_browser,com.chaozh.iReaderFree,com.xt.retouch,com.alibaba.wireless,com.seetong.app.seetong,com.cmri.universalapp,com.xunmeng.merchant,com.taobao.litetao,com.gf.client,com.android.dazhihui,com.mt.mtxx.mtxx,com.xhey.xcamera,com.tencent.map,com.chaozh.iReader.dj,com.hupu.games,com.zxscnew,com.chinamworld.main,com.taobao.qianniu,com.icbc,com.cainiao.wireless,com.android.bankabc,com.kwai.videoeditor,com.unionpay,com.sohu.inputmethod.sogou,com.yueme.itv,com.jryg.driver,com.yueyou.adreader,com.huaxiaozhu.driver,com.jd.jrapp,com.hundsun.winner.pazq,com.Qunar,com.picacomic.fregata,cn.xiaochuankeji.tieba,com.tplink.ipc,me.yidui,com.kugou.android.lite,com.cmcc.cmvideo,com.moji.mjweather,com.wuba,com.tmall.wireless,com.sgcc.wsgw.cn,com.cmschina.stock,com.kuangxiangciweimao.novel,com.glodon.drawingexplorer,com.jooan.qiaoanzhilian,com.ucmobile.lite,com.chinamworld.bocmbci,com.snda.wifilocating,cmb.pb,com.mipay.wallet,com.duokan.reader,com.tencent.androidqqmail,com.shiyueread.home,com.sinovatech.unicom.ui,com.ss.coupon,com.fido.asm,com.ss.funny,com.dd.reading,com.ct.client,com.lingmao.quickapp,com.ss.happy,com.yitong.mbank.psbc,com.le123.ysdq,com.tencent.zebra,com.ss.discount,com.fast.jrdwfx,com.zhuiwenxiaoshuo.app,cn.gov.tax.its,com.moutai.mall,com.jj.cloudplay,com.anjuke.android.app,com.yj.ddyd,cn.kuwo.player,com.theate.video,com.youdao.dict,com.intsig.camscanner,com.bankcomm.Bankcomm,com.galaxy.book,com.ygkj.chelaile.standard,com.pingan.paces.ccms,com.xtc.watch,com.mfhzhsh.quickapp,com.lianjia.beike,com.ss.fruit,com.network.xf100,com.midea.ai.appliances,com.wuba.zhuanzhuan,com.hupu.shihuo,com.bankcomm.maidanba,com.cmbchina.ccd.pluto.cmbActivity,com.jsmcc,com.ss.joyful,com.clover.daysmatter,com.github.kr328.clash,com.ccb.longjiLife,com.blockchainvault,com.badoustudy.chenxin,com.yipiao,com.huawei.hwid,com.taobao.trip,com.meitu.meiyancamera,com.smzdm.client.android,com.tencent.weishi,cn.damai,com.gorgeous.lite,com.baidu.input,com.ltkj.qyxd,com.qihoo.camera,com.sankuai.youxuan,com.yoosee,com.yek.android.kfc.activitys,com.kwai.m2u,com.dd.library,com.pingguoad.quick,com.pingan.carowner,com.kingpoint.gmcchh,com.imibaby.client,com.cc.cloudcomic,com.sf.activity,com.didapinche.booking,com.taobao.etao,com.xinhang.mobileclient,com.mayiread.home,com.chif.weather,com.shumi.shumireader,com.netease.uu,com.wudaokou.hippo,com.njh.biubiu,cn.wenyu.bodian,com.iodkols.onekeylockscreen,com.haixingyd.home,com.sohu.sohuvideo,cn.hsa.app,com.mygolbs.mybus,com.tencent.qqsports,android.zhibo8,com.mm.android.lc,com.shark.jizhang,com.qq.ac.android,com.icbc.im,com.eastmoney.android.fund,com.pupumall.customer,com.cib.cibmb,com.jd.jdlite,com.lechuan.mdwz,com.duokan.free,com.lechuan.mdxs,com.cootek.crazyreader,com.faloo.BookReader4Android,com.lwby.breader.ad,com.duoduo.child.story,com.alukaxi.bqshugg.blue,com.tencent.qqpinyin,com.flyersoft.seekbooks,com.kuaiyin.player,com.ninesixshop.say,com.lechuan.midunovel,com.bokecc.dance,com.duowan.mobile,com.kugou.android.elder,com.dongqiudi.news,com.bilibili.comic,com.kuaikan.comic,com.wondertek.miguaikan,com.tencent.edu,com.jd.pingou,com.tool.biqudaogexs,com.tool.txtqbydq,com.baidu.yuedu,com.relief.space.master.cleaner,com.ophone.reader.ui,com.ishansong,com.ximalaya.ting.lite,com.mianfeizs.book,com.tadu.read,com.ifreetalk.ftalk,com.kuaidi.daijia.driver,com.xinchuzu.driver,com.gallery.player,com.xiaomi.calendar,com.android.providers.downloads.ui,com.miui.cit,com.qihoo.browser,com.ss.android.article.news,com.ss.android.article.lite,com.dada.mobile.android,me.ele.hbdteam,com.jd.mrd.jingming,com.slkj.paotui.worker'
dash/fps_local.config	fps_group.list60	'com.android.incallui,com.android.camera,com.mfashiongallery.emag,com.miui.mediaviewer,com.xiaomi.scanner,com.miui.huanji,com.miui.compass,com.miui.video,com.miui.videoplayer,com.ss.android.ugc.aweme,com.ss.android.ugc.aweme.lite,com.smile.gifmaker,com.kuaishou.nebula,com.autonavi.minimap,com.ss.android.ugc.live,com.sdu.didi.gsui,com.baidu.BaiduMap,com.baidu.haokan,com.tencent.wemeet.app,com.xiwei.logistics,com.xhey.xcamera,com.tencent.map,com.tencent.zebra,com.tencent.weishi,com.gorgeous.lite,com.ifreetalk.ftalk,com.kuaidi.daijia.driver,com.xinchuzu.driver'
dash_intl/fps_local.config	fps_smart_group.list60	'com.android.incallui,com.sohu.inputmethod.sogou.xiaomi,com.baidu.input_mi,com.android.deskclock,com.iflytek.inputmethod.miui,com.miui.video,com.duokan.reader,com.android.camera,com.xiaomi.market,com.miui.cleanmaster,com.mfashiongallery.emag,com.android.calendar,com.miui.player,com.android.soundrecorder,com.miui.tsmclient,com.miui.fm,com.miui.huanji,com.android.nfc,com.xiaomi.scanner,com.mipay.wallet,com.miui.yellowpage,com.android.providers.downloads,com.miui.virtualsim,com.xiaomi.aiasst.service,com.miui.bugreport,com.miui.compass,com.milink.service,com.miui.packageinstaller,com.miui.videoplayer,com.gallery.player,com.miui.mediaviewer,com.miui.miservice,com.xiaomi.calendar,com.android.providers.downloads.ui,com.miui.cit,com.google.android.youtube,com.whatsapp,com.instagram.android,com.zhiliaoapp.musically,com.ss.android.ugc.trill,com.google.android.googlequicksearchbox,com.truecaller,org.telegram.messenger,com.mxtech.videoplayer.ad,com.netflix.mediaclient,in.startv.hotstar,in.startv.hotstaronly,com.snapchat.android,com.viber.voip,com.google.android.apps.maps,com.zhiliaoapp.musically.go,com.vanced.android.youtube,com.google.android.apps.docs,us.zoom.videomeetings,com.google.android.gm,com.playit.videoplayer,in.mohalla.sharechat,com.imo.android.imoim,com.nemo.vidmate,com.kwai.video,com.google.android.apps.tachyon,com.gallery.player,in.mohalla.video,com.shopee.id,com.microsoft.teams,com.funnypuri.client,com.jio.jioplay.tv,com.kwai.bulldog,wp.wattpad,com.google.android.apps.youtube.music,com.google.android.apps.youtube.kids,com.spotify.music,com.flipkart.android,com.waze,com.lemon.lvoverseas,ru.yandex.yandexnavi,com.amazon.avod.thirdpartyclient,tv.twitch.android.app,com.meesho.supply,com.pinterest,com.app.dream11Pro,com.tv.v18.viola,ru.yandex.taximeter,com.graymatrix.did,com.google.android.apps.youtube.mango,com.avito.android,com.phonepe.app,video.tiki,com.lazada.android,com.alibaba.aliexpresshd,trendyol.com,org.videolan.vlc,in.amazon.mShop.android.shopping,com.firsttouchgames.dls7,com.aero,ir.medu.shad,org.xbet.client1,com.lenovo.anyshare.gps,com.next.innovation.takatak,com.google.android.apps.nbu.paisa.user,com.wildberries.ru,video.like,com.kwai.kuaishou.video.live,com.amazon.mShop.android.shopping,com.moonvideo.android.resso,com.google.android.apps.classroom,com.microsoft.office.outlook,com.camerasideas.instashot,com.ubercab.driver,com.prisbank.app,com.starmakerinteractive.starmaker,free.tube.premium.advanced.tuber,com.gojek.partner,mobi.mangatoon.novel,mobi.mangatoon.novel.portuguese,com.sonyliv,sg.bigo.live,com.nexstreaming.app.kinemasterfree,in.mohalla.video.lite,com.shopee.br,com.mercadolibre,com.zzkko,net.one97.paytm,com.cardfeed.video_public,com.naver.linewebtoon,world.social.group.video.share,com.adv.videoplayer.app,com.bstar.intl,com.pratilipi.mobile.android,com.ss.android.ugc.aweme,com.huya.nimo,com.tencent.qqlivei18n,com.duolingo,com.whereismytrain.android,com.whereismytraingadi.trainstatus.livetrainlocation,com.disney.disneyplus,com.shopee.my,com.iqiyi.i18n,ru.ozon.app.android,com.hbo.hbonow,ru.yandex.yandexmaps,com.duokan.phone.remotecontroller,com.shopee.ph,org.jw.jwlibrary.mobile,ir.resaneh1.iptv,video.player.videoplayer,com.instagram.lite,com.jio.myjio,com.vidio.android,com.tokopedia.tkpd,com.unacademyapp,com.msf.angelmobile,com.eterno.shortvideos,com.ak.ta.dainikbhaskar.activity,com.skype.raider,com.google.android.apps.magazines,jp.ne.ibis.ibispaintx.app,sinet.startup.inDriver,com.myntra.android,com.offshore.pikashow,ru.dublgis.dgismobile,in.startv.hotstar.dplus,com.sahibinden,com.dywx.larkplayer,co.brainly,com.bsbportal.music,com.mxtech.videoplayer.beta,com.flatfish.cal.privacy,com.maleo.bussimulatorid,com.taxsee.driver,com.viki.android,com.ubercab,mobi.mangatoon.comics.aphone,xyz.penpencil.physicswala,org.readera,com.jio.media.jiobeats,ir.divar,com.cisco.webex.meetings,com.instander.android,com.olacabs.oladriver,com.vuclip.viu,com.olx.southasia,com.grab.merchant,com.amazon.mp3,com.shadow.blackhole,mrt.battery.health,com.pay4vend.pay4vend,idm.internet.download.manager,in.upstox.app,com.video.fun.app,com.application.zomato,com.schibsted.bomnegocio.androidApp,com.jio.media.ondemand,iflix.play,com.tencent.videolite.android,cn.amazon.mShop.android'
dash_intl/fps_local.config	fps_group.list60	'com.android.incallui,com.miui.video,com.android.camera,com.mfashiongallery.emag,com.miui.tsmclient,com.miui.huanji,com.xiaomi.scanner,com.miui.compass,com.miui.videoplayer,com.miui.mediaviewer,com.google.android.youtube,com.zhiliaoapp.musically,com.ss.android.ugc.trill,com.mxtech.videoplayer.ad,com.netflix.mediaclient,in.startv.hotstar,in.startv.hotstaronly,com.google.android.apps.maps,com.zhiliaoapp.musically.go,com.vanced.android.youtube,com.playit.videoplayer,in.mohalla.sharechat,com.nemo.vidmate,com.kwai.video,com.gallery.player,in.mohalla.video,com.funnypuri.client,com.jio.jioplay.tv,com.kwai.bulldog,wp.wattpad,com.google.android.apps.youtube.music,com.google.android.apps.youtube.kids,com.spotify.music,com.waze,ru.yandex.yandexnavi,com.amazon.avod.thirdpartyclient,tv.twitch.android.app,com.tv.v18.viola,ru.yandex.taximeter,com.graymatrix.did,com.google.android.apps.youtube.mango,video.tiki,org.videolan.vlc,com.aero,com.next.innovation.takatak,video.like,com.kwai.kuaishou.video.live,com.moonvideo.android.resso,com.starmakerinteractive.starmaker,free.tube.premium.advanced.tuber,mobi.mangatoon.novel,mobi.mangatoon.novel.portuguese,com.sonyliv,sg.bigo.live,com.nexstreaming.app.kinemasterfree,in.mohalla.video.lite,net.one97.paytm,com.cardfeed.video_public,com.naver.linewebtoon,world.social.group.video.share,com.adv.videoplayer.app,com.bstar.intl,com.pratilipi.mobile.android,com.ss.android.ugc.aweme,com.huya.nimo,com.tencent.qqlivei18n,com.disney.disneyplus,com.iqiyi.i18n,com.hbo.hbonow,org.jw.jwlibrary.mobile,ir.resaneh1.iptv,video.player.videoplayer,com.jio.myjio,com.vidio.android,com.eterno.shortvideos,com.skype.raider,com.google.android.apps.magazines,sinet.startup.inDriver,ru.dublgis.dgismobile,in.startv.hotstar.dplus,com.dywx.larkplayer,com.bsbportal.music,com.mxtech.videoplayer.beta,com.viki.android,mobi.mangatoon.comics.aphone,org.readera,com.jio.media.jiobeats,com.vuclip.viu,com.amazon.mp3,com.shadow.blackhole,com.video.fun.app,com.jio.media.ondemand'
dew_intl/fps_local.config	fps_smart_group.list90	'com.miui.home,com.google.android.contacts,com.android.settings,com.miui.player,com.android.thememanager,com.mi.android.globalFileexplorer,com.miui.weather2,com.whatsapp,org.telegram.messenger,com.xiaomi.misettings,com.milink.service,com.miui.notification'
dew_intl/fps_local.config	fps_group.list90	'com.miui.home,com.google.android.contacts,com.miui.player,com.android.soundrecorder,com.android.thememanager,com.mi.android.globalFileexplorer,com.miui.weather2,com.whatsapp,org.telegram.messenger,com.milink.service,com.miui.notification'
dew_intl/fps_local.config	fps_group.list120	'com.google.android.apps.messaging,com.android.settings,com.android.deskclock,com.miui.calculator,com.xiaomi.misettings,com.mi.android.globalFileexplorer,com.miui.weather2'
dijun/fps_local.config	fps_smart_group.list60	'com.miui.player,com.mfashiongallery.emag,com.duokan.reader,com.miui.video,com.miui.cit,com.tmall.wireless,com.jingdong.app.mall,com.taobao.live,com.tencent.mtt,com.xunmeng.pinduoduo,com.qq.ac.android,com.tencent.qqpinyin,com.baidu.input,com.iflytek.inputmethod,com.sohu.inputmethod.sogou,com.lechuan.mdxs,com.taobao.taobao,com.UCMobile,com.tencent.wemeet.app,com.chaozh.iReader.dj,com.sankuai.meituan.dispatch.crowdsource,com.chaozh.iReaderFree,com.cootek.crazyreader,com.sankuai.meituan.meituanwaimaibusiness,com.lalamove.huolala.driver,com.faloo.BookReader4Android,com.jjwxc.reader,io.legado.app.release,com.sankuai.meituan.dispatch.homebrew,com.hpbr.bosszhipin,com.lwby.breader.ad,com.snda.wifilocating,com.duoduo.child.story,me.ele.crowdsource,com.alukaxi.bqshugg.blue,com.flyersoft.seekbooks,me.ele.napos,com.jingyao.easybike,cn.kuwo.player,com.yiyou.ga,com.ninesixshop.say,com.tmri.app.main,com.lechuan.midunovel,com.comics.bika,com.kuangxiangciweimao.novel,com.sdu.didi.psnger,com.bokecc.dance,com.duowan.mobile,com.ifreetalk.ftalk,com.kugou.android.elder,com.kuaidi.daijia.driver,com.dongqiudi.news,com.bilibili.comic,com.xiwei.logistics,com.huaxiaozhu.driver,com.xinchuzu.driver,com.jd.pingou,com.tool.biqudaogexs,com.tool.txtqbydq,com.baidu.yuedu,com.relief.space.master.cleaner,com.mampod.ergedd,com.ophone.reader.ui,com.ishansong,com.ximalaya.ting.lite,com.sfexpress.knight,com.mianfeizs.book,com.didapinche.booking,com.jryg.driver,com.tadu.read,com.android.incallui,com.android.camera,com.sdu.didi.gsui,com.dragon.read,com.kmxs.reader,com.eg.android.AlipayGphone,com.kugou.android,com.netease.cloudmusic,com.lechuan.mdwz,com.tencent.karaoke,com.qidian.QDReader,com.shuqi.controller,com.tencent.qqmusic,com.duokan.free,com.qq.reader,com.yueyou.adreader,com.ximalaya.ting.android,com.tencent.weread,com.miui.tsmclient,com.miui.huanji,com.android.nfc,com.xiaomi.scanner,com.miui.compass,com.miui.miservice,com.kuaiyin.player,com.tencent.edu,com.wondertek.miguaikan,com.cmcc.cmvideo,com.kuaikan.comic,com.xs.fm'
dijun/fps_local.config	fps_group.list60	'com.mfashiongallery.emag,com.miui.huanji,com.miui.cit,com.baidu.input,com.iflytek.inputmethod,com.sohu.inputmethod.sogou,com.tencent.wemeet.app,com.ifreetalk.ftalk,com.kuaidi.daijia.driver,com.xiwei.logistics,com.xinchuzu.driver,com.mampod.ergedd,com.android.incallui,com.android.camera,com.miui.tsmclient,com.xiaomi.scanner,com.miui.compass,com.sdu.didi.gsui'
dizi_intl/fps_local.config	fps_smart_group.list60	'com.android.incallui,com.sohu.inputmethod.sogou.xiaomi,com.baidu.input_mi,com.android.deskclock,com.iflytek.inputmethod.miui,com.duokan.reader,com.android.camera,com.xiaomi.market,com.miui.cleanmaster,com.mfashiongallery.emag,com.android.calendar,com.miui.player,com.android.soundrecorder,com.miui.tsmclient,com.miui.fm,com.miui.huanji,com.android.nfc,com.xiaomi.scanner,com.mipay.wallet,com.miui.yellowpage,com.android.providers.downloads,com.miui.virtualsim,com.xiaomi.aiasst.service,com.miui.miservice,com.miui.compass,com.milink.service,com.miui.packageinstaller,com.google.android.apps.maps,ru.yandex.yandexmaps,com.gallery.player,com.android.providers.downloads.ui,com.miui.cit,com.dragon.read,tv.danmaku.bilibilihd,tv.danmaku.bili,com.tencent.qqlive,com.tencent.androidqqmail,com.tencent.wemeet.app'
dizi_intl/fps_local.config	fps_smart_group.list90	'com.android.browser,com.miui.gallery,com.xiaomi.mihomemanager,com.miui.newhome,com.miui.weather2,com.miui.hybrid,com.xiaomi.smarthome,com.android.quicksearchbox,com.android.fileexplorer,com.xiaomi.gamecenter,com.xiaomi.vipaccount,com.miui.cloudservice,com.android.email,com.xiaomi.wearable,com.xiaomi.youpin,com.mi.health,cn.wps.moffice_eng.xiaomi.lite,com.xiaomi.hm.health,com.mi.globalbrowser,com.ss.android.article.news'
dizi_intl/fps_local.config	fps_group.list60	'com.android.incallui,com.android.camera,com.mfashiongallery.emag,com.miui.tsmclient,com.miui.huanji,com.xiaomi.scanner,com.miui.compass,com.google.android.apps.maps,ru.yandex.yandexmaps'
duchamp/fps_local.config	fps_smart_group.list60	'com.ss.android.article.news,com.miui.cit,com.tmall.wireless,com.jingdong.app.mall,com.taobao.live,com.xunmeng.pinduoduo,com.qq.ac.android,com.milink.service,com.tencent.qqpinyin,com.baidu.input,com.iflytek.inputmethod,com.sohu.inputmethod.sogou,com.lechuan.mdxs,com.taobao.taobao,com.UCMobile,com.tencent.wemeet.app,com.chaozh.iReader.dj,com.sankuai.meituan.dispatch.crowdsource,com.chaozh.iReaderFree,com.cootek.crazyreader,com.sankuai.meituan.meituanwaimaibusiness,com.lalamove.huolala.driver,com.faloo.BookReader4Android,com.jjwxc.reader,io.legado.app.release,com.sankuai.meituan.dispatch.homebrew,com.hpbr.bosszhipin,com.lwby.breader.ad,com.snda.wifilocating,com.duoduo.child.story,me.ele.crowdsource,com.alukaxi.bqshugg.blue,com.tencent.map,com.flyersoft.seekbooks,me.ele.napos,com.jingyao.easybike,cn.kuwo.player,com.yiyou.ga,com.ninesixshop.say,com.tmri.app.main,com.lechuan.midunovel,com.comics.bika,com.kuangxiangciweimao.novel,com.sdu.didi.psnger,com.bokecc.dance,com.duowan.mobile,com.ifreetalk.ftalk,com.kugou.android.elder,com.kuaidi.daijia.driver,com.dongqiudi.news,com.bilibili.comic,com.xiwei.logistics,com.huaxiaozhu.driver,com.xinchuzu.driver,com.jd.pingou,com.tool.biqudaogexs,com.tool.txtqbydq,com.baidu.yuedu,com.relief.space.master.cleaner,com.mampod.ergedd,com.ophone.reader.ui,com.ishansong,com.ximalaya.ting.lite,com.sfexpress.knight,com.mianfeizs.book,com.didapinche.booking,com.jryg.driver,com.tadu.read,com.android.incallui,com.android.camera,com.autonavi.minimap,com.sdu.didi.gsui,com.baidu.BaiduMap,com.duokan.reader,tv.danmaku.bili,com.dragon.read,com.kmxs.reader,com.eg.android.AlipayGphone,com.kugou.android,com.netease.cloudmusic,com.lechuan.mdwz,com.tencent.karaoke,com.qidian.QDReader,com.shuqi.controller,com.tencent.qqmusic,com.duokan.free,com.qq.reader,com.yueyou.adreader,com.ximalaya.ting.android,com.tencent.weread,com.android.deskclock,com.miui.cleanmaster,com.mfashiongallery.emag,com.android.calendar,com.android.soundrecorder,com.miui.fm,com.miui.huanji,com.android.nfc,com.xiaomi.scanner,com.mipay.wallet,com.miui.yellowpage,com.android.providers.downloads.ui,com.miui.virtualsim,com.xiaomi.aiasst.service,com.miui.compass,com.miui.miservice,com.miui.packageinstaller,com.miui.player,com.kuaiyin.player,com.tencent.edu,com.wondertek.miguaikan,com.cmcc.cmvideo,com.kuaikan.comic,com.xs.fm,com.youku.phone'
duchamp/fps_local.config	fps_group.list60	'com.miui.huanji,com.miui.cit,com.baidu.input,com.iflytek.inputmethod,com.sohu.inputmethod.sogou,com.tencent.wemeet.app,com.ifreetalk.ftalk,com.kuaidi.daijia.driver,com.xiwei.logistics,com.xinchuzu.driver,com.mampod.ergedd,com.android.incallui,com.android.camera,com.mfashiongallery.emag,com.xiaomi.scanner,com.miui.compass,com.autonavi.minimap,com.sdu.didi.gsui,com.baidu.BaiduMap,com.tencent.map'
erhu/fps_local.config	fps_smart_group.list90	'com.miui.home,com.xiaomi.misettings,com.android.settings,com.meta.box,com.ss.android.lark.kami,com.android.browser,com.miui.gallery,com.android.deskclock,com.miui.player,com.xiaomi.market,com.miui.securitycenter,com.miui.calculator,com.duokan.reader,com.android.fileexplorer,com.android.calendar,com.fenbi.android.servant,com.milink.service,com.miui.notification,com.android.htmlviewer'
erhu/fps_local.config	fps_smart_group.list120	'com.miui.notes,com.mi.android.globalFileexplorer,com.android.soundrecorder,com.android.contacts'
erhu/fps_local.config	fps_group.list90	'com.miui.home,com.xiaomi.misettings,com.android.settings,com.baidu.netdisk,air.tv.douyu.android,com.chaoxing.mobile,com.meta.box,com.ss.android.lark.kami,com.android.browser,com.miui.gallery,com.android.deskclock,com.miui.notes,com.miui.player,com.xiaomi.market,com.miui.securitycenter,com.miui.calculator,com.duokan.reader,com.android.fileexplorer,com.android.calendar,com.fenbi.android.servant,com.milink.service,com.miui.notification,com.android.htmlviewer,com.android.contacts,com.android.soundrecorder,com.eg.android.AlipayGphone'
erhu/fps_local.config	fps_group.list120	'com.miui.notes,com.android.fileexplorer,com.xiaomi.misettings,com.android.settings,com.android.soundrecorder,com.android.contacts'
erhu_intl/fps_local.config	fps_smart_group.list90	'com.miui.home,com.android.settings,com.xiaomi.misettings,com.miui.gallery,com.miui.videoplayer,com.mi.globalbrowser,com.android.thememanager,com.facebook.katana,org.telegram.messenger,com.whatsapp,com.milink.service,com.android.thememanager,com.miui.notification,com.android.htmlviewer,com.android.contacts'
erhu_intl/fps_local.config	fps_smart_group.list120	'com.android.deskclock,com.android.soundrecorder,com.mi.android.globalFileexplorer,com.miui.securitycenter'
erhu_intl/fps_local.config	fps_group.list90	'com.miui.home,com.android.settings,com.xiaomi.misettings,com.miui.gallery,com.android.deskclock,com.miui.videoplayer,com.mi.globalbrowser,com.android.soundrecorder,com.android.thememanager,com.google.android.youtube,com.facebook.katana,org.telegram.messenger,com.google.android.apps.youtube.kids,com.whatsapp,com.brave.browser,jp.ne.ibis.ibispaintx.app,com.whatsapp.w4b,com.mi.android.globalFileexplorer,com.milink.service,com.android.thememanager,com.miui.notification,com.android.htmlviewer,com.miui.securitycenter,com.android.contacts'
erhu_intl/fps_local.config	fps_group.list120	'com.android.deskclock,com.miui.securitycenter,com.mi.android.globalFileexplorer,com.xiaomi.misettings,com.android.settings,com.android.soundrecorder'
flame/fps_local.config	fps_smart_group.list120	'com.xiaomi.misettings,com.miui.home,com.miui.gallery,com.android.contacts,com.android.mms,com.xiaomi.mihomemanager,com.miui.newhome,com.miui.calculator,com.miui.securitycenter,com.android.settings,com.miui.weather2,com.miui.notes,com.miui.hybrid,com.xiaomi.smarthome,com.xiaomi.shop,com.android.quicksearchbox,com.android.thememanager,com.android.fileexplorer,com.miui.voiceassist,com.android.phone,com.miui.notification,com.xiaomi.gamecenter,com.miui.securityadd,com.android.updater,com.xiaomi.account,com.xiaomi.vipaccount,com.miui.cloudservice,com.android.email,com.miui.personalassistant,com.ss.android.lark.kami,com.xiaomi.wearable,com.jeejen.family.miui,com.miui.securitycore,com.lbe.security.miui,com.xiaomi.youpin,com.mi.health,cn.wps.moffice_eng.xiaomi.lite,com.xiaomi.hm.health,com.tencent.mm,com.xunmeng.pinduoduo,com.ss.android.article.lite,com.baidu.searchbox,com.UCMobile,com.tencent.mtt,com.xingin.xhs,com.taobao.live,com.jingdong.app.mall,com.quark.browser,cn.xuexi.android,com.alibaba.android.rimet,com.tencent.news,com.zhihu.android,com.baidu.searchbox.lite,com.sankuai.meituan,com.sup.android.superb,com.baidu.tieba,com.taobao.litetao,com.baidu.netdisk,com.hexin.plat.android,cn.xiaochuankeji.tieba,com.taobao.idlefish,com.tencent.wework,com.chaoxing.mobile,com.eastmoney.android.berlin,com.baidu.homework,com.jifen.qukan,cn.wps.moffice_eng,cn.soulapp.android,com.immomo.momo,com.yuncheapp.android.pearl,cn.xiaochuankeji.zuiyouLite,com.xunlei.downloadprovider,com.lemon.lv,com.netease.newsreader.activity,com.baidu.searchbox.tomas,com.achievo.vipshop,me.ele,com.lphtsccft,com.hpbr.bosszhipin,com.sogou.activity.src,com.hupu.games,com.handsgo.jiakao.android,com.douban.frodo,com.yidian.xiaomi,cn.youth.news,com.able.wisdomtree,com.sankuai.meituan.takeoutnew,com.meta.box,com.weico.international,com.ss.android.auto,com.example.xrk,com.tencent.qqsports,com.lofter.android,com.taobao.qianniu,com.xunmeng.merchant,com.tencent.qt.qtl,com.youdao.dict,com.alibaba.wireless,com.wuba,com.shizhuang.duapp,com.cashtoutiao,com.cainiao.wireless,com.android.dazhihui,com.facebook.katana,android.zhibo8,com.jiongji.andriod.card,com.gf.client,com.fenbi.android.servant,com.unionpay,com.soft.blued,com.cubic.autohome,com.maimemo.android.momo,com.kuaiduizuoye.scan,com.guotai.dazhihui,com.fenbi.android.zhaojiao,com.qihoo.browser,com.chinamworld.main,com.fenbi.android.solar,com.twitter.android,com.guzhen.xiucai,com.tencent.tim,com.glodon.drawingexplorer,com.dianping.v1,com.gotokeep.keep,com.icbc,com.ucmobile.lite,com.excelliance.dualaid,com.mt.mtxx.mtxx,com.t3go.driver,com.android.haitong,com.mihoyo.hyperion,com.hundsun.winner.pazq,com.ifeng.news2,mark.via,com.android.bankabc,com.p1.mobile.putong,me.yidui,com.hipu.yidian,com.smzdm.client.android,com.jxedt,com.shanbay.sentence,com.zxscnew,com.xueqiu.android,com.taptap,com.chinamworld.bocmbci,com.excean.gspace,com.tencent.gamehelper.smoba,com.galaxy.stock,cmb.pb,cn.com.langeasy.LangEasyLexis,com.sina.news,com.abxsss.app,com.tsingzone.questionbank,com.x8zs.sandbox,com.zjwh.android_wh_physicalfitness,com.sinovatech.unicom.ui,com.zjy.ykt,com.xt.retouch,com.zhaopin.social,com.wepie.weplay,com.qsmy.walkmonkey,com.MobileTicket,com.cmschina.stock,gov.pianzong.androidnga,com.sinyee.babybus.recommendapp,com.netease.edu.ucmooc,com.eastmoney.android.fund,com.kwai.videoeditor,com.xiaomi.calculator,com.whatsapp'
flame/fps_local.config	fps_group.list120	'com.xiaomi.misettings,tv.danmaku.bili,me.yidui,me.ele.napos,me.ele.crowdsource,me.ele,mark.via,io.legado.app.release,gov.pianzong.androidnga,com.zxscnew,com.zjy.ykt,com.zjwh.android_wh_physicalfitness,com.zhihu.android,com.zhaopin.social,com.yuncheapp.android.pearl,com.yueyou.adreader,com.youdao.dict,com.yiyou.ga,com.yidian.xiaomi,com.xunmeng.pinduoduo,com.xunmeng.merchant,com.xunlei.downloadprovider,com.xueqiu.android,com.xt.retouch,com.xs.fm,com.xingin.xhs,com.ximalaya.ting.lite,com.ximalaya.ting.android,com.xiaomi.youpin,com.xiaomi.wearable,com.xiaomi.vipaccount,com.xiaomi.smarthome,com.xiaomi.shop,com.xiaomi.mihomemanager,com.xiaomi.market,com.xiaomi.hm.health,com.xiaomi.gamecenter,com.xiaomi.calendar,com.xiaomi.calculator,com.xiaomi.aiasst.service,com.xiaomi.account,com.x8zs.sandbox,com.wuba,com.wondertek.miguaikan,com.whatsapp,com.wepie.weplay,com.weico.international,com.unionpay,com.ucmobile.lite,com.UCMobile,com.twitter.android,com.tsingzone.questionbank,com.tool.txtqbydq,com.tool.biqudaogexs,com.tmri.app.main,com.tmall.wireless,com.tencent.wework,com.tencent.weread,com.tencent.tim,com.tencent.qt.qtl,com.tencent.qqsports,com.tencent.qqpinyin,com.tencent.qqmusic,com.tencent.news,com.tencent.mtt,com.tencent.mobileqq,com.tencent.mm,com.tencent.karaoke,com.tencent.gamehelper.smoba,com.tencent.edu,com.taptap,com.taobao.taobao,com.taobao.qianniu,com.taobao.live,com.taobao.litetao,com.taobao.idlefish,com.tadu.read,com.t3go.driver,com.sup.android.superb,com.ss.android.lark.kami,com.ss.android.auto,com.ss.android.article.news,com.ss.android.article.lite,com.sohu.inputmethod.sogou.xiaomi,com.sohu.inputmethod.sogou,com.sogou.activity.src,com.soft.blued,com.snda.wifilocating,com.smzdm.client.android,com.sinyee.babybus.recommendapp,com.sinovatech.unicom.ui,com.sina.weibo,com.sina.news,com.shuqi.controller,com.shizhuang.duapp,com.shanbay.sentence,com.sfexpress.knight,com.sdu.didi.psnger,com.sankuai.meituan.takeoutnew,com.sankuai.meituan.meituanwaimaibusiness,com.sankuai.meituan.dispatch.homebrew,com.sankuai.meituan.dispatch.crowdsource,com.sankuai.meituan,com.relief.space.master.cleaner,com.quark.browser,com.qsmy.walkmonkey,com.qq.reader,com.qq.ac.android,com.qihoo.browser,com.qidian.QDReader,com.picacomic.fregata,com.p1.mobile.putong,com.ophone.reader.ui,com.ninesixshop.say,com.netease.newsreader.activity,com.netease.edu.ucmooc,com.netease.cloudmusic,com.mt.mtxx.mtxx,com.MobileTicket,com.miui.yellowpage,com.miui.weather2,com.miui.voiceassist,com.miui.virtualsim,com.miui.securitycore,com.miui.securitycenter,com.miui.securityadd,com.miui.player,com.miui.personalassistant,com.miui.packageinstaller,com.miui.notification,com.miui.notes,com.miui.newhome,com.miui.miservice,com.miui.hybrid,com.miui.home,com.miui.gallery,com.miui.fm,com.miui.cloudservice,com.miui.cleanmaster,com.miui.cit,com.miui.calculator,com.mipay.wallet,com.milink.service,com.mihoyo.hyperion,com.mianfeizs.book,com.mi.health,com.meta.box,com.maimemo.android.momo,com.lwby.breader.ad,com.lphtsccft,com.lofter.android,com.lemon.lv,com.lechuan.midunovel,com.lechuan.mdxs,com.lechuan.mdwz,com.lbe.security.miui,com.lalamove.huolala.driver,com.kwai.videoeditor,com.kugou.android.elder,com.kugou.android,com.kuangxiangciweimao.novel,com.kuaiyin.player,com.kuaikan.comic,com.kuaiduizuoye.scan,com.kmxs.reader,com.jxedt,com.jryg.driver,com.jjwxc.reader,com.jiongji.andriod.card,com.jingyao.easybike,com.jingdong.app.mall,com.jifen.qukan,com.jeejen.family.miui,com.jd.pingou,com.ishansong,com.immomo.momo,com.iflytek.inputmethod.miui,com.iflytek.inputmethod,com.ifeng.news2,com.icbc,com.hupu.games,com.hundsun.winner.pazq,com.huaxiaozhu.driver,com.hpbr.bosszhipin,com.hipu.yidian,com.hexin.plat.android,com.handsgo.jiakao.android,com.guzhen.xiucai,com.guotai.dazhihui,com.gotokeep.keep,com.glodon.drawingexplorer,com.gf.client,com.gallery.player,com.galaxy.stock,com.flyersoft.seekbooks,com.fenbi.android.zhaojiao,com.fenbi.android.solar,com.fenbi.android.servant,com.faloo.BookReader4Android,com.facebook.katana,com.excelliance.dualaid,com.excean.gspace,com.example.xrk,com.eg.android.AlipayGphone,com.eastmoney.android.fund,com.eastmoney.android.berlin,com.duowan.mobile,com.duokan.reader,com.duokan.free,com.duoduo.child.story,com.dragon.read,com.douban.frodo,com.dongqiudi.news,com.didapinche.booking,com.dianping.v1,com.cubic.autohome,com.cootek.crazyreader,com.cmschina.stock,com.cmcc.cmvideo,com.chinamworld.main,com.chinamworld.bocmbci,com.chaozh.iReaderFree,com.chaozh.iReader.dj,com.chaoxing.mobile,com.cashtoutiao,com.cainiao.wireless,com.bokecc.dance,com.bilibili.comic,com.baidu.yuedu,com.baidu.tieba,com.baidu.searchbox.tomas,com.baidu.searchbox.lite,com.baidu.searchbox,com.baidu.netdisk,com.baidu.input_mi,com.baidu.input,com.baidu.homework,com.android.updater,com.android.thememanager,com.android.soundrecorder,com.android.settings,com.android.quicksearchbox,com.android.providers.downloads.ui,com.android.providers.downloads,com.android.phone,com.android.nfc,com.android.mms,com.android.haitong,com.android.fileexplorer,com.android.email,com.android.deskclock,com.android.dazhihui,com.android.contacts,com.android.calendar,com.android.browser,com.android.bankabc,com.alukaxi.bqshugg.blue,com.alibaba.wireless,com.alibaba.android.rimet,com.achievo.vipshop,com.abxsss.app,com.able.wisdomtree,cn.youth.news,cn.xuexi.android,cn.xiaochuankeji.zuiyouLite,cn.xiaochuankeji.tieba,cn.wps.moffice_eng.xiaomi.lite,cn.wps.moffice_eng,cn.soulapp.android,cn.kuwo.player,cn.com.langeasy.LangEasyLexis,cmb.pb,android.zhibo8'
flame_intl/fps_local.config	fps_smart_group.list120	'com.google.android.inputmethod.latin,com.twitter.android,com.mint.keyboard,com.touchtype.swiftkey,com.android.htmlviewer,com.bit.androsmart.kbinapp,com.celltick.lockscreen,com.clusterdev.malayalamkeyboard,com.emoji.coolkeyboard,com.fontskeyboard.fonts,com.google.android.apps.inputmethod.hindi,com.google.android.packageinstaller,com.hamrokeyboard,com.hb.dialer.free,com.hsv.freeadblockerbrowser,com.jb.emoji.gokeyboard,com.microsoft.office.officehubrow,com.microsoft.office.word,com.simejikeyboard,com.tencent.mm,com.teslacoilsw.launcher,com.vng.inputmethod.labankey,com.ziipin.softkeyboard.dz,com.ziipin.softkeyboard.saudi,info.sunista.app,lk.bhasha.helakuru,net.metaquotes.metatrader4,site.realanime.animlov.animlov,sun.way2sms.hyd.com,com.miui.calculator,com.xiaomi.calculator,com.miui.home,com.android.systemui,com.miui.gallery,com.android.contacts,com.android.mms,com.xiaomi.mihomemanager,com.miui.newhome,com.miui.securitycenter,com.android.settings,com.xiaomi.misettings,com.miui.weather2,com.miui.notes,com.miui.hybrid,com.xiaomi.smarthome,com.xiaomi.shop,com.android.quicksearchbox,com.android.thememanager,com.android.fileexplorer,com.miui.voiceassist,com.android.phone,com.miui.notification,com.xiaomi.gamecenter,com.miui.securityadd,com.android.updater,com.xiaomi.account,com.xiaomi.vipaccount,com.miui.cloudservice,com.android.email,com.miui.personalassistant,com.ss.android.lark.kami,com.xiaomi.wearable,com.jeejen.family.miui,com.miui.securitycore,com.lbe.security.miui,com.xiaomi.youpin,com.mi.health,cn.wps.moffice_eng.xiaomi.lite,com.xiaomi.hm.health,com.mi.android.globallauncher'
flame_intl/fps_local.config	fps_group.list120	'com.whatsapp,com.facebook.katana,com.instagram.android,com.android.chrome,com.google.android.inputmethod.latin,com.facebook.orca,com.facebook.lite,com.google.android.googlequicksearchbox,com.truecaller,org.telegram.messenger,com.gbwhatsapp,com.vkontakte.android,com.whatsapp.w4b,com.snapchat.android,com.viber.voip,com.google.android.apps.docs,com.twitter.android,com.android.vending,com.imo.android.imoim,com.mint.keyboard,ru.ok.android,com.google.android.apps.meetings,jp.naver.line.android,com.yandex.browser,com.shopee.id,com.microsoft.teams,org.telegram.plus,cn.wps.moffice_eng,com.discord,com.flipkart.android,com.touchtype.swiftkey,com.zing.zalo,com.fmwhatsapp,com.meesho.supply,com.UCMobile.intl,com.pinterest,com.app.dream11Pro,com.yowhatsapp,com.WhatsApp2Plus,com.avito.android,com.opera.browser,com.phonepe.app,com.opera.mini.native,com.alibaba.aliexpresshd,trendyol.com,com.android.htmlviewer,ir.medu.shad,org.xbet.client1,com.binance.dev,com.bit.androsmart.kbinapp,com.google.android.apps.nbu.paisa.user,com.wildberries.ru,com.imo.android.imoimbeta,com.eterno,com.amazon.mShop.android.shopping,com.google.android.apps.translate,com.google.android.apps.classroom,com.imo.android.imoimhd,com.microsoft.office.outlook,com.celltick.lockscreen,com.camerasideas.instashot,com.ubercab.driver,ir.ilmili.telegraph,ru.sberbankmobile,com.clusterdev.malayalamkeyboard,com.gojek.partner,com.facebook.mlite,com.brave.browser,com.michatapp.im,com.shopee.br,com.obwhatsapp,com.mercadolibre,com.emoji.coolkeyboard,com.zzkko,com.google.android.apps.tachyon,org.mozilla.firefox,com.fontskeyboard.fonts,com.google.android.apps.inputmethod.hindi,im.thebot.messenger,com.picsart.studio,com.google.android.packageinstaller,com.linkedin.android,com.duolingo,com.whereismytrain.android,com.alightcreative.motion,com.grindrapp.android,com.shopee.my,com.uc.browser.en,com.hamrokeyboard,com.hb.dialer.free,com.reddit.frontpage,com.yy.hiyo,com.hsv.freeadblockerbrowser,com.perm.kate_new_6,com.instagram.lite,com.tokopedia.tkpd,com.unacademyapp,re.sova.five,com.msf.angelmobile,com.ak.ta.dainikbhaskar.activity,com.badoo.mobile,jp.ne.ibis.ibispaintx.app,com.gbwhatsapp3,com.myntra.android,com.offshore.pikashow,com.jb.emoji.gokeyboard,com.sahibinden,com.microsoft.office.officehubrow,co.brainly,org.thunderdog.challegram,com.litatom.app,com.sec.android.app.sbrowser,com.flatfish.cal.privacy,com.canva.editor,com.instapro.app,com.vtosters.android,com.yandex.zen,com.ubercab,com.jtwhatsapp,xyz.penpencil.physicswala,com.microsoft.office.word,com.simejikeyboard,blackrussia.online,com.cricbuzz.android,com.nextbillion.groww,ir.divar,com.cisco.webex.meetings,com.tencent.mm,com.teslacoilsw.launcher,com.vng.inputmethod.labankey,com.ziipin.softkeyboard.dz,org.thoughtcrime.securesms,org.vidogram.messenger,com.blueWAplus,com.ziipin.softkeyboard.saudi,com.instander.android,info.sunista.app,com.olacabs.oladriver,lk.bhasha.helakuru,org.telegram.messenger.web,com.gojek.app,com.olx.southasia,com.youdao.hindict,net.metaquotes.metatrader4,com.grab.merchant,com.intsig.camscanner,site.realanime.animlov.animlov,sun.way2sms.hyd.com,com.prisbank.app,com.whereismytraingadi.trainstatus.livetrainlocation,mrt.battery.health,com.pay4vend.pay4vend,idm.internet.download.manager,in.upstox.app,com.application.zomato,com.schibsted.bomnegocio.androidApp,com.gallery.player,com.miui.calculator,com.xiaomi.calculator,com.android.calendar,com.xiaomi.calendar,com.android.providers.downloads,com.android.providers.downloads.ui,com.miui.cit,com.miui.home,com.sohu.inputmethod.sogou.xiaomi,com.android.browser,com.android.systemui,com.baidu.input_mi,com.android.deskclock,com.iflytek.inputmethod.miui,com.miui.gallery,com.android.contacts,com.duokan.reader,com.android.mms,com.xiaomi.mihomemanager,com.miui.newhome,com.miui.securitycenter,com.android.settings,com.xiaomi.misettings,com.miui.weather2,com.xiaomi.market,com.miui.notes,com.miui.cleanmaster,com.miui.player,com.miui.hybrid,com.xiaomi.smarthome,com.xiaomi.shop,com.android.quicksearchbox,com.android.soundrecorder,com.android.thememanager,com.android.fileexplorer,com.miui.voiceassist,com.android.phone,com.miui.notification,com.xiaomi.gamecenter,com.miui.securityadd,com.android.updater,com.xiaomi.account,com.xiaomi.vipaccount,com.miui.fm,com.android.nfc,com.mipay.wallet,com.miui.yellowpage,com.miui.cloudservice,com.android.email,com.miui.personalassistant,com.ss.android.lark.kami,com.miui.virtualsim,com.xiaomi.wearable,com.xiaomi.aiasst.service,com.jeejen.family.miui,com.miui.miservice,com.milink.service,com.miui.securitycore,com.miui.packageinstaller,com.lbe.security.miui,com.xiaomi.youpin,com.mi.health,cn.wps.moffice_eng.xiaomi.lite,com.xiaomi.hm.health,com.mi.android.globallauncher'
flare_intl/fps_local.config	fps_smart_group.list60	''
flare_intl/fps_local.config	fps_smart_group.list90	'com.miui.home,com.android.settings,com.xiaomi.misettings,com.miui.gallery,com.android.deskclock,com.miui.videoplayer,com.mi.globalbrowser,com.miui.calculator,com.android.soundrecorder,com.facebook.orca,org.telegram.messenger,com.whatsapp,com.mi.android.globalFileexplorer,com.milink.service,com.miui.notification,com.android.htmlviewer,com.android.thememanager'
flare_intl/fps_local.config	fps_smart_group.list120	''
flare_intl/fps_local.config	fps_group.list60	''
flare_intl/fps_local.config	fps_group.list90	'com.miui.home,com.android.settings,com.xiaomi.misettings,com.miui.gallery,com.android.deskclock,com.miui.videoplayer,com.mi.globalbrowser,com.miui.calculator,com.android.soundrecorder,com.google.android.youtube,com.facebook.orca,org.telegram.messenger,com.google.android.apps.youtube.kids,com.whatsapp,com.brave.browser,jp.ne.ibis.ibispaintx.app,com.whatsapp.w4b,com.mi.android.globalFileexplorer,com.milink.service,com.miui.notification,com.android.htmlviewer,com.android.thememanager'
flourite/fps_local.config	fps_smart_group.list60	'tv.danmaku.bili,com.xunmeng.pinduoduo,com.taobao.taobao,com.dragon.read,com.UCMobile,com.kmxs.reader,com.eg.android.AlipayGphone,com.autonavi.minimap,com.youku.phone,com.taobao.live,com.jingdong.app.mall,com.quark.browser,com.sdu.didi.gsui,com.baidu.BaiduMap,com.kugou.android,com.netease.cloudmusic,com.taobao.litetao,com.tencent.karaoke,com.taobao.idlefish,com.qidian.QDReader,com.shuqi.controller,com.tencent.qqmusic,com.duokan.free,com.qq.reader,com.yueyou.adreader,com.ximalaya.ting.android,com.tencent.weread,com.xs.fm,com.tencent.wemeet.app,com.lechuan.mdxs,com.chaozh.iReader.dj,com.sankuai.meituan.dispatch.crowdsource,com.chaozh.iReaderFree,com.cootek.crazyreader,com.lalamove.huolala.driver,com.faloo.BookReader4Android,com.jjwxc.reader,com.achievo.vipshop,io.legado.app.release,com.sankuai.meituan.dispatch.homebrew,com.cmcc.cmvideo,com.lwby.breader.ad,com.snda.wifilocating,com.duoduo.child.story,com.sankuai.meituan.takeoutnew,me.ele.crowdsource,com.alukaxi.bqshugg.blue,com.tencent.map,com.flyersoft.seekbooks,me.ele.napos,com.jingyao.easybike,com.alibaba.wireless,cn.kuwo.player,com.shizhuang.duapp,com.kuaiyin.player,com.yiyou.ga,com.ninesixshop.say,com.tmri.app.main,com.lechuan.midunovel,com.tmall.wireless,com.picacomic.fregata,com.kuangxiangciweimao.novel,com.unionpay,com.sdu.didi.psnger,com.qihoo.browser,com.qq.ac.android,com.bokecc.dance,com.duowan.mobile,com.ifreetalk.ftalk,com.kugou.android.elder,com.kuaidi.daijia.driver,com.dongqiudi.news,com.bilibili.comic,com.smzdm.client.android,com.xiwei.logistics,com.huaxiaozhu.driver,com.xinchuzu.driver,com.kuaikan.comic,com.wondertek.miguaikan,com.tencent.edu,com.jd.pingou,com.tool.biqudaogexs,com.tool.txtqbydq,com.baidu.yuedu,com.relief.space.master.cleaner,com.ophone.reader.ui,com.ishansong,com.ximalaya.ting.lite,com.sfexpress.knight,com.mianfeizs.book,com.didapinche.booking,com.jryg.driver,com.tadu.read,com.android.incallui,com.android.browser,com.android.deskclock,com.duokan.reader,com.android.camera,com.miui.cleanmaster,com.android.calendar,com.miui.player,com.xiaomi.shop,com.android.soundrecorder,com.miui.fm,com.miui.huanji,com.xiaomi.scanner,com.miui.yellowpage,com.android.providers.downloads,com.miui.virtualsim,com.xiaomi.aiasst.service,com.miui.miservice,com.miui.compass,com.milink.service,com.miui.packageinstaller,com.xiaomi.youpin,com.miui.cit,com.gallery.player,com.miui.mediaviewer  ,com.xiaomi.calendar,com.android.providers.downloads.ui'
flourite/fps_local.config	fps_group.list60	'com.ss.android.ugc.aweme,com.ss.android.ugc.aweme.lite,com.kuaishou.nebula,com.smile.gifmaker,com.tencent.qqlive,com.ss.android.article.video,com.qiyi.video,com.autonavi.minimap,com.ss.android.ugc.live,com.baidu.haokan,com.duowan.kiwi,com.sdu.didi.gsui,air.tv.douyu.android,com.baidu.BaiduMap,com.le123.ysdq,com.qiyi.video.lite,com.hunantv.imgo.activity,com.babycloud.hanju,com.tencent.wemeet.app,com.tencent.submarine,com.google.android.youtube,com.tencent.weishi,tv.pps.mobile,com.tencent.map,com.all.video,com.zhongduomei.rrmj.society,com.videogo,com.cctv.yangshipin.app.androidp,com.ifreetalk.ftalk,com.kuaidi.daijia.driver,cn.cntv,com.baidu.video,com.xiwei.logistics,com.xinchuzu.driver,com.heibaizhibo.app,com.ss.android.ugc.livelite,com.lanhu.lhspfilms,com.mampod.ergedd,com.android.incallui,com.miui.video,com.android.camera,com.miui.huanji,com.xiaomi.scanner,com.miui.compass,com.miui.mediaviewer'
flourite_id/fps_local.config	fps_smart_group.list60	'com.android.incallui,com.android.browser,com.android.deskclock,com.miui.video,com.duokan.reader,com.android.camera,com.miui.cleanmaster,com.android.calendar,com.miui.player,com.xiaomi.shop,com.android.soundrecorder,com.miui.fm,com.miui.huanji,com.xiaomi.scanner,com.miui.yellowpage,com.android.providers.downloads,com.miui.virtualsim,com.xiaomi.aiasst.service,com.miui.miservice,com.miui.bugreport,com.miui.compass,com.milink.service,com.miui.packageinstaller,com.xiaomi.youpin,com.miui.mediaviewer,com.miui.cit,com.miui.videoplayer,com.gallery.player,com.miui.mediaviewer,com.xiaomi.calendar,com.android.providers.downloads.ui,com.google.android.youtube,com.whatsapp,com.facebook.katana,com.instagram.android,com.android.chrome,com.zhiliaoapp.musically,com.ss.android.ugc.trill,com.facebook.orca,com.facebook.lite,com.google.android.googlequicksearchbox,com.truecaller,org.telegram.messenger,com.gbwhatsapp,com.mxtech.videoplayer.ad,com.vkontakte.android,com.netflix.mediaclient,com.whatsapp.w4b,in.startv.hotstar,in.startv.hotstaronly,com.snapchat.android,com.viber.voip,com.google.android.apps.maps,com.zhiliaoapp.musically.go,com.vanced.android.youtube,com.google.android.apps.docs,com.twitter.android,com.android.vending,us.zoom.videomeetings,com.google.android.gm,com.playit.videoplayer,in.mohalla.sharechat,com.imo.android.imoim,ru.yandex.searchplugin,com.nemo.vidmate,com.kwai.video,ru.ok.android,com.google.android.apps.tachyon,jp.naver.line.android,com.gallery.player,in.mohalla.video,com.yandex.browser,com.shopee.id,com.microsoft.teams,com.funnypuri.client,org.telegram.plus,cn.wps.moffice_eng,com.jio.jioplay.tv,com.kwai.bulldog,com.discord,wp.wattpad,com.google.android.apps.youtube.music,com.google.android.apps.youtube.kids,com.spotify.music,com.flipkart.android,com.waze,com.zing.zalo,com.fmwhatsapp,com.lemon.lvoverseas,ru.yandex.yandexnavi,com.amazon.avod.thirdpartyclient,tv.twitch.android.app,com.meesho.supply,com.UCMobile.intl,com.pinterest,com.app.dream11Pro,com.tv.v18.viola,ru.yandex.taximeter,com.yowhatsapp,com.WhatsApp2Plus,com.graymatrix.did,com.google.android.apps.youtube.mango,com.avito.android,com.opera.browser,com.phonepe.app,video.tiki,com.opera.mini.native,com.lazada.android,com.alibaba.aliexpresshd,trendyol.com,org.videolan.vlc,in.amazon.mShop.android.shopping,com.firsttouchgames.dls7,com.aero,ir.medu.shad,org.xbet.client1,com.binance.dev,com.lenovo.anyshare.gps,com.next.innovation.takatak,com.google.android.apps.nbu.paisa.user,com.wildberries.ru,video.like,com.imo.android.imoimbeta,com.kwai.kuaishou.video.live,com.snaptube.premium,com.eterno,com.amazon.mShop.android.shopping,com.moonvideo.android.resso,com.google.android.apps.translate,com.google.android.apps.classroom,com.imo.android.imoimhd,com.microsoft.office.outlook,com.camerasideas.instashot,com.ubercab.driver,ir.ilmili.telegraph,com.prisbank.app,com.starmakerinteractive.starmaker,free.tube.premium.advanced.tuber,com.gojek.partner,com.facebook.mlite,mobi.mangatoon.novel,mobi.mangatoon.novel.portuguese,com.brave.browser,com.sonyliv,sg.bigo.live,com.michatapp.im,com.nexstreaming.app.kinemasterfree,in.mohalla.video.lite,com.shopee.br,com.obwhatsapp,com.mercadolibre,com.zzkko,net.one97.paytm,com.google.android.apps.tachyon,org.mozilla.firefox,com.cardfeed.video_public,com.tinder,com.naver.linewebtoon,world.social.group.video.share,im.thebot.messenger,com.adv.videoplayer.app,com.picsart.studio,com.instapro.android,com.bstar.intl,com.linkedin.android,com.pratilipi.mobile.android,com.ss.android.ugc.aweme,com.huya.nimo,com.tencent.qqlivei18n,com.duolingo,com.whereismytrain.android,com.whereismytraingadi.trainstatus.livetrainlocation,com.alightcreative.motion,com.grindrapp.android,com.disney.disneyplus,com.shopee.my,com.uc.browser.en,com.iqiyi.i18n,com.adobe.reader,ru.ozon.app.android,com.reddit.frontpage,com.hbo.hbonow,ru.yandex.yandexmaps,com.yy.hiyo,com.wrx.wazirx,com.duokan.phone.remotecontroller,com.perm.kate_new_6,com.shopee.ph,org.jw.jwlibrary.mobile,ir.resaneh1.iptv,video.player.videoplayer,com.instagram.lite,com.jio.myjio,com.vidio.android,com.tokopedia.tkpd,com.unacademyapp,re.sova.five,com.msf.angelmobile,com.eterno.shortvideos,com.ak.ta.dainikbhaskar.activity,com.badoo.mobile,com.skype.raider,com.google.android.apps.magazines,jp.ne.ibis.ibispaintx.app,sinet.startup.inDriver,com.gbwhatsapp3,com.myntra.android,com.offshore.pikashow,ru.dublgis.dgismobile,in.startv.hotstar.dplus,com.sahibinden,com.dywx.larkplayer,co.brainly,com.bsbportal.music,com.mxtech.videoplayer.beta,org.thunderdog.challegram,com.litatom.app,com.sec.android.app.sbrowser,com.flatfish.cal.privacy,com.maleo.bussimulatorid,com.taxsee.driver,com.canva.editor,com.viki.android,com.instapro.app,com.vtosters.android,com.yandex.zen,com.ubercab,mobi.mangatoon.comics.aphone,com.jtwhatsapp,xyz.penpencil.physicswala,blackrussia.online,org.readera,com.cricbuzz.android,com.jio.media.jiobeats,com.nextbillion.groww,ir.divar,com.cisco.webex.meetings,org.thoughtcrime.securesms,org.vidogram.messenger,com.blueWAplus,com.instander.android,com.olacabs.oladriver,com.vuclip.viu,org.telegram.messenger.web,com.gojek.app,com.olx.southasia,com.youdao.hindict,com.grab.merchant,com.intsig.camscanner,com.amazon.mp3,com.shadow.blackhole,mrt.battery.health,com.pay4vend.pay4vend,idm.internet.download.manager,in.upstox.app,com.video.fun.app,com.application.zomato,com.schibsted.bomnegocio.androidApp,com.jio.media.ondemand'
flourite_id/fps_local.config	fps_group.list60	'com.android.incallui,com.miui.video,com.android.camera,com.miui.huanji,com.xiaomi.scanner,com.miui.compass,com.miui.mediaviewer,com.google.android.youtube,com.zhiliaoapp.musically,com.ss.android.ugc.trill,com.mxtech.videoplayer.ad,com.netflix.mediaclient,in.startv.hotstar,in.startv.hotstaronly,com.google.android.apps.maps,com.zhiliaoapp.musically.go,com.vanced.android.youtube,us.zoom.videomeetings,com.google.android.gm,com.playit.videoplayer,in.mohalla.sharechat,ru.yandex.searchplugin,com.nemo.vidmate,com.kwai.video,com.gallery.player,in.mohalla.video,com.funnypuri.client,com.jio.jioplay.tv,com.kwai.bulldog,wp.wattpad,com.google.android.apps.youtube.music,com.google.android.apps.youtube.kids,com.spotify.music,com.waze,com.lemon.lvoverseas,ru.yandex.yandexnavi,com.amazon.avod.thirdpartyclient,tv.twitch.android.app,com.tv.v18.viola,ru.yandex.taximeter,com.graymatrix.did,com.google.android.apps.youtube.mango,video.tiki,com.lazada.android,org.videolan.vlc,in.amazon.mShop.android.shopping,com.firsttouchgames.dls7,com.aero,com.lenovo.anyshare.gps,com.next.innovation.takatak,video.like,com.kwai.kuaishou.video.live,com.snaptube.premium,com.moonvideo.android.resso,com.starmakerinteractive.starmaker,free.tube.premium.advanced.tuber,mobi.mangatoon.novel,mobi.mangatoon.novel.portuguese,com.sonyliv,sg.bigo.live,com.nexstreaming.app.kinemasterfree,in.mohalla.video.lite,net.one97.paytm,com.google.android.apps.tachyon,com.cardfeed.video_public,com.tinder,com.naver.linewebtoon,world.social.group.video.share,com.adv.videoplayer.app,com.instapro.android,com.bstar.intl,com.pratilipi.mobile.android,com.ss.android.ugc.aweme,com.huya.nimo,com.tencent.qqlivei18n,com.disney.disneyplus,com.iqiyi.i18n,com.adobe.reader,ru.ozon.app.android,com.hbo.hbonow,ru.yandex.yandexmaps,com.wrx.wazirx,com.duokan.phone.remotecontroller,com.shopee.ph,org.jw.jwlibrary.mobile,ir.resaneh1.iptv,video.player.videoplayer,com.jio.myjio,com.vidio.android,com.eterno.shortvideos,com.skype.raider,com.google.android.apps.magazines,sinet.startup.inDriver,ru.dublgis.dgismobile,in.startv.hotstar.dplus,com.dywx.larkplayer,com.bsbportal.music,com.mxtech.videoplayer.beta,com.maleo.bussimulatorid,com.taxsee.driver,com.viki.android,mobi.mangatoon.comics.aphone,org.readera,com.jio.media.jiobeats,com.vuclip.viu,com.amazon.mp3,com.shadow.blackhole,com.video.fun.app,com.jio.media.ondemand'
flourite_intl/fps_local.config	fps_smart_group.list60	'com.android.incallui,com.android.browser,com.android.deskclock,com.miui.video,com.duokan.reader,com.android.camera,com.miui.cleanmaster,com.android.calendar,com.miui.player,com.xiaomi.shop,com.android.soundrecorder,com.miui.fm,com.miui.huanji,com.xiaomi.scanner,com.miui.yellowpage,com.android.providers.downloads,com.miui.virtualsim,com.xiaomi.aiasst.service,com.miui.miservice,com.miui.compass,com.milink.service,com.miui.packageinstaller,com.xiaomi.youpin,com.miui.mediaviewer,com.miui.cit,com.miui.videoplayer,com.gallery.player,com.miui.mediaviewer,com.xiaomi.calendar,com.android.providers.downloads.ui,com.google.android.youtube,com.zhiliaoapp.musically,com.ss.android.ugc.trill,com.google.android.googlequicksearchbox,com.truecaller,org.telegram.messenger,com.mxtech.videoplayer.ad,com.netflix.mediaclient,in.startv.hotstar,in.startv.hotstaronly,com.snapchat.android,com.viber.voip,com.google.android.apps.maps,com.zhiliaoapp.musically.go,com.vanced.android.youtube,com.google.android.apps.docs,us.zoom.videomeetings,com.google.android.gm,com.playit.videoplayer,in.mohalla.sharechat,com.nemo.vidmate,com.kwai.video,com.google.android.apps.tachyon,com.gallery.player,in.mohalla.video,com.shopee.id,com.microsoft.teams,com.funnypuri.client,com.jio.jioplay.tv,com.kwai.bulldog,wp.wattpad,com.google.android.apps.youtube.music,com.google.android.apps.youtube.kids,com.spotify.music,com.flipkart.android,com.waze,com.lemon.lvoverseas,ru.yandex.yandexnavi,com.amazon.avod.thirdpartyclient,tv.twitch.android.app,com.meesho.supply,com.pinterest,com.app.dream11Pro,com.tv.v18.viola,ru.yandex.taximeter,com.graymatrix.did,com.google.android.apps.youtube.mango,com.avito.android,com.phonepe.app,video.tiki,com.lazada.android,com.alibaba.aliexpresshd,trendyol.com,org.videolan.vlc,in.amazon.mShop.android.shopping,com.firsttouchgames.dls7,com.aero,ir.medu.shad,org.xbet.client1,com.lenovo.anyshare.gps,com.next.innovation.takatak,com.google.android.apps.nbu.paisa.user,com.wildberries.ru,video.like,com.kwai.kuaishou.video.live,com.amazon.mShop.android.shopping,com.moonvideo.android.resso,com.google.android.apps.classroom,com.microsoft.office.outlook,com.camerasideas.instashot,com.ubercab.driver,com.prisbank.app,com.starmakerinteractive.starmaker,free.tube.premium.advanced.tuber,com.gojek.partner,mobi.mangatoon.novel,mobi.mangatoon.novel.portuguese,com.sonyliv,sg.bigo.live,com.nexstreaming.app.kinemasterfree,in.mohalla.video.lite,com.shopee.br,com.mercadolibre,com.zzkko,net.one97.paytm,com.cardfeed.video_public,com.naver.linewebtoon,world.social.group.video.share,com.adv.videoplayer.app,com.bstar.intl,com.pratilipi.mobile.android,com.ss.android.ugc.aweme,com.huya.nimo,com.tencent.qqlivei18n,com.duolingo,com.whereismytrain.android,com.whereismytraingadi.trainstatus.livetrainlocation,com.disney.disneyplus,com.shopee.my,com.iqiyi.i18n,ru.ozon.app.android,com.hbo.hbonow,ru.yandex.yandexmaps,com.duokan.phone.remotecontroller,com.shopee.ph,org.jw.jwlibrary.mobile,ir.resaneh1.iptv,video.player.videoplayer,com.jio.myjio,com.vidio.android,com.tokopedia.tkpd,com.unacademyapp,com.msf.angelmobile,com.eterno.shortvideos,com.ak.ta.dainikbhaskar.activity,com.skype.raider,com.google.android.apps.magazines,jp.ne.ibis.ibispaintx.app,sinet.startup.inDriver,com.myntra.android,com.offshore.pikashow,ru.dublgis.dgismobile,in.startv.hotstar.dplus,com.sahibinden,com.dywx.larkplayer,co.brainly,com.bsbportal.music,com.mxtech.videoplayer.beta,com.flatfish.cal.privacy,com.maleo.bussimulatorid,com.taxsee.driver,com.viki.android,com.ubercab,mobi.mangatoon.comics.aphone,xyz.penpencil.physicswala,org.readera,com.jio.media.jiobeats,ir.divar,com.cisco.webex.meetings,com.instander.android,com.olacabs.oladriver,com.vuclip.viu,com.olx.southasia,com.grab.merchant,com.amazon.mp3,com.shadow.blackhole,mrt.battery.health,com.pay4vend.pay4vend,idm.internet.download.manager,in.upstox.app,com.video.fun.app,com.application.zomato,com.schibsted.bomnegocio.androidApp,com.jio.media.ondemand'
flourite_intl/fps_local.config	fps_group.list60	'com.android.incallui,com.miui.video,com.android.camera,com.miui.huanji,com.xiaomi.scanner,com.miui.compass,com.miui.mediaviewer,com.google.android.youtube,com.zhiliaoapp.musically,com.ss.android.ugc.trill,com.mxtech.videoplayer.ad,com.netflix.mediaclient,in.startv.hotstar,in.startv.hotstaronly,com.google.android.apps.maps,com.zhiliaoapp.musically.go,com.vanced.android.youtube,com.playit.videoplayer,in.mohalla.sharechat,com.nemo.vidmate,com.kwai.video,com.gallery.player,in.mohalla.video,com.funnypuri.client,com.jio.jioplay.tv,com.kwai.bulldog,wp.wattpad,com.google.android.apps.youtube.music,com.google.android.apps.youtube.kids,com.spotify.music,com.waze,ru.yandex.yandexnavi,com.amazon.avod.thirdpartyclient,tv.twitch.android.app,com.tv.v18.viola,ru.yandex.taximeter,com.graymatrix.did,com.google.android.apps.youtube.mango,video.tiki,org.videolan.vlc,com.aero,com.next.innovation.takatak,video.like,com.kwai.kuaishou.video.live,com.moonvideo.android.resso,com.starmakerinteractive.starmaker,free.tube.premium.advanced.tuber,mobi.mangatoon.novel,mobi.mangatoon.novel.portuguese,com.sonyliv,sg.bigo.live,com.nexstreaming.app.kinemasterfree,in.mohalla.video.lite,net.one97.paytm,com.cardfeed.video_public,com.naver.linewebtoon,world.social.group.video.share,com.adv.videoplayer.app,com.bstar.intl,com.pratilipi.mobile.android,com.ss.android.ugc.aweme,com.huya.nimo,com.tencent.qqlivei18n,com.disney.disneyplus,com.iqiyi.i18n,com.hbo.hbonow,org.jw.jwlibrary.mobile,ir.resaneh1.iptv,video.player.videoplayer,com.jio.myjio,com.vidio.android,com.eterno.shortvideos,com.skype.raider,com.google.android.apps.magazines,sinet.startup.inDriver,ru.dublgis.dgismobile,in.startv.hotstar.dplus,com.dywx.larkplayer,com.bsbportal.music,com.mxtech.videoplayer.beta,com.viki.android,mobi.mangatoon.comics.aphone,org.readera,com.jio.media.jiobeats,com.vuclip.viu,com.amazon.mp3,com.shadow.blackhole,com.video.fun.app,com.jio.media.ondemand'
flute/fps_local.config	fps_smart_group.list60	'com.android.incallui,com.sohu.inputmethod.sogou.xiaomi,com.baidu.input_mi,com.android.deskclock,com.iflytek.inputmethod.miui,com.duokan.reader,com.android.camera,com.xiaomi.market,com.miui.cleanmaster,com.mfashiongallery.emag,com.android.calendar,com.miui.player,com.android.soundrecorder,com.miui.tsmclient,com.miui.fm,com.miui.huanji,com.android.nfc,com.xiaomi.scanner,com.mipay.wallet,com.miui.yellowpage,com.android.providers.downloads,com.miui.virtualsim,com.xiaomi.aiasst.service,com.miui.miservice,com.miui.compass,com.milink.service,com.miui.packageinstaller,com.youku.phone,tv.danmaku.bilibilihd,tv.danmaku.bili,com.smile.gifmaker,com.qiyi.video,com.kuaishou.nebula,com.alibaba.android.rimet,com.ss.android.ugc.aweme.lite,com.tencent.wemeet.app,com.qiyi.video.pad,com.duowan.kiwi,com.ss.android.article.video,com.hunantv.imgo.activity,com.sohu.inputmethod.sogou.xiaomi,air.tv.douyu.android,com.iflytek.inputmethod.miui,com.dragon.read,com.tencent.qqlive,com.netease.cloudmusic,com.le123.ysdq,com.chaoxing.mobile,com.kmxs.reader,com.baidu.input_mi,com.tencent.qqmusic,com.baidu.haokan,com.babycloud.hanju,com.ss.android.ugc.live,com.kugou.android,tv.hanju.lite,com.qiyi.video.lite,com.sinyee.babybus.recommendapp,com.zhongduomei.rrmj.society,com.tencent.edu,com.ximalaya.ting.android,com.all.video,com.google.android.youtube,com.youku.pad,com.qiyi.video.child,com.hongen.app.word,com.tencent.weread,com.baidu.video,com.xiaohei.xiaoheiapps,com.cctv.yangshipin.app.androidp,org.xinkb.blackboard.android,com.yuantiku.tutor,com.shusheng.JoJoRead,com.miui.securityinputmethod,com.duokan.reader,cn.com.langeasy.LangEasyLexis,com.abxsss.app,com.sohu.inputmethod.sogou,com.duoduo.child.story,com.sinyee.babybus.world,com.cmcc.cmvideo,com.maimemo.android.momo,com.youdao.dict,com.lemon.lv,com.bigsea.bsfilms,cn.cntv,com.qidian.QDReader,com.lanhu.lhspfilms,com.iflytek.inputmethod,com.starrysky.ssfilms,com.huahuo.hhspfilms,com.app.moontv,com.xs.fm,com.eg.android.AlipayGphone,com.shanbay.sentence,com.bestv.app,com.shuqi.controller,com.example.notes.kyjsb,com.korean.tv,com.dianshijia.tvlive,com.jp1.xg1,com.duokan.hdreader,com.kuaikan.comic,com.sinyee.babybus.chants,com.videogo,com.hengxing.hxfilms,com.jiongji.andriod.card,io.legado.app.release,cn.cntvhd,com.mxtech.videoplayer.ad,com.chaozh.iReaderFree,com.tencent.qqmusicpad,com.bb.happykids,com.jjwxc.reader,com.chuyiapp.cy,com.chaozh.iReader.dj,com.sw.battery1,com.starmoon.smfilms,com.digua.dgptfilms,cn.kuwo.player,com.yueyou.adreader,com.dianshijia.newlive,com.zhpphls.banma,com.xfp.kit,com.csd.newyunketang,com.bilibili.comic,com.huli.hlfilms,com.xs.video.bayi,com.xingxingsp.xxspfilms,com.sevenVideo.app.android,com.kkzy.browser,com.qihoo360.mobilesafe,com.qq.reader,com.tencent.androidqqmail'
flute/fps_local.config	fps_smart_group.list90	'com.android.browser,com.miui.gallery,com.xiaomi.mihomemanager,com.miui.newhome,com.miui.weather2,com.miui.hybrid,com.xiaomi.smarthome,com.android.quicksearchbox,com.android.fileexplorer,com.xiaomi.gamecenter,com.xiaomi.vipaccount,com.miui.cloudservice,com.android.email,com.xiaomi.wearable,com.xiaomi.youpin,com.mi.health,cn.wps.moffice_eng.xiaomi.lite,com.xiaomi.hm.health,com.ss.android.article.news,com.baidu.netdisk,com.baidu.searchbox,com.xingin.xhs,com.ss.android.article.lite,com.quark.browser,com.tencent.mtt,com.UCMobile,com.taobao.taobao,com.xunmeng.pinduoduo,com.baidu.homework,com.sina.weibo,cn.eeo.classin,com.xunlei.downloadprovider,com.baidu.searchbox.lite,com.hexin.plat.android,com.taobao.live,com.zhihu.android,com.kuaiduizuoye.scan,cn.xuexi.android,com.tvbc.maiduidui,com.android.chrome,com.jingdong.app.mall,com.sup.android.superb,com.eastmoney.android.berlin,com.microsoft.emmx,com.tencent.news,com.mampod.ergedd,com.gotokeep.keep,com.estrongs.android.pop,com.lofter.android,com.tencent.karaoke,com.able.wisdomtree,com.alicloud.databox,com.netease.edu.ucmooc,com.sankuai.meituan.meituanwaimaibusiness,com.excean.gspace,com.hujiang.cctalk,com.tencent.wework,cn.xiaochuankeji.tieba,com.fluidtouch.noteshelf2,com.xiwang.zaixian,com.A17zuoye.mobile.homework,com.flexcil.flexcilnote,com.xiaoe.client,com.netease.mhxyhtb,com.baidu.tieba,com.yizhilu.qh,com.fenbi.android.solar,com.taptap,com.zuoyebang.airclass,com.taobao.idlefish,com.x8zs.sandbox,uni.UNIB957356,com.dongao.kaoqian.phone,com.yiyou.ga,com.playgame.havefun,com.handsgo.jiakao.android,com.gkid.crazyrope,com.yidian.zxpad,com.fenbi.android.leo,com.bokecc.dance,edu.www.qsxt,net.huanci.hsj,com.sankuai.meituan,com.android.pcmode,com.adsk.sketchbook,com.qihoo.browser,com.qq.ac.android,mark.via,com.xiaomi.bluetooth,com.duowan.mobile,cn.soulapp.android,com.yinghuadongman.app,com.mihoyo.hyperion,com.gbits.atm.leiting,com.netease.a13.avg,com.vmos.pro,com.tencent.start,com.netease.newsreader.activity,com.ss.android.auto,com.huatu.handheld_huatu,com.haixue.app.android.HaixueAcademy.h4,com.xuanke.kaochong,net.chinaedu.alioth,com.edu24ol.newclass,com.yuncheapp.android.pearl,com.yongshi.tenojo.ys,com.eoffcn.mobile,me.ele.napos,com.chaoge.athena_android,com.ifttt.ifttt,org.mozilla.firefox,com.excean.splay,com.twitter.android,com.android.dazhihui,com.levelinfinite.apexlegendsmobile'
flute/fps_local.config	fps_group.list60	'com.android.incallui,com.android.camera,com.mfashiongallery.emag,com.miui.tsmclient,com.miui.huanji,com.xiaomi.scanner,com.miui.compass,com.qiyi.video.pad,com.youku.pad,cn.com.langeasy.LangEasyLexis,com.abxsss.app,com.bigsea.bsfilms,com.starrysky.ssfilms,com.korean.tv,com.hengxing.hxfilms,io.legado.app.release,com.digua.dgptfilms,com.qihoo360.mobilesafe,com.qq.reader'
flute_intl/fps_local.config	fps_smart_group.list60	'com.android.incallui,com.sohu.inputmethod.sogou.xiaomi,com.baidu.input_mi,com.android.deskclock,com.iflytek.inputmethod.miui,com.duokan.reader,com.android.camera,com.xiaomi.market,com.miui.cleanmaster,com.mfashiongallery.emag,com.android.calendar,com.miui.player,com.android.soundrecorder,com.miui.tsmclient,com.miui.fm,com.miui.huanji,com.android.nfc,com.xiaomi.scanner,com.mipay.wallet,com.miui.yellowpage,com.android.providers.downloads,com.miui.virtualsim,com.xiaomi.aiasst.service,com.miui.miservice,com.miui.compass,com.milink.service,com.miui.packageinstaller,com.google.android.apps.maps,ru.yandex.yandexmaps,com.gallery.player,com.android.providers.downloads.ui,com.miui.cit,com.dragon.read,tv.danmaku.bilibilihd,tv.danmaku.bili,com.tencent.qqlive,com.tencent.androidqqmail,com.tencent.wemeet.app'
flute_intl/fps_local.config	fps_smart_group.list90	'com.android.browser,com.miui.gallery,com.xiaomi.mihomemanager,com.miui.newhome,com.miui.weather2,com.miui.hybrid,com.xiaomi.smarthome,com.android.quicksearchbox,com.android.fileexplorer,com.xiaomi.gamecenter,com.xiaomi.vipaccount,com.miui.cloudservice,com.android.email,com.xiaomi.wearable,com.xiaomi.youpin,com.mi.health,cn.wps.moffice_eng.xiaomi.lite,com.xiaomi.hm.health,com.mi.globalbrowser,com.ss.android.article.news'
flute_intl/fps_local.config	fps_group.list60	'com.android.incallui,com.android.camera,com.mfashiongallery.emag,com.miui.tsmclient,com.miui.huanji,com.xiaomi.scanner,com.miui.compass,com.google.android.apps.maps,ru.yandex.yandexmaps'
goku/fps_local.config	fps_smart_group.list60	'com.xunmeng.pinduoduo,com.taobao.taobao,com.ss.android.article.lite,com.baidu.searchbox,com.UCMobile,com.xingin.xhs,com.jingdong.app.mall,com.quark.browser,com.zhihu.android,com.baidu.searchbox.lite,com.baidu.tieba,com.taobao.idlefish,com.lemon.lv,com.baidu.searchbox.tomas,com.tencent.qqsports,com.shizhuang.duapp,com.mt.mtxx.mtxx,com.android.incallui,com.sohu.inputmethod.sogou.xiaomi,com.baidu.input_mi,com.android.deskclock,com.iflytek.inputmethod.miui,com.duokan.reader,com.android.camera,com.xiaomi.market,com.miui.cleanmaster,com.mfashiongallery.emag,com.android.calendar,com.miui.player,com.android.soundrecorder,com.miui.fm,com.miui.huanji,com.xiaomi.scanner,com.miui.yellowpage,com.android.providers.downloads,com.miui.virtualsim,com.xiaomi.aiasst.service,com.miui.miservice,com.miui.compass,com.milink.service,com.miui.packageinstaller,tv.danmaku.bili,com.dragon.read,com.kmxs.reader,com.eg.android.AlipayGphone,com.sohu.inputmethod.sogou,com.iflytek.inputmethod,com.kugou.android,com.netease.cloudmusic,com.lechuan.mdwz,com.tencent.karaoke,com.qidian.QDReader,com.shuqi.controller,com.tencent.qqmusic,com.duokan.free,com.qq.reader,com.yueyou.adreader,com.ximalaya.ting.android,com.tencent.weread,com.xs.fm,com.lechuan.mdxs,com.chaozh.iReader.dj,com.sankuai.meituan.dispatch.crowdsource,com.chaozh.iReaderFree,com.cootek.crazyreader,com.sankuai.meituan.meituanwaimaibusiness,com.lalamove.huolala.driver,com.faloo.BookReader4Android,com.jjwxc.reader,io.legado.app.release,com.baidu.input,com.sankuai.meituan.dispatch.homebrew,com.cmcc.cmvideo,com.lwby.breader.ad,com.snda.wifilocating,com.duoduo.child.story,me.ele.crowdsource,com.alukaxi.bqshugg.blue,com.tencent.qqpinyin,com.flyersoft.seekbooks,me.ele.napos,com.jingyao.easybike,cn.kuwo.player,com.kuaiyin.player,com.yiyou.ga,com.ninesixshop.say,com.tmri.app.main,com.lechuan.midunovel,com.tmall.wireless,com.picacomic.fregata,com.kuangxiangciweimao.novel,com.sdu.didi.psnger,com.qq.ac.android,com.bokecc.dance,com.duowan.mobile,com.kugou.android.elder,com.dongqiudi.news,com.bilibili.comic,com.huaxiaozhu.driver,com.kuaikan.comic,com.wondertek.miguaikan,com.tencent.edu,com.jd.pingou,com.tool.biqudaogexs,com.tool.txtqbydq,com.baidu.yuedu,com.relief.space.master.cleaner,com.ophone.reader.ui,com.ishansong,com.ximalaya.ting.lite,com.sfexpress.knight,com.mianfeizs.book,com.didapinche.booking,com.jryg.driver,com.tadu.read,com.autonavi.minimap,com.sdu.didi.gsui,com.baidu.BaiduMap,com.tencent.wemeet.app,com.tencent.map,com.ifreetalk.ftalk,com.kuaidi.daijia.driver,com.xiwei.logistics,com.xinchuzu.driver,com.gallery.player,com.xiaomi.calendar,com.android.providers.downloads.ui,com.miui.cit,com.youku.phone,tv.danmaku.bilibilihd'
goku/fps_local.config	fps_group.list60	'com.android.incallui,com.android.camera,com.mfashiongallery.emag,com.miui.huanji,com.xiaomi.scanner,com.miui.compass,com.autonavi.minimap,com.sdu.didi.gsui,com.baidu.BaiduMap,com.tencent.wemeet.app,com.tencent.map,com.ifreetalk.ftalk,com.kuaidi.daijia.driver,com.xiwei.logistics,com.xinchuzu.driver'
goya_id/fps_local.config	fps_smart_group.list60	'com.android.deskclock,com.android.camera,com.miui.player,com.android.incallui,com.netflix.mediaclient,com.google.android.apps.maps,com.xiaomi.scanner,com.truecaller,org.telegram.messenger,com.snapchat.android,com.viber.voip,com.google.android.apps.docs,com.google.android.apps.tachyon,com.shopee.id,com.microsoft.teams,com.flipkart.android,com.meesho.supply,com.pinterest,com.app.dream11Pro,com.avito.android,com.phonepe.app,com.alibaba.aliexpresshd,trendyol.com,ir.medu.shad,org.xbet.client1,com.google.android.apps.nbu.paisa.user,com.wildberries.ru,com.amazon.mShop.android.shopping,com.google.android.apps.classroom,com.microsoft.office.outlook,com.camerasideas.instashot,com.ubercab.driver,com.prisbank.app,com.gojek.partner,com.shopee.br,com.mercadolibre,com.zzkko,com.duolingo,com.whereismytrain.android,com.whereismytraingadi.trainstatus.livetrainlocation,com.shopee.my,com.tokopedia.tkpd,com.unacademyapp,com.msf.angelmobile,com.ak.ta.dainikbhaskar.activity,jp.ne.ibis.ibispaintx.app,com.myntra.android,com.offshore.pikashow,com.sahibinden,co.brainly,com.flatfish.cal.privacy,com.ubercab,xyz.penpencil.physicswala,ir.divar,com.cisco.webex.meetings,com.instander.android,com.olacabs.oladriver,com.vuclip.viu,com.olx.southasia,com.whatsapp,com.facebook.katana,com.instagram.android,com.android.chrome,com.facebook.orca,com.facebook.lite,com.gbwhatsapp,com.vkontakte.android,com.whatsapp.w4b,com.twitter.android,com.android.vending,com.imo.android.imoim,ru.ok.android,jp.naver.line.android,com.yandex.browser,org.telegram.plus,cn.wps.moffice_eng,com.discord,com.zing.zalo,com.fmwhatsapp,com.UCMobile.intl,com.yowhatsapp,com.WhatsApp2Plus,com.opera.browser,com.opera.mini.native,com.binance.dev,com.imo.android.imoimbeta,com.eterno,com.google.android.apps.translate,com.imo.android.imoimhd,ir.ilmili.telegraph,com.facebook.mlite,com.brave.browser,com.michatapp.im,com.obwhatsapp,org.mozilla.firefox,im.thebot.messenger,com.picsart.studio,com.linkedin.android,com.alightcreative.motion,com.grindrapp.android,com.uc.browser.en,com.reddit.frontpage,com.yy.hiyo,com.perm.kate_new_6,com.instagram.lite,re.sova.five,com.badoo.mobile,com.gbwhatsapp3,org.thunderdog.challegram,com.litatom.app,com.sec.android.app.sbrowser,com.canva.editor,com.instapro.app,com.vtosters.android,com.yandex.zen,com.jtwhatsapp,blackrussia.online,com.cricbuzz.android,com.nextbillion.groww,org.thoughtcrime.securesms,org.vidogram.messenger,com.blueWAplus,org.telegram.messenger.web,com.gojek.app,com.intsig.camscanner,mrt.battery.health,com.pay4vend.pay4vend,idm.internet.download.manager,in.upstox.app,com.application.zomato,com.schibsted.bomnegocio.androidApp,com.facemoji.lite.xiaomi,com.miui.huanji,com.miui.cit'
goya_id/fps_local.config	fps_group.list60	'com.android.camera,com.android.incallui,com.netflix.mediaclient,com.google.android.apps.maps,com.xiaomi.scanner,com.miui.android.fashiongallery,com.miui.cit,com.miui.huanji'
goya_intl/fps_local.config	fps_smart_group.list60	'com.android.deskclock,com.android.camera,com.miui.player,com.android.incallui,com.netflix.mediaclient,com.google.android.apps.maps,ru.yandex.yandexmaps,com.xiaomi.scanner,com.truecaller,org.telegram.messenger,com.snapchat.android,com.viber.voip,com.google.android.apps.docs,us.zoom.videomeetings,com.google.android.gm,com.google.android.apps.tachyon,com.shopee.id,com.microsoft.teams,com.flipkart.android,com.lemon.lvoverseas,com.meesho.supply,com.pinterest,com.app.dream11Pro,com.avito.android,com.phonepe.app,com.lazada.android,com.alibaba.aliexpresshd,trendyol.com,in.amazon.mShop.android.shopping,com.firsttouchgames.dls7,ir.medu.shad,org.xbet.client1,com.lenovo.anyshare.gps,com.google.android.apps.nbu.paisa.user,com.wildberries.ru,com.amazon.mShop.android.shopping,com.google.android.apps.classroom,com.microsoft.office.outlook,com.camerasideas.instashot,com.ubercab.driver,com.prisbank.app,com.gojek.partner,com.shopee.br,com.mercadolibre,com.zzkko,com.duolingo,com.whereismytrain.android,com.whereismytraingadi.trainstatus.livetrainlocation,com.shopee.my,ru.ozon.app.android,com.duokan.phone.remotecontroller,com.shopee.ph,com.tokopedia.tkpd,com.unacademyapp,com.msf.angelmobile,com.ak.ta.dainikbhaskar.activity,jp.ne.ibis.ibispaintx.app,com.myntra.android,com.offshore.pikashow,com.sahibinden,co.brainly,com.flatfish.cal.privacy,com.maleo.bussimulatorid,com.taxsee.driver,com.ubercab,xyz.penpencil.physicswala,ir.divar,com.cisco.webex.meetings,com.instander.android,com.olacabs.oladriver,com.vuclip.viu,com.olx.southasia,mrt.battery.health,com.pay4vend.pay4vend,idm.internet.download.manager,in.upstox.app,com.application.zomato,com.schibsted.bomnegocio.androidApp,com.whatsapp,com.instagram.android,com.imo.android.imoim,com.instagram.lite,iflix.play,com.tencent.videolite.android,cn.amazon.mShop.android,com.facemoji.lite.xiaomi,com.miui.huanji,com.miui.cit'
goya_intl/fps_local.config	fps_group.list60	'com.android.camera,com.android.incallui,com.netflix.mediaclient,com.google.android.apps.maps,com.xiaomi.scanner,com.miui.android.fashiongallery,com.miui.cit,com.miui.huanji'
guitar/fps_local.config	fps_smart_group.list90	'com.miui.home,com.xiaomi.misettings,com.android.settings,com.meta.box,com.ss.android.lark.kami,com.android.browser,com.miui.gallery,com.android.deskclock,com.miui.player,com.xiaomi.market,com.miui.securitycenter,com.miui.calculator,com.duokan.reader,com.android.fileexplorer,com.android.calendar,com.fenbi.android.servant,com.milink.service,com.miui.notification,com.android.htmlviewer'
guitar/fps_local.config	fps_smart_group.list120	'com.miui.notes,com.mi.android.globalFileexplorer,com.android.soundrecorder,com.android.contacts'
guitar/fps_local.config	fps_group.list90	'com.miui.home,com.xiaomi.misettings,com.android.settings,com.baidu.netdisk,air.tv.douyu.android,com.chaoxing.mobile,com.meta.box,com.ss.android.lark.kami,com.android.browser,com.miui.gallery,com.android.deskclock,com.miui.notes,com.miui.player,com.xiaomi.market,com.miui.securitycenter,com.miui.calculator,com.duokan.reader,com.android.fileexplorer,com.android.calendar,com.fenbi.android.servant,com.milink.service,com.miui.notification,com.android.htmlviewer,com.android.contacts,com.android.soundrecorder,com.eg.android.AlipayGphone'
guitar/fps_local.config	fps_group.list120	'com.miui.notes,com.android.fileexplorer,com.xiaomi.misettings,com.android.settings,com.android.soundrecorder,com.android.contacts'
guitar_intl/fps_local.config	fps_smart_group.list90	'com.miui.home,com.android.settings,com.xiaomi.misettings,com.miui.gallery,com.miui.videoplayer,com.mi.globalbrowser,com.android.thememanager,com.facebook.katana,org.telegram.messenger,com.whatsapp,com.milink.service,com.android.thememanager,com.miui.notification,com.android.htmlviewer,com.android.contacts'
guitar_intl/fps_local.config	fps_smart_group.list120	'com.android.deskclock,com.android.soundrecorder,com.mi.android.globalFileexplorer,com.miui.securitycenter'
guitar_intl/fps_local.config	fps_group.list90	'com.miui.home,com.android.settings,com.xiaomi.misettings,com.miui.gallery,com.android.deskclock,com.miui.videoplayer,com.mi.globalbrowser,com.android.soundrecorder,com.android.thememanager,com.google.android.youtube,com.facebook.katana,org.telegram.messenger,com.google.android.apps.youtube.kids,com.whatsapp,com.brave.browser,jp.ne.ibis.ibispaintx.app,com.whatsapp.w4b,com.mi.android.globalFileexplorer,com.milink.service,com.android.thememanager,com.miui.notification,com.android.htmlviewer,com.miui.securitycenter,com.android.contacts'
guitar_intl/fps_local.config	fps_group.list120	'com.android.deskclock,com.miui.securitycenter,com.mi.android.globalFileexplorer,com.xiaomi.misettings,com.android.settings,com.android.soundrecorder'
haotian/fps_local.config	fps_smart_group.list60	'com.miui.cit,com.tmall.wireless,com.jingdong.app.mall,com.taobao.live,com.tencent.mtt,com.xunmeng.pinduoduo,com.qq.ac.android,com.tencent.qqpinyin,com.baidu.input,com.iflytek.inputmethod,com.sohu.inputmethod.sogou,com.lechuan.mdxs,com.taobao.taobao,com.UCMobile,com.tencent.wemeet.app,com.chaozh.iReader.dj,com.sankuai.meituan.dispatch.crowdsource,com.chaozh.iReaderFree,com.cootek.crazyreader,com.sankuai.meituan.meituanwaimaibusiness,com.lalamove.huolala.driver,com.faloo.BookReader4Android,com.jjwxc.reader,io.legado.app.release,com.sankuai.meituan.dispatch.homebrew,com.hpbr.bosszhipin,com.lwby.breader.ad,com.snda.wifilocating,com.duoduo.child.story,me.ele.crowdsource,com.alukaxi.bqshugg.blue,com.flyersoft.seekbooks,me.ele.napos,com.jingyao.easybike,cn.kuwo.player,com.yiyou.ga,com.ninesixshop.say,com.tmri.app.main,com.lechuan.midunovel,com.comics.bika,com.kuangxiangciweimao.novel,com.sdu.didi.psnger,com.bokecc.dance,com.duowan.mobile,com.ifreetalk.ftalk,com.kugou.android.elder,com.kuaidi.daijia.driver,com.dongqiudi.news,com.bilibili.comic,com.xiwei.logistics,com.huaxiaozhu.driver,com.xinchuzu.driver,com.jd.pingou,com.tool.biqudaogexs,com.tool.txtqbydq,com.baidu.yuedu,com.relief.space.master.cleaner,com.mampod.ergedd,com.ophone.reader.ui,com.ishansong,com.ximalaya.ting.lite,com.sfexpress.knight,com.mianfeizs.book,com.didapinche.booking,com.jryg.driver,com.tadu.read,com.android.incallui,com.android.camera,com.sdu.didi.gsui,com.dragon.read,com.kmxs.reader,com.eg.android.AlipayGphone,com.kugou.android,com.netease.cloudmusic,com.lechuan.mdwz,com.tencent.karaoke,com.qidian.QDReader,com.shuqi.controller,com.tencent.qqmusic,com.duokan.free,com.qq.reader,com.yueyou.adreader,com.ximalaya.ting.android,com.tencent.weread,com.miui.tsmclient,com.miui.huanji,com.android.nfc,com.xiaomi.scanner,com.miui.yellowpage,com.miui.virtualsim,com.xiaomi.aiasst.service,com.miui.compass,com.miui.miservice,com.miui.packageinstaller,com.kuaiyin.player,com.tencent.edu,com.wondertek.miguaikan,com.cmcc.cmvideo,com.kuaikan.comic,com.xs.fm'
haotian/fps_local.config	fps_group.list60	'com.miui.huanji,com.miui.cit,com.baidu.input,com.iflytek.inputmethod,com.sohu.inputmethod.sogou,com.tencent.wemeet.app,com.ifreetalk.ftalk,com.kuaidi.daijia.driver,com.xiwei.logistics,com.xinchuzu.driver,com.mampod.ergedd,com.android.incallui,com.android.camera,com.miui.tsmclient,com.xiaomi.scanner,com.miui.compass,com.sdu.didi.gsui'
haotian_intl/fps_local.config	fps_smart_group.list60	'com.android.camera,com.android.incallui,com.netflix.mediaclient,com.google.android.apps.maps,ru.yandex.yandexmaps,com.xiaomi.scanner'
haotian_intl/fps_local.config	fps_group.list60	'com.android.camera,com.android.incallui,com.netflix.mediaclient,com.google.android.apps.maps,ru.yandex.yandexmaps,com.xiaomi.scanner'
iolite/fps_local.config	fps_smart_group.list60	'com.android.nfc,com.xiaomi.aiasst.service,com.miui.packageinstaller,com.android.calendar,com.miui.calculator,com.android.camera,com.miui.mediaviewer,com.miui.tsmclient,com.android.soundrecorder,com.miui.huanji,com.xiaomi.scanner,com.miui.compass,com.ss.android.ugc.aweme,com.ss.android.ugc.aweme.lite,com.smile.gifmaker,com.phoenix.read,com.kuaishou.nebula,com.dragon.read,tv.danmaku.bili,com.baidu.searchbox,com.ss.android.article.video,com.autonavi.minimap,com.cat.readall,com.tencent.qqlive,com.ss.android.ugc.live,com.kmxs.reader,com.sankuai.meituan.dispatch.crowdsource,com.ss.android.yumme.video,com.sdu.didi.gsui,com.qiyi.video,com.UCMobile,com.baidu.searchbox.lite,me.ele.crowdsource,com.dz.hmjc,com.dada.mobile.android,com.youku.phone,com.baidu.BaiduMap,com.sankuai.meituan.dispatch.homebrew,me.ele.hbdteam,com.lalamove.huolala.driver,com.eggflower.read,com.qidian.QDReader,com.google.android.youtube,com.sgs.next,com.baidu.haokan,com.xiwei.logistics,com.duowan.kiwi,com.woodleaves.read,com.sfexpress.knight,com.qiyi.video.lite,com.shuqi.controller,com.miui.video,com.kylin.read,com.qq.reader,com.duokan.reader,com.sup.android.superb,com.videogo,com.kwai.theater,com.hunantv.imgo.activity,com.jjwxc.reader,com.xhey.xcamera,com.tencent.weread,com.cctv.yangshipin.app.androidp,com.tencent.weishi,com.cmcc.cmvideo,com.tencent.map,com.mt.mtxx.mtxx,com.jd.mrd.jingming,com.xt.retouch,com.tencent.zebra,com.ai.marki,com.fcbox.hivebox,com.meitu.meiyancamera,com.lalamove.huolala.client'
iolite/fps_local.config	fps_smart_group.list90	'com.android.incallui,com.xiaomi.mihomemanager,com.android.browser,com.miui.gallery,com.android.deskclock,com.android.contacts,com.android.mms,com.miui.newhome,com.miui.weather2,com.miui.securitycenter,com.android.settings,com.miui.notes,com.xiaomi.market,com.xiaomi.smarthome,com.mfashiongallery.emag,com.miui.voiceassist,com.android.quicksearchbox,com.miui.hybrid,com.miui.mediaeditor,com.miui.player,com.miui.cleanmaster,com.android.updater,com.android.fileexplorer,com.android.thememanager,com.xiaomi.shop,com.lbe.security.miui,com.duokan.phone.remotecontroller,com.android.phone,com.mi.health,com.android.intentresolver,com.miui.screenshot,com.miui.carlink,com.miui.personalassistant,com.milink.service,com.xiaomi.account,com.xiaomi.bluetooth,com.miui.cloudservice,com.miui.securitycore,com.miui.securityadd,com.xiaomi.vipaccount,com.android.providers.media.module,com.tencent.android.qqdownloader,com.miui.fm,com.google.android.documentsui,com.xiaomi.mico,com.android.server.telecom,com.jxp.home,com.ningguang.home,com.miui.notification,com.android.email,com.android.captiveportallogin,com.miui.misound,com.miui.greenguard,com.android.htmlviewer,com.miui.bugreport,com.android.systemui,com.android.permissioncontroller,com.android.printspooler,com.miui.screenrecorder,com.github.metacubex.clash.meta,com.github.kr328.clash,com.miui.voicetrigger,com.miui.mishare.connectivity,com.android.stk,com.xiaomi.aiasst.vision,com.miui.yellowpage,com.miui.contentcatcher,com.miui.virtualsim,com.miui.thirdappassistant,com.android.bluetooth,com.fido.asm,com.miui.phrase,com.android.wallpaper.livepicker,com.miui.miservice,com.miui.securitymanager,com.xiaomi.mibrain.speech,com.miui.themestore,com.tencent.mm,com.xunmeng.pinduoduo,com.ss.android.article.news,com.xingin.xhs,com.taobao.taobao,com.eg.android.AlipayGphone,com.ss.android.article.lite,com.xs.fm,com.tencent.mobileqq,com.larus.nova,com.sankuai.meituan,com.quark.browser,com.jingdong.app.mall,com.xs.fm.lite,com.tencent.wework,com.ss.android.ugc.livelite,com.sina.weibo,com.alibaba.android.rimet,com.hexin.plat.android,com.taobao.live,com.taobao.idlefish,com.tencent.news,com.luna.music,com.kugou.android,com.lemon.lv,com.deepseek.chat,com.chaoxing.mobile,cn.soulapp.android,com.netease.cloudmusic,com.zhihu.android,com.baidu.homework,com.eastmoney.android.berlin,com.tencent.karaoke,com.tencent.qqmusic,com.baidu.netdisk,com.facebook.katana,com.tencent.wemeet.app,cn.xuexi.android,com.parallel.odyssey,com.immomo.momo,com.sdu.didi.psnger,com.sankuai.meituan.meituanwaimaibusiness,com.jingyao.easybike,cn.wps.moffice_eng,com.hpbr.bosszhipin,com.ximalaya.ting.android,com.android.chrome,com.achievo.vipshop,com.shizhuang.duapp,com.xunlei.downloadprovider,com.lofter.android,com.MobileTicket,com.microsoft.emmx,com.baidu.tieba,com.kuaiduizuoye.scan,com.lphtsccft,com.greenpoint.android.mc10086.activity,com.seetong.app.seetong,com.ss.android.lark,com.cmri.universalapp,com.tmri.app.main,air.tv.douyu.android,com.tencent.hunyuan.app.chat,com.sankuai.meituan.takeoutnew,com.android.bankabc,me.ele.napos,com.instagram.android,com.ss.android.auto,com.alibaba.wireless,com.xunmeng.merchant,com.whatsapp,com.icbc,com.dianping.v1,com.facebook.orca,org.telegram.messenger,com.handsgo.jiakao.android,com.chinamworld.main,com.taobao.litetao,com.fenbi.android.leo,com.glodon.drawingexplorer,me.ele,com.twitter.android,com.msg.home,com.yueme.itv,com.gf.client,com.guotai.dazhihui,com.jd.jrapp,com.jooan.qiaoanzhilian,com.ss.android.ugc.aweme.hubble,com.kwai.hisense,com.zxscnew,com.taobao.qianniu,com.miui.aod,com.android.dazhihui,com.tplink.ipc,me.yidui,com.hundsun.winner.pazq,com.kwai.videoeditor,com.tdx.AndroidNew,com.unionpay,com.tencent.qqsports,com.xingjiabi.shengsheng,com.galaxy.stock,com.android.haitong,com.ucmobile.lite,com.chinamworld.bocmbci,com.cainiao.wireless,com.able.wisdomtree,com.aliyun.tongyi,com.liuniange.home,ctrip.android.view,com.cubic.autohome,com.cmschina.stock,com.wuba,cn.gov.tax.its,com.guosen.android,com.ltbizhi.home,com.duolingo,com.hupu.games,com.tmall.wireless,cmb.pb,com.okinc.okex.gp,miui.systemui.plugin,android.zhibo8,com.yitong.mbank.psbc,com.gstarmc.android,com.ez08.compass,com.fenbi.android.solar,com.kugou.android.lite,mark.via,com.fsrl.app,zhongxinjiantou.szkingdom.android.newphone,com.reader.qijing,com.lianjia.beike,com.intsig.camscanner,com.foundersc.app.xf,com.moji.mjweather,com.jiaohua_browser,com.ss.android.merchant,com.sohu.newsclient,com.ttbh.home,com.seewo.en,com.dayunlinks.cloudbirds,com.tkbaby.home,com.jiongji.andriod.card,com.douban.frodo,com.mm.android.lc,com.A17zuoye.mobile.homework,com.ygkj.chelaile.standard,com.csmlza.ljxt,com.xtc.watch,com.xiaomi.gamecenter.sdk.service,com.okcam.ookcam,com.lingan.seeyou,com.ct.client,com.byd.aeri.caranywhere,com.moonshot.kimichat,com.aitutor.hippo,com.sinovatech.unicom.ui,cn.com.langeasy.LangEasyLexis,com.antgroup.aijk.android,com.sgcc.wsgw.cn,com.Qunar,com.sankuai.meituan.merchant,io.dcloud.H576E6CC7,com.duxing.quickapp,com.zmzx.college.search,com.zjyh.home,com.yoosee,cn.kuwo.player,com.baidu.duer.superapp,com.jooan.qalink,com.zenmen.palmchat,com.youdao.dict,com.bytedance.ls.merchant,com.p1.mobile.putong,com.tencent.androidqqmail,com.zhaopin.social,com.bytedance.dreamina,com.lw.scbj,cn.gov.chinatax.gt4.app,com.gotokeep.keep,com.pupumall.customer,com.jd.oa,com.hikvision.sentinels,com.google.android.googlequicksearchbox,com.snda.wifilocating,com.anjuke.android.app,com.dw.btime,com.pingan.carowner,com.banjixiaoguanjia.app,com.wudaokou.hippo,com.youxiang.home,com.yipiao,com.zwfw.YueZhengYi,my.maya.android,com.huawei.health,com.huawei.smarthome,com.jco.aiview,com.jooan.cowelf,com.lw.xscyb,com.xiaomi.gamecenter,com.jifen.qukan,com.bankcomm.Bankcomm,com.mercury.ipc'
iolite/fps_local.config	fps_group.list60	'com.android.camera,com.ss.android.ugc.aweme,com.ss.android.ugc.aweme.lite,com.smile.gifmaker,com.phoenix.read,com.kuaishou.nebula,com.ss.android.ugc.live,com.ss.android.yumme.video,com.sdu.didi.gsui,com.dz.hmjc,com.dada.mobile.android,com.sankuai.meituan.dispatch.homebrew,me.ele.hbdteam,com.lalamove.huolala.driver,com.sgs.next,com.xiwei.logistics,com.duowan.kiwi,com.sfexpress.knight,com.miui.video,com.kylin.read,com.videogo,com.kwai.theater,air.tv.douyu.android,com.xhey.xcamera,com.tencent.weishi,com.jd.mrd.jingming,com.tencent.zebra,com.ai.marki,com.fcbox.hivebox,com.meitu.meiyancamera,com.lalamove.huolala.client'
iolite_intl/fps_local.config	fps_smart_group.list60	'com.android.nfc,com.xiaomi.aiasst.service,com.miui.packageinstaller,com.android.calendar,com.miui.calculator,com.android.camera,com.miui.mediaviewer,com.miui.tsmclient,com.android.soundrecorder,com.miui.huanji,com.xiaomi.scanner,com.miui.compass,com.google.android.youtube,com.zhiliaoapp.musically,com.android.chrome,com.ss.android.ugc.trill,com.google.android.apps.maps,com.google.android.googlequicksearchbox,com.netflix.mediaclient,com.mxtech.videoplayer.ad,com.zhiliaoapp.musically.go,in.startv.hotstar,com.waze,com.vk.vkvideo,com.brave.browser,com.yandex.browser,com.ss.android.ugc.aweme,ru.oneme.app,com.google.android.apps.youtube.kids,com.msandroid.mobile,com.lemon.lvoverseas,com.instagram.barcelona,com.amazon.avod.thirdpartyclient,com.ubercab.driver,ru.yandex.yandexnavi,app.revanced.android.youtube,com.yandex.searchapp,com.opera.browser,com.phonepe.app,com.kwai.video,us.zoom.videomeetings,com.disney.disneyplus,tv.twitch.android.app,com.microsoft.teams,ir.eitaa.messenger,com.google.android.apps.nbu.paisa.user,com.oakever.tiletrip,org.videolan.vlc,sinet.startup.inDriver,com.video.fun.app,com.playit.videoplayer,com.wbd.stream,ru.yandex.yandexmaps,com.newleaf.app.android.victor,com.ubercab,com.sahibinden,free.tube.premium.advanced.tuber,com.UCMobile.intl,com.sec.android.app.sbrowser,com.storymatrix.drama,ru.dublgis.dgismobile,com.bcp.innovacxion.yapeapp,com.dywx.larkplayer,com.camerasideas.instashot,com.kbzbank.kpaycustomer,kz.kaspi.mobile,com.binance.dev,pl.allegro,ru.yandex.taxi,com.microsoft.emmx,com.mercadopago.wallet,net.one97.paytm,com.nemo.vidmate,com.lenovo.anyshare.gps,com.nu.production,cab.snapp.passenger,com.msf.angelmobile,com.idamob.tinkoff.android,com.globe.gcash.android,com.google.android.calculator,com.didiglobal.passenger,com.rapido.passenger,com.transsion.phoenix,sun.way2sms.hyd.com,co.com.bancolombia.personas.superapp,com.google.android.apps.walletnfcrel,ir.nasim,com.picsart.studio,com.google.android.apps.youtube.creator,com.pozitron.iscep,com.bancodevenezuela.bdvdigital,com.zeptoconsumerapp,ee.mtakso.client,com.ykb.android,com.falabella.falabellaApp,com.jio.myjio,net.veritran.becl.prod,com.akbank.android.apps.akbank_direkt,com.maanavan.mb_kyrgyzstan,com.bbva.bbvacontigo,com.lppsa.app.sinsay,com.bigwinepot.nwdn.international,com.itau,com.jeyluta.timestampcamerafree,com.mobiliha.badesaba,com.bancomer.mbanking,ru.pyaterochka.app.browser,com.strava,com.vakifbank.mobile,mm.com.wavemoney.wavepay,com.orange.mail.fr,com.bbva.nxt_peru,pe.com.interbank.mobilebanking,io.speedtop.app,ir.bmi.bam.nativeweb,com.naviapp,com.bKash.customerapp,com.bradesco,pl.jmpolska.clos0.mojabiedronka,com.dreamplug.androidapp,mm.com.atom.store,de.web.mobile.android.mail,es.bancosantander.apps,ua.privatbank.ap24,com.yellowpepper.pichincha,com.myklarnamobile,com.mi.appfinder,com.paypal.android.p2pmobile,my.com.tngdigital.ewallet,com.ril.ajio,com.samanpr.blu,com.posteitaliane.spim,com.IndexEducation.Pronote,com.enparabank.retail,pl.pkobp.iko,com.ttech.android.onlineislem,com.google.android.videos,com.tmobtech.halkbank,net.bac.sbe.android,www.ingdirect.nativeframe,pl.inpost.inmobile,com.facebook.stella,tr.gov.saglik.MHRSMOBIL,com.csam.icici.bank.imobile,com.google.android.apps.classroom,money.super.payments,com.caisseepargne.android.mobilebanking,de.dm.meindm.android,com.tmob.AveaOIM,ver3.ycntivi.off,com.myirancell,com.farsitel.bazaar,ru.nspk.mirpay,pt.sibs.android.mbway,aplicacion.tiempo,com.google.android.apps.subscriptions.red,com.wetter.androidclient,com.miui.extraphoto,com.android.credentialmanager,com.google.android.apps.bard'
iolite_intl/fps_local.config	fps_smart_group.list90	'com.android.incallui,com.xiaomi.mihomemanager,com.android.browser,com.miui.gallery,com.android.deskclock,com.android.contacts,com.android.mms,com.miui.newhome,com.miui.weather2,com.miui.securitycenter,com.android.settings,com.miui.notes,com.xiaomi.market,com.xiaomi.smarthome,com.mfashiongallery.emag,com.miui.voiceassist,com.android.quicksearchbox,com.miui.hybrid,com.miui.mediaeditor,com.miui.player,com.miui.cleanmaster,com.android.updater,com.android.fileexplorer,com.android.thememanager,com.xiaomi.shop,com.lbe.security.miui,com.duokan.phone.remotecontroller,com.android.phone,com.mi.health,com.android.intentresolver,com.miui.screenshot,com.miui.carlink,com.miui.personalassistant,com.milink.service,com.xiaomi.account,com.xiaomi.bluetooth,com.miui.cloudservice,com.miui.securitycore,com.miui.securityadd,com.xiaomi.vipaccount,com.android.providers.media.module,com.tencent.android.qqdownloader,com.miui.fm,com.google.android.documentsui,com.xiaomi.mico,com.android.server.telecom,com.jxp.home,com.ningguang.home,com.miui.notification,com.android.email,com.android.captiveportallogin,com.miui.misound,com.miui.greenguard,com.android.htmlviewer,com.miui.bugreport,com.android.systemui,com.android.permissioncontroller,com.android.printspooler,com.miui.screenrecorder,com.github.metacubex.clash.meta,com.github.kr328.clash,com.miui.voicetrigger,com.miui.mishare.connectivity,com.android.stk,com.xiaomi.aiasst.vision,com.miui.yellowpage,com.miui.contentcatcher,com.miui.virtualsim,com.miui.thirdappassistant,com.android.bluetooth,com.fido.asm,com.miui.phrase,com.android.wallpaper.livepicker,com.miui.miservice,com.miui.securitymanager,com.xiaomi.mibrain.speech,com.miui.themestore,com.whatsapp,com.facebook.katana,com.instagram.android,com.google.android.dialer,org.telegram.messenger,com.facebook.orca,com.whatsapp.w4b,com.facebook.lite,com.vkontakte.android,com.snapchat.android,com.viber.voip,com.twitter.android,com.google.android.apps.messaging,com.tencent.mm,com.google.android.apps.youtube.music,com.imo.android.imoim,com.spotify.music,com.google.android.gm,com.mi.globalbrowser,jp.naver.line.android,com.google.android.apps.photos,com.truecaller,com.einnovation.temu,com.android.vending,com.wildberries.ru,com.miui.videoplayer,com.google.android.projection.gearhead,ru.ozon.app.android,com.pinterest,com.discord,com.zing.zalo,com.amazon.mShop.android.shopping,com.miui.android.fashiongallery,com.google.android.apps.docs,ru.ok.android,com.duolingo,org.telegram.plus,com.zzkko,com.imo.android.imoimhd,ru.yandex.searchplugin,com.callapp.contacts,com.instagram.lite,com.mercadolibre,com.avito.android,com.microsoft.office.outlook,com.google.android.contacts,cn.wps.moffice_eng,com.alibaba.aliexpresshd,fr.vinted,com.google.android.apps.tachyon,com.google.android.gms,com.xingin.xhs,app.rbmain.a,trendyol.com,com.flipkart.android,com.reddit.frontpage,com.linkedin.android,org.mozilla.firefox,org.xbet.client1,eu.livesport.FlashScore_com,com.shopee.id,com.grindrapp.android,cn.wps.xiaomi.abroad.lite,com.snaptube.premium,com.google.android.apps.nbu.files,in.amazon.mShop.android.shopping,com.xiaomi.calendar,com.crunchyroll.crunchyroid,com.google.android.calendar,com.shopee.br,com.meesho.supply,com.google.android.apps.translate,ru.yandex.music,com.tinder,com.shopee.ph,ru.sberbankmobile,com.shopee.my,com.deepseek.chat,im.thebot.messenger,com.canva.editor,ir.medu.shad,ir.divar,org.thoughtcrime.securesms,com.kokteyl.mackolik,com.adobe.reader,com.xunmeng.pinduoduo,com.intsig.camscanner,com.eyecon.global,com.ebay.kleinanzeigen,com.booking,com.mobilefootie.wc2010,com.lazada.android,com.lidl.eci.lidlplus,com.taobao.taobao,com.nextbillion.groww,com.google.android.apps.docs.editors.sheets,com.miui.aod,com.nequi.MobileApp,com.whereismytrain.android,com.shopee.th,com.ezviz,com.dewmobile.kuaiya.play,com.wallapop,in.mohalla.sharechat,com.xiaomi.mipicks,com.ziraat.ziraatmobil,fr.leboncoin,com.yahoo.mobile.client.android.mail,com.cricbuzz.android,com.google.android.deskclock,com.myntra.android,com.dubox.drive,com.grabtaxi.passenger,com.badoo.mobile,com.xm.csee,com.lmr.lfm,com.macrovideo.v380pro,com.shopee.vn,com.xiaomi.glgm,com.google.android.apps.docs.editors.docs,com.google.android.keep,com.mm.android.smartlifeiot,ru.beru.android,com.microsoft.office.word,in.swiggy.android,com.microsoft.office.officehubrow,com.application.zomato,com.facebook.pages.app,com.yoosee,com.sofascore.results,com.revolut.revolut,com.mm.android.direct.g_CMOB_XU,com.resultadosfutbol.mobile,com.grofers.customerapp,ru.rostel,com.garanti.cepsubesi,pl.tablica,com.ebay.mobile,com.microsoft.office.excel,tr.gov.turkiye.edevlet.kapisi,com.airbnb.android,deezer.android.app,com.bcp.bank.bcp,com.amazon.mp3,app.source.getcontact,es.lacaixa.mobile.android.newwapicon,ru.mail.mailapp,com.pozitron.hepsiburada,ru.tander.magnit,cris.org.in.prs.ima,com.turkcell.bip,com.cv.docscanner,miui.systemui.plugin,ru.vtb24.mobilebanking.android,com.google.android.apps.magazines,com.socialnmobile.dictapps.notepad.color.note,com.google.android.apps.kids.familylink,com.life360.android.safetymapd,com.alibaba.intl.android.apps.poseidon,pdf.pdfreader.viewer.editor.free,de.zalando.mobile,com.kaufland.Kaufland,com.scores365,com.soundcloud.android,com.myairtelapp,com.google.android.inputmethod.latin,br.com.bb.android,br.com.gabba.Caixa,com.cambyte.okenscan,ru.alfabank.mobile.android,com.shazam.android,de.gmx.mobile.android.mail,com.jio.media.jiobeats,com.vk.im,com.dencreak.dlcalculator,com.kasikorn.retail.mbanking.wap,com.tuya.smartlife,com.xiaomi.midrop,com.bt.bms,com.huawei.health,com.mcdonalds.mobileapp,com.microsoft.skydrive,fr.creditagricole.androidapp,de.wetteronline.wetterapp,com.adobe.scan.android,com.google.android.apps.authenticator2,com.santander.app,com.mytel.myid,com.sbi.lotusintouch,com.starfinanz.smob.android.sfinanzstatus,com.maybank2u.life,com.garmin.android.apps.connectmobile,com.psiphon3.subscription,com.azure.authenticator,com.google.android.apps.adm,com.finansbank.mobile.cepsube,ru.yandex.mail,fr.doctolib.www,com.axis.mobile,com.mi.global.shop,com.mobilexsoft.ezanvakti,com.google.android.apps.chromecast.app,mm.com.mptvas,free.vpn.unblock.proxy.turbovpn,com.lrhsoft.shiftercalendar,com.xiaomi.misettings,com.jrzheng.supervpnfree,com.popularapp.periodcalendar,com.v2ray.ang,ru.yandex.weatherplugin,com.microsoft.appmanager,com.free.vpn.super.hotspot.open,com.google.android.tts,org.iggymedia.periodtracker,com.google.android.apps.wellbeing,com.android.providers.downloads.ui,ir.mci.ecareapp,com.fast.free.unblock.secure.vpn,com.mi.global.bbs,com.blockchainvault,com.google.android.apps.restore,com.cloudflare.onedotonedotonedotone,com.gamma.scan,com.facebook.appmanager,ch.protonvpn.android,com.google.android.setupwizard,com.bit.androsmart.kbinapp,com.microsoft.windowsintune.companyportal,com.google.ar.lens'
iolite_intl/fps_local.config	fps_group.list60	'com.android.camera,com.google.android.youtube,com.zhiliaoapp.musically,com.ss.android.ugc.trill,com.google.android.apps.maps,com.netflix.mediaclient,com.mxtech.videoplayer.ad,com.zhiliaoapp.musically.go,com.google.android.apps.youtube.music,com.waze,com.spotify.music,com.ss.android.ugc.aweme,com.google.android.apps.youtube.kids,com.amazon.avod.thirdpartyclient,ru.yandex.yandexnavi,com.kwai.video,com.disney.disneyplus,tv.twitch.android.app,org.videolan.vlc,sinet.startup.inDriver,com.video.fun.app,com.playit.videoplayer,free.tube.premium.advanced.tuber,ru.dublgis.dgismobile,com.dywx.larkplayer,in.mohalla.sharechat,net.one97.paytm,com.nemo.vidmate,com.amazon.mp3,com.google.android.apps.magazines,com.jio.myjio,com.jio.media.jiobeats'
jinghu/fps_local.config	fps_smart_group.list60	'com.android.calendar,com.phoenix.read,com.luna.music,com.imgo.pad,com.babycloud.hanju,cn.com.langeasy.LangEasyLexis,io.legado.app.release,com.qihoo360.mobilesafe,com.qq.reader,com.android.incallui,com.android.camera,com.mfashiongallery.emag,com.miui.tsmclient,com.xiaomi.scanner,com.miui.compass,com.youku.phone,com.youku.pad,tv.danmaku.bilibilihd,tv.danmaku.bili,com.alibaba.android.rimet,com.tencent.wemeet.app,com.duowan.kiwi,com.sohu.inputmethod.sogou.xiaomi,air.tv.douyu.android,com.iflytek.inputmethod.miui,com.dragon.read,com.netease.cloudmusic,com.jideos.jnotes,com.chaoxing.mobile,com.kmxs.reader,com.baidu.input_mi,com.tencent.qqmusic,com.kugou.android,tv.hanju.lite,com.sinyee.babybus.recommendapp,com.zhongduomei.rrmj.society,com.tencent.edu,com.ximalaya.ting.android,com.google.android.youtube,com.qiyi.video.child,com.hongen.app.word,com.tencent.weread,com.xiaohei.xiaoheiapps,org.xinkb.blackboard.android,com.yuantiku.tutor,com.shusheng.JoJoRead,com.miui.securityinputmethod,com.duokan.reader,com.sohu.inputmethod.sogou,com.duoduo.child.story,com.sinyee.babybus.world,com.cmcc.cmvideo,com.maimemo.android.momo,com.youdao.dict,com.lemon.lv,com.qidian.QDReader,com.iflytek.inputmethod,com.huahuo.hhspfilms,com.app.moontv,com.xs.fm,com.eg.android.AlipayGphone,com.shanbay.sentence,com.bestv.app,com.shuqi.controller,com.example.notes.kyjsb,com.dianshijia.tvlive,com.jp1.xg1,com.duokan.hdreader,com.kuaikan.comic,com.sinyee.babybus.chants,com.videogo,com.jiongji.andriod.card,cn.cntvhd,com.mxtech.videoplayer.ad,com.chaozh.iReaderFree,com.tencent.qqmusicpad,com.bb.happykids,com.jjwxc.reader,com.chuyiapp.cy,com.chaozh.iReader.dj,com.sw.battery1,com.starmoon.smfilms,cn.kuwo.player,com.yueyou.adreader,com.dianshijia.newlive,com.zhpphls.banma,com.xfp.kit,com.csd.newyunketang,com.bilibili.comic,com.huli.hlfilms,com.xs.video.bayi,com.xingxingsp.xxspfilms,com.sevenVideo.app.android,com.kkzy.browser,com.miui.video,com.miui.videoplayer,com.duokan.reader,com.miui.player,com.android.nfc,com.milink.service,com.android.providers.downloads.ui,com.android.providers.downloads,com.miui.cit'
jinghu/fps_local.config	fps_group.list60	'cn.com.langeasy.LangEasyLexis,io.legado.app.release,com.qihoo360.mobilesafe,com.qq.reader,com.android.incallui,com.android.camera,com.mfashiongallery.emag,com.miui.tsmclient,com.xiaomi.scanner,com.miui.compass'
klee/fps_local.config	fps_smart_group.list60	'com.ss.android.article.news,com.miui.cit,com.tmall.wireless,com.jingdong.app.mall,com.taobao.live,com.xunmeng.pinduoduo,com.qq.ac.android,com.milink.service,com.tencent.qqpinyin,com.baidu.input,com.iflytek.inputmethod,com.sohu.inputmethod.sogou,com.lechuan.mdxs,com.taobao.taobao,com.UCMobile,com.tencent.wemeet.app,com.chaozh.iReader.dj,com.sankuai.meituan.dispatch.crowdsource,com.chaozh.iReaderFree,com.cootek.crazyreader,com.sankuai.meituan.meituanwaimaibusiness,com.lalamove.huolala.driver,com.faloo.BookReader4Android,com.jjwxc.reader,io.legado.app.release,com.sankuai.meituan.dispatch.homebrew,com.hpbr.bosszhipin,com.lwby.breader.ad,com.snda.wifilocating,com.duoduo.child.story,me.ele.crowdsource,com.alukaxi.bqshugg.blue,com.tencent.map,com.flyersoft.seekbooks,me.ele.napos,com.jingyao.easybike,cn.kuwo.player,com.yiyou.ga,com.ninesixshop.say,com.tmri.app.main,com.lechuan.midunovel,com.comics.bika,com.kuangxiangciweimao.novel,com.sdu.didi.psnger,com.bokecc.dance,com.duowan.mobile,com.ifreetalk.ftalk,com.kugou.android.elder,com.kuaidi.daijia.driver,com.dongqiudi.news,com.bilibili.comic,com.xiwei.logistics,com.huaxiaozhu.driver,com.xinchuzu.driver,com.jd.pingou,com.tool.biqudaogexs,com.tool.txtqbydq,com.baidu.yuedu,com.relief.space.master.cleaner,com.mampod.ergedd,com.ophone.reader.ui,com.ishansong,com.ximalaya.ting.lite,com.sfexpress.knight,com.mianfeizs.book,com.didapinche.booking,com.jryg.driver,com.tadu.read,com.android.incallui,com.android.camera,com.autonavi.minimap,com.sdu.didi.gsui,com.baidu.BaiduMap,com.duokan.reader,tv.danmaku.bili,com.dragon.read,com.kmxs.reader,com.eg.android.AlipayGphone,com.kugou.android,com.netease.cloudmusic,com.lechuan.mdwz,com.tencent.karaoke,com.qidian.QDReader,com.shuqi.controller,com.tencent.qqmusic,com.duokan.free,com.qq.reader,com.yueyou.adreader,com.ximalaya.ting.android,com.tencent.weread,com.android.deskclock,com.mfashiongallery.emag,com.miui.fm,com.miui.huanji,com.android.nfc,com.xiaomi.scanner,com.miui.yellowpage,com.miui.compass,com.miui.miservice,com.miui.player,com.kuaiyin.player,com.tencent.edu,com.wondertek.miguaikan,com.cmcc.cmvideo,com.kuaikan.comic,com.xs.fm,com.youku.phone,com.sup.android.superb,com.phoenix.read,com.dz.hmjc,com.jz.xydj,com.diotc.qojfqkj,com.taige.miaokan,com.taige.mygold,com.ss.android.yumme.video,cn.missevan,com.eggflower.read,cn.kuwo.tingshu.lite,com.picacomic.fregata,com.sohu.inputmethod.sogou.xiaomi,com.baidu.input_mi,com.iflytek.inputmethod.miui'
klee/fps_local.config	fps_group.list60	'com.miui.huanji,com.miui.cit,com.baidu.input,com.iflytek.inputmethod,com.sohu.inputmethod.sogou,com.tencent.wemeet.app,com.ifreetalk.ftalk,com.kuaidi.daijia.driver,com.xiwei.logistics,com.xinchuzu.driver,com.mampod.ergedd,com.android.incallui,com.android.camera,com.mfashiongallery.emag,com.xiaomi.scanner,com.miui.compass,com.autonavi.minimap,com.sdu.didi.gsui,com.baidu.BaiduMap,com.tencent.map'
klee_id/fps_local.config	fps_smart_group.list60	'com.android.deskclock,com.android.camera,com.miui.player,com.android.incallui,com.netflix.mediaclient,com.google.android.apps.maps,com.xiaomi.scanner,com.truecaller,org.telegram.messenger,com.snapchat.android,com.viber.voip,com.google.android.apps.docs,com.google.android.apps.tachyon,com.shopee.id,com.microsoft.teams,com.flipkart.android,com.meesho.supply,com.pinterest,com.app.dream11Pro,com.avito.android,com.phonepe.app,com.alibaba.aliexpresshd,trendyol.com,ir.medu.shad,org.xbet.client1,com.google.android.apps.nbu.paisa.user,com.wildberries.ru,com.amazon.mShop.android.shopping,com.google.android.apps.classroom,com.microsoft.office.outlook,com.camerasideas.instashot,com.ubercab.driver,com.prisbank.app,com.gojek.partner,com.shopee.br,com.mercadolibre,com.zzkko,com.duolingo,com.whereismytrain.android,com.whereismytraingadi.trainstatus.livetrainlocation,com.shopee.my,com.tokopedia.tkpd,com.unacademyapp,com.msf.angelmobile,com.ak.ta.dainikbhaskar.activity,jp.ne.ibis.ibispaintx.app,com.myntra.android,com.offshore.pikashow,com.sahibinden,co.brainly,com.flatfish.cal.privacy,com.ubercab,xyz.penpencil.physicswala,ir.divar,com.cisco.webex.meetings,com.instander.android,com.olacabs.oladriver,com.vuclip.viu,com.olx.southasia,com.whatsapp,com.facebook.katana,com.instagram.android,com.android.chrome,com.facebook.orca,com.facebook.lite,com.gbwhatsapp,com.vkontakte.android,com.whatsapp.w4b,com.twitter.android,com.android.vending,com.imo.android.imoim,ru.ok.android,jp.naver.line.android,com.yandex.browser,org.telegram.plus,cn.wps.moffice_eng,com.discord,com.zing.zalo,com.fmwhatsapp,com.UCMobile.intl,com.yowhatsapp,com.WhatsApp2Plus,com.opera.browser,com.opera.mini.native,com.binance.dev,com.imo.android.imoimbeta,com.eterno,com.google.android.apps.translate,com.imo.android.imoimhd,ir.ilmili.telegraph,com.facebook.mlite,com.brave.browser,com.michatapp.im,com.obwhatsapp,org.mozilla.firefox,im.thebot.messenger,com.picsart.studio,com.linkedin.android,com.alightcreative.motion,com.grindrapp.android,com.uc.browser.en,com.reddit.frontpage,com.yy.hiyo,com.perm.kate_new_6,com.instagram.lite,re.sova.five,com.badoo.mobile,com.gbwhatsapp3,org.thunderdog.challegram,com.litatom.app,com.sec.android.app.sbrowser,com.canva.editor,com.instapro.app,com.vtosters.android,com.yandex.zen,com.jtwhatsapp,blackrussia.online,com.cricbuzz.android,com.nextbillion.groww,org.thoughtcrime.securesms,org.vidogram.messenger,com.blueWAplus,org.telegram.messenger.web,com.gojek.app,com.intsig.camscanner,mrt.battery.health,com.pay4vend.pay4vend,idm.internet.download.manager,in.upstox.app,com.application.zomato,com.schibsted.bomnegocio.androidApp,com.facemoji.lite.xiaomi,com.miui.huanji,com.miui.cit'
klee_id/fps_local.config	fps_group.list60	'com.android.camera,com.android.incallui,com.netflix.mediaclient,com.google.android.apps.maps,com.xiaomi.scanner,com.miui.android.fashiongallery,com.miui.cit,com.miui.huanji'
klee_intl/fps_local.config	fps_smart_group.list60	'com.android.deskclock,com.android.camera,com.miui.player,com.android.incallui,com.netflix.mediaclient,com.google.android.apps.maps,ru.yandex.yandexmaps,com.xiaomi.scanner,com.truecaller,org.telegram.messenger,com.snapchat.android,com.viber.voip,com.google.android.apps.docs,us.zoom.videomeetings,com.google.android.gm,com.google.android.apps.tachyon,com.shopee.id,com.microsoft.teams,com.flipkart.android,com.lemon.lvoverseas,com.meesho.supply,com.pinterest,com.app.dream11Pro,com.avito.android,com.phonepe.app,com.lazada.android,com.alibaba.aliexpresshd,trendyol.com,in.amazon.mShop.android.shopping,com.firsttouchgames.dls7,ir.medu.shad,org.xbet.client1,com.lenovo.anyshare.gps,com.google.android.apps.nbu.paisa.user,com.wildberries.ru,com.amazon.mShop.android.shopping,com.google.android.apps.classroom,com.microsoft.office.outlook,com.camerasideas.instashot,com.ubercab.driver,com.prisbank.app,com.gojek.partner,com.shopee.br,com.mercadolibre,com.zzkko,com.duolingo,com.whereismytrain.android,com.whereismytraingadi.trainstatus.livetrainlocation,com.shopee.my,ru.ozon.app.android,com.duokan.phone.remotecontroller,com.shopee.ph,com.tokopedia.tkpd,com.unacademyapp,com.msf.angelmobile,com.ak.ta.dainikbhaskar.activity,jp.ne.ibis.ibispaintx.app,com.myntra.android,com.offshore.pikashow,com.sahibinden,co.brainly,com.flatfish.cal.privacy,com.maleo.bussimulatorid,com.taxsee.driver,com.ubercab,xyz.penpencil.physicswala,ir.divar,com.cisco.webex.meetings,com.instander.android,com.olacabs.oladriver,com.vuclip.viu,com.olx.southasia,mrt.battery.health,com.pay4vend.pay4vend,idm.internet.download.manager,in.upstox.app,com.application.zomato,com.schibsted.bomnegocio.androidApp,com.whatsapp,com.instagram.android,com.imo.android.imoim,com.instagram.lite,iflix.play,com.tencent.videolite.android,cn.amazon.mShop.android,com.facemoji.lite.xiaomi,com.miui.huanji,com.miui.cit'
klee_intl/fps_local.config	fps_group.list60	'com.android.camera,com.android.incallui,com.netflix.mediaclient,com.google.android.apps.maps,com.xiaomi.scanner,com.miui.android.fashiongallery,com.miui.cit,com.miui.huanji'
klimt_id/fps_local.config	fps_smart_group.list60	'com.android.deskclock,com.android.camera,com.miui.player,com.android.incallui,com.netflix.mediaclient,com.google.android.apps.maps,com.xiaomi.scanner,com.truecaller,org.telegram.messenger,com.snapchat.android,com.viber.voip,com.google.android.apps.docs,com.google.android.apps.tachyon,com.shopee.id,com.microsoft.teams,com.flipkart.android,com.meesho.supply,com.pinterest,com.app.dream11Pro,com.avito.android,com.phonepe.app,com.alibaba.aliexpresshd,trendyol.com,ir.medu.shad,org.xbet.client1,com.google.android.apps.nbu.paisa.user,com.wildberries.ru,com.amazon.mShop.android.shopping,com.google.android.apps.classroom,com.microsoft.office.outlook,com.camerasideas.instashot,com.ubercab.driver,com.prisbank.app,com.gojek.partner,com.shopee.br,com.mercadolibre,com.zzkko,com.duolingo,com.whereismytrain.android,com.whereismytraingadi.trainstatus.livetrainlocation,com.shopee.my,com.tokopedia.tkpd,com.unacademyapp,com.msf.angelmobile,com.ak.ta.dainikbhaskar.activity,jp.ne.ibis.ibispaintx.app,com.myntra.android,com.offshore.pikashow,com.sahibinden,co.brainly,com.flatfish.cal.privacy,com.ubercab,xyz.penpencil.physicswala,ir.divar,com.cisco.webex.meetings,com.instander.android,com.olacabs.oladriver,com.vuclip.viu,com.olx.southasia,com.whatsapp,com.facebook.katana,com.instagram.android,com.android.chrome,com.facebook.orca,com.facebook.lite,com.gbwhatsapp,com.vkontakte.android,com.whatsapp.w4b,com.twitter.android,com.android.vending,com.imo.android.imoim,ru.ok.android,jp.naver.line.android,com.yandex.browser,org.telegram.plus,cn.wps.moffice_eng,com.discord,com.zing.zalo,com.fmwhatsapp,com.UCMobile.intl,com.yowhatsapp,com.WhatsApp2Plus,com.opera.browser,com.opera.mini.native,com.binance.dev,com.imo.android.imoimbeta,com.eterno,com.google.android.apps.translate,com.imo.android.imoimhd,ir.ilmili.telegraph,com.facebook.mlite,com.brave.browser,com.michatapp.im,com.obwhatsapp,org.mozilla.firefox,im.thebot.messenger,com.picsart.studio,com.linkedin.android,com.alightcreative.motion,com.grindrapp.android,com.uc.browser.en,com.reddit.frontpage,com.yy.hiyo,com.perm.kate_new_6,com.instagram.lite,re.sova.five,com.badoo.mobile,com.gbwhatsapp3,org.thunderdog.challegram,com.litatom.app,com.sec.android.app.sbrowser,com.canva.editor,com.instapro.app,com.vtosters.android,com.yandex.zen,com.jtwhatsapp,blackrussia.online,com.cricbuzz.android,com.nextbillion.groww,org.thoughtcrime.securesms,org.vidogram.messenger,com.blueWAplus,org.telegram.messenger.web,com.gojek.app,com.intsig.camscanner,mrt.battery.health,com.pay4vend.pay4vend,idm.internet.download.manager,in.upstox.app,com.application.zomato,com.schibsted.bomnegocio.androidApp,com.facemoji.lite.xiaomi,com.miui.huanji,com.miui.cit'
klimt_id/fps_local.config	fps_group.list60	'com.android.camera,com.android.incallui,com.netflix.mediaclient,com.google.android.apps.maps,com.xiaomi.scanner,com.miui.android.fashiongallery,com.miui.cit,com.miui.huanji'
klimt_intl/fps_local.config	fps_smart_group.list60	'com.android.deskclock,com.android.camera,com.miui.player,com.android.incallui,com.netflix.mediaclient,com.google.android.apps.maps,ru.yandex.yandexmaps,com.xiaomi.scanner,com.truecaller,org.telegram.messenger,com.snapchat.android,com.viber.voip,com.google.android.apps.docs,us.zoom.videomeetings,com.google.android.gm,com.google.android.apps.tachyon,com.shopee.id,com.microsoft.teams,com.flipkart.android,com.lemon.lvoverseas,com.meesho.supply,com.pinterest,com.app.dream11Pro,com.avito.android,com.phonepe.app,com.lazada.android,com.alibaba.aliexpresshd,trendyol.com,in.amazon.mShop.android.shopping,com.firsttouchgames.dls7,ir.medu.shad,org.xbet.client1,com.lenovo.anyshare.gps,com.google.android.apps.nbu.paisa.user,com.wildberries.ru,com.amazon.mShop.android.shopping,com.google.android.apps.classroom,com.microsoft.office.outlook,com.camerasideas.instashot,com.ubercab.driver,com.prisbank.app,com.gojek.partner,com.shopee.br,com.mercadolibre,com.zzkko,com.duolingo,com.whereismytrain.android,com.whereismytraingadi.trainstatus.livetrainlocation,com.shopee.my,ru.ozon.app.android,com.duokan.phone.remotecontroller,com.shopee.ph,com.tokopedia.tkpd,com.unacademyapp,com.msf.angelmobile,com.ak.ta.dainikbhaskar.activity,jp.ne.ibis.ibispaintx.app,com.myntra.android,com.offshore.pikashow,com.sahibinden,co.brainly,com.flatfish.cal.privacy,com.maleo.bussimulatorid,com.taxsee.driver,com.ubercab,xyz.penpencil.physicswala,ir.divar,com.cisco.webex.meetings,com.instander.android,com.olacabs.oladriver,com.vuclip.viu,com.olx.southasia,mrt.battery.health,com.pay4vend.pay4vend,idm.internet.download.manager,in.upstox.app,com.application.zomato,com.schibsted.bomnegocio.androidApp,com.whatsapp,com.instagram.android,com.imo.android.imoim,com.instagram.lite,iflix.play,com.tencent.videolite.android,cn.amazon.mShop.android,com.facemoji.lite.xiaomi,com.miui.huanji,com.miui.cit'
klimt_intl/fps_local.config	fps_group.list60	'com.android.camera,com.android.incallui,com.netflix.mediaclient,com.google.android.apps.maps,com.xiaomi.scanner,com.miui.android.fashiongallery,com.miui.cit,com.miui.huanji'
koto/fps_local.config	fps_smart_group.list60	'tv.danmaku.bili,com.ss.android.article.news,com.dts.freefireth,com.tencent.ig,com.mobile.legends,com.tencent.tmgp.sgame,com.tencent.tmgp.pubgmhd,com.tencent.lolm,com.tencent.tmgp.speedmobile,com.tencent.tmgp.cf,com.tencent.tmgp.cod,com.miHoYo.ys.mi,com.miHoYo.Yuanshen,com.tencent.jkchess,com.happyelements.AndroidAnimal,com.netease.party,com.netease.party.mi,com.autonavi.minimap,com.android.incallui,com.sohu.inputmethod.sogou.xiaomi,com.baidu.input_mi,com.android.deskclock,com.iflytek.inputmethod.miui,com.duokan.reader,com.android.camera,com.mfashiongallery.emag,com.miui.player,com.miui.tsmclient,com.miui.fm,com.miui.huanji,com.android.nfc,com.xiaomi.scanner,com.miui.yellowpage,com.miui.miservice,com.miui.compass,com.milink.service,com.youku.phone,com.tencent.wemeet.app,com.qiyi.video.pad,com.sohu.inputmethod.sogou.xiaomi,com.iflytek.inputmethod.miui,com.netease.cloudmusic,com.chaoxing.mobile,com.baidu.input_mi,com.tencent.qqmusic,com.kugou.android,tv.hanju.lite,com.sinyee.babybus.recommendapp,com.tencent.edu,com.ximalaya.ting.android,com.youku.pad,com.qiyi.video.child,com.hongen.app.word,com.tencent.weread,com.xiaohei.xiaoheiapps,org.xinkb.blackboard.android,com.yuantiku.tutor,com.shusheng.JoJoRead,com.miui.securityinputmethod,com.duokan.reader,cn.com.langeasy.LangEasyLexis,com.abxsss.app,com.sohu.inputmethod.sogou,com.duoduo.child.story,com.sinyee.babybus.world,com.cmcc.cmvideo,com.maimemo.android.momo,com.youdao.dict,com.lemon.lv,com.bigsea.bsfilms,com.qidian.QDReader,com.iflytek.inputmethod,com.starrysky.ssfilms,com.huahuo.hhspfilms,com.app.moontv,com.xs.fm,com.eg.android.AlipayGphone,com.shanbay.sentence,com.bestv.app,com.shuqi.controller,com.example.notes.kyjsb,com.korean.tv,com.dianshijia.tvlive,com.jp1.xg1,com.duokan.hdreader,com.kuaikan.comic,com.sinyee.babybus.chants,com.hengxing.hxfilms,com.jiongji.andriod.card,io.legado.app.release,cn.cntvhd,com.mxtech.videoplayer.ad,com.chaozh.iReaderFree,com.tencent.qqmusicpad,com.bb.happykids,com.jjwxc.reader,com.chuyiapp.cy,com.chaozh.iReader.dj,com.sw.battery1,com.starmoon.smfilms,com.digua.dgptfilms,cn.kuwo.player,com.yueyou.adreader,com.dianshijia.newlive,com.zhpphls.banma,com.xfp.kit,com.csd.newyunketang,com.bilibili.comic,com.huli.hlfilms,com.xs.video.bayi,com.xingxingsp.xxspfilms,com.sevenVideo.app.android,com.kkzy.browser,com.qihoo360.mobilesafe,com.qq.reader,com.dragon.read'
koto/fps_local.config	fps_group.list60	'com.dts.freefireth,com.tencent.ig,com.mobile.legends,com.tencent.tmgp.sgame,com.tencent.tmgp.pubgmhd,com.tencent.lolm,com.tencent.tmgp.speedmobile,com.tencent.tmgp.cf,com.tencent.tmgp.cod,com.miHoYo.ys.mi,com.miHoYo.Yuanshen,com.tencent.jkchess,com.happyelements.AndroidAnimal,com.netease.party,com.netease.party.mi,com.android.incallui,com.android.camera,com.mfashiongallery.emag,com.miui.tsmclient,com.miui.huanji,com.xiaomi.scanner,com.miui.compass,com.qiyi.video.pad,com.youku.pad,cn.com.langeasy.LangEasyLexis,com.abxsss.app,com.bigsea.bsfilms,com.starrysky.ssfilms,com.korean.tv,com.hengxing.hxfilms,io.legado.app.release,com.digua.dgptfilms,com.qihoo360.mobilesafe,com.qq.reader'
koto_intl/fps_local.config	fps_smart_group.list60	'tv.danmaku.bili,com.ss.android.article.news,com.dts.freefireth,com.tencent.ig,com.mobile.legends,com.tencent.tmgp.sgame,com.tencent.tmgp.pubgmhd,com.tencent.lolm,com.tencent.tmgp.speedmobile,com.tencent.tmgp.cf,com.tencent.tmgp.cod,com.miHoYo.ys.mi,com.miHoYo.Yuanshen,com.tencent.jkchess,com.happyelements.AndroidAnimal,com.netease.party,com.netease.party.mi,com.netease.cloudmusic,com.autonavi.minimap,com.tencent.wemeet.app,com.dragon.read,com.whatsapp,com.facebook.katana,com.instagram.android,com.android.chrome,com.facebook.orca,com.facebook.lite,com.google.android.googlequicksearchbox,com.truecaller,org.telegram.messenger,com.gbwhatsapp,com.vkontakte.android,com.whatsapp.w4b,in.startv.hotstar,in.startv.hotstaronly,com.snapchat.android,com.viber.voip,com.google.android.apps.maps,com.vanced.android.youtube,com.google.android.apps.docs,com.twitter.android,com.android.vending,us.zoom.videomeetings,com.google.android.gm,in.mohalla.sharechat,com.imo.android.imoim,ru.yandex.searchplugin,com.nemo.vidmate,com.kwai.video,ru.ok.android,com.google.android.apps.tachyon,jp.naver.line.android,com.yandex.browser,com.shopee.id,com.microsoft.teams,com.funnypuri.client,org.telegram.plus,cn.wps.moffice_eng,com.jio.jioplay.tv,com.discord,wp.wattpad,com.google.android.apps.youtube.music,com.spotify.music,com.flipkart.android,com.waze,com.zing.zalo,com.fmwhatsapp,com.lemon.lvoverseas,ru.yandex.yandexnavi,com.meesho.supply,com.UCMobile.intl,com.pinterest,com.app.dream11Pro,com.tv.v18.viola,ru.yandex.taximeter,com.yowhatsapp,com.WhatsApp2Plus,com.graymatrix.did,com.avito.android,com.opera.browser,com.phonepe.app,video.tiki,com.opera.mini.native,com.lazada.android,com.alibaba.aliexpresshd,trendyol.com,org.videolan.vlc,in.amazon.mShop.android.shopping,com.firsttouchgames.dls7,com.aero,ir.medu.shad,org.xbet.client1,com.binance.dev,com.lenovo.anyshare.gps,com.next.innovation.takatak,com.google.android.apps.nbu.paisa.user,com.wildberries.ru,video.like,com.imo.android.imoimbeta,com.kwai.kuaishou.video.live,com.eterno,com.amazon.mShop.android.shopping,com.moonvideo.android.resso,com.google.android.apps.translate,com.google.android.apps.classroom,com.imo.android.imoimhd,com.microsoft.office.outlook,com.camerasideas.instashot,com.ubercab.driver,ir.ilmili.telegraph,com.prisbank.app,com.starmakerinteractive.starmaker,free.tube.premium.advanced.tuber,com.gojek.partner,com.facebook.mlite,mobi.mangatoon.novel,mobi.mangatoon.novel.portuguese,com.brave.browser,com.sonyliv,sg.bigo.live,com.michatapp.im,com.nexstreaming.app.kinemasterfree,in.mohalla.video.lite,com.shopee.br,com.obwhatsapp,com.mercadolibre,com.zzkko,net.one97.paytm,org.mozilla.firefox,com.cardfeed.video_public,com.tinder,com.naver.linewebtoon,world.social.group.video.share,im.thebot.messenger,com.adv.videoplayer.app,com.picsart.studio,com.instapro.android,com.linkedin.android,com.pratilipi.mobile.android,com.huya.nimo,com.tencent.qqlivei18n,com.duolingo,com.whereismytrain.android,com.whereismytraingadi.trainstatus.livetrainlocation,com.alightcreative.motion,com.grindrapp.android,com.disney.disneyplus,com.shopee.my,com.uc.browser.en,com.iqiyi.i18n,com.adobe.reader,ru.ozon.app.android,com.reddit.frontpage,com.hbo.hbonow,ru.yandex.yandexmaps,com.yy.hiyo,com.wrx.wazirx,com.duokan.phone.remotecontroller,com.perm.kate_new_6,com.shopee.ph,org.jw.jwlibrary.mobile,ir.resaneh1.iptv,video.player.videoplayer,com.instagram.lite,com.jio.myjio,com.vidio.android,com.tokopedia.tkpd,com.unacademyapp,re.sova.five,com.msf.angelmobile,com.eterno.shortvideos,com.ak.ta.dainikbhaskar.activity,com.badoo.mobile,com.skype.raider,com.google.android.apps.magazines,jp.ne.ibis.ibispaintx.app,sinet.startup.inDriver,com.gbwhatsapp3,com.myntra.android,com.offshore.pikashow,ru.dublgis.dgismobile,com.sahibinden,com.dywx.larkplayer,co.brainly,com.bsbportal.music,com.mxtech.videoplayer.beta,org.thunderdog.challegram,com.litatom.app,com.sec.android.app.sbrowser,com.flatfish.cal.privacy,com.maleo.bussimulatorid,com.taxsee.driver,com.canva.editor,com.viki.android,com.instapro.app,com.vtosters.android,com.yandex.zen,com.ubercab,mobi.mangatoon.comics.aphone,com.jtwhatsapp,xyz.penpencil.physicswala,blackrussia.online,org.readera,com.cricbuzz.android,com.jio.media.jiobeats,com.nextbillion.groww,ir.divar,com.cisco.webex.meetings,org.thoughtcrime.securesms,org.vidogram.messenger,com.blueWAplus,com.instander.android,com.olacabs.oladriver,com.vuclip.viu,org.telegram.messenger.web,com.gojek.app,com.olx.southasia,com.youdao.hindict,com.grab.merchant,com.intsig.camscanner,com.amazon.mp3,com.shadow.blackhole,mrt.battery.health,com.pay4vend.pay4vend,idm.internet.download.manager,in.upstox.app,com.video.fun.app,com.application.zomato,com.schibsted.bomnegocio.androidApp,com.jio.media.ondemand,iflix.play,com.tencent.videolite.android,cn.amazon.mShop.android,com.android.incallui,com.facemoji.lite.xiaomi,com.android.deskclock,com.android.camera,com.miui.player,com.miui.android.fashiongallery,com.xiaomi.scanner,com.gallery.player'
koto_intl/fps_local.config	fps_smart_group.list90	''
koto_intl/fps_local.config	fps_group.list60	'com.dts.freefireth,com.tencent.ig,com.mobile.legends,com.tencent.tmgp.sgame,com.tencent.tmgp.pubgmhd,com.tencent.lolm,com.tencent.tmgp.speedmobile,com.tencent.tmgp.cf,com.tencent.tmgp.cod,com.miHoYo.ys.mi,com.miHoYo.Yuanshen,com.tencent.jkchess,com.happyelements.AndroidAnimal,com.netease.party,com.netease.party.mi,in.startv.hotstar,in.startv.hotstaronly,com.google.android.apps.maps,com.vanced.android.youtube,us.zoom.videomeetings,com.google.android.gm,in.mohalla.sharechat,ru.yandex.searchplugin,com.nemo.vidmate,com.kwai.video,com.gallery.player,com.funnypuri.client,com.jio.jioplay.tv,wp.wattpad,com.google.android.apps.youtube.music,com.spotify.music,com.waze,com.lemon.lvoverseas,ru.yandex.yandexnavi,com.tv.v18.viola,ru.yandex.taximeter,com.graymatrix.did,video.tiki,com.lazada.android,org.videolan.vlc,in.amazon.mShop.android.shopping,com.firsttouchgames.dls7,com.aero,com.lenovo.anyshare.gps,com.next.innovation.takatak,video.like,com.kwai.kuaishou.video.live,com.moonvideo.android.resso,com.starmakerinteractive.starmaker,free.tube.premium.advanced.tuber,mobi.mangatoon.novel,mobi.mangatoon.novel.portuguese,com.sonyliv,sg.bigo.live,com.nexstreaming.app.kinemasterfree,in.mohalla.video.lite,net.one97.paytm,com.cardfeed.video_public,com.tinder,com.naver.linewebtoon,world.social.group.video.share,com.adv.videoplayer.app,com.instapro.android,com.pratilipi.mobile.android,com.huya.nimo,com.tencent.qqlivei18n,com.disney.disneyplus,com.iqiyi.i18n,com.adobe.reader,ru.ozon.app.android,com.hbo.hbonow,ru.yandex.yandexmaps,com.wrx.wazirx,com.duokan.phone.remotecontroller,com.shopee.ph,org.jw.jwlibrary.mobile,ir.resaneh1.iptv,video.player.videoplayer,com.jio.myjio,com.vidio.android,com.eterno.shortvideos,com.skype.raider,com.google.android.apps.magazines,sinet.startup.inDriver,ru.dublgis.dgismobile,com.dywx.larkplayer,com.bsbportal.music,com.mxtech.videoplayer.beta,com.maleo.bussimulatorid,com.taxsee.driver,com.viki.android,mobi.mangatoon.comics.aphone,org.readera,com.jio.media.jiobeats,com.vuclip.viu,com.amazon.mp3,com.shadow.blackhole,com.video.fun.app,com.jio.media.ondemand,iflix.play,com.tencent.videolite.android,cn.amazon.mShop.android,com.android.incallui,com.android.camera,com.miui.android.fashiongallery,com.xiaomi.scanner'
koto_intl/fps_local.config	fps_group.list90	''
kunzite/fps_local.config	fps_smart_group.list60	''
kunzite/fps_local.config	fps_smart_group.list120	'com.tencent.mm,com.tencent.mobileqq,com.xunmeng.pinduoduo,com.ss.android.article.lite,com.baidu.searchbox,com.tencent.mtt,com.sina.weibo,com.xingin.xhs,com.taobao.live,com.jingdong.app.mall,com.quark.browser,cn.xuexi.android,com.alibaba.android.rimet,com.tencent.news,com.zhihu.android,com.baidu.searchbox.lite,com.sankuai.meituan,com.sup.android.superb,com.baidu.tieba,com.taobao.litetao,com.baidu.netdisk,com.hexin.plat.android,cn.xiaochuankeji.tieba,com.taobao.idlefish,com.tencent.wework,com.chaoxing.mobile,com.eastmoney.android.berlin,com.baidu.homework,com.jifen.qukan,cn.wps.moffice_eng,cn.soulapp.android,com.immomo.momo,com.yuncheapp.android.pearl,cn.xiaochuankeji.zuiyouLite,com.xunlei.downloadprovider,com.lemon.lv,com.netease.newsreader.activity,com.baidu.searchbox.tomas,com.achievo.vipshop,me.ele,com.lphtsccft,com.hpbr.bosszhipin,com.sogou.activity.src,com.hupu.games,com.handsgo.jiakao.android,com.douban.frodo,com.yidian.xiaomi,cn.youth.news,com.able.wisdomtree,com.sankuai.meituan.takeoutnew,com.meta.box,com.weico.international,com.ss.android.auto,com.example.xrk,com.tencent.qqsports,com.lofter.android,com.taobao.qianniu,com.xunmeng.merchant,com.tencent.qt.qtl,com.youdao.dict,com.alibaba.wireless,com.wuba,com.shizhuang.duapp,com.cashtoutiao,com.cainiao.wireless,com.android.dazhihui,com.facebook.katana,android.zhibo8,com.jiongji.andriod.card,com.gf.client,com.fenbi.android.servant,com.unionpay,com.soft.blued,com.cubic.autohome,com.maimemo.android.momo,com.kuaiduizuoye.scan,com.guotai.dazhihui,com.fenbi.android.zhaojiao,com.qihoo.browser,com.chinamworld.main,com.fenbi.android.solar,com.twitter.android,com.guzhen.xiucai,com.tencent.tim,com.glodon.drawingexplorer,com.dianping.v1,com.gotokeep.keep,com.icbc,com.ucmobile.lite,com.excelliance.dualaid,com.mt.mtxx.mtxx,com.t3go.driver,com.android.haitong,com.mihoyo.hyperion,com.hundsun.winner.pazq,com.ifeng.news2,mark.via,com.android.bankabc,com.p1.mobile.putong,me.yidui,com.hipu.yidian,com.smzdm.client.android,com.jxedt,com.shanbay.sentence,com.zxscnew,com.xueqiu.android,com.taptap,com.chinamworld.bocmbci,com.excean.gspace,com.tencent.gamehelper.smoba,com.galaxy.stock,cmb.pb,cn.com.langeasy.LangEasyLexis,com.sina.news,com.whatsapp,com.abxsss.app,com.tsingzone.questionbank,com.x8zs.sandbox,com.zjwh.android_wh_physicalfitness,com.sinovatech.unicom.ui,com.zjy.ykt,com.xt.retouch,com.zhaopin.social,com.wepie.weplay,com.qsmy.walkmonkey,com.MobileTicket,com.cmschina.stock,gov.pianzong.androidnga,com.sinyee.babybus.recommendapp,com.netease.edu.ucmooc,com.eastmoney.android.fund,com.kwai.videoeditor,com.miui.home,com.android.browser,com.miui.gallery,com.android.contacts,com.android.mms,com.xiaomi.mihomemanager,com.miui.newhome,com.miui.calculator,com.miui.securitycenter,com.android.settings,com.miui.weather2,com.miui.notes,com.miui.hybrid,com.xiaomi.smarthome,com.xiaomi.shop,com.android.quicksearchbox,com.android.thememanager,com.android.fileexplorer,com.miui.voiceassist,com.android.phone,com.miui.notification,com.xiaomi.gamecenter,com.miui.securityadd,com.android.updater,com.xiaomi.account,com.xiaomi.vipaccount,com.miui.cloudservice,com.android.email,com.miui.personalassistant,com.ss.android.lark.kami,com.xiaomi.wearable,com.jeejen.family.miui,com.miui.securitycore,com.lbe.security.miui,com.xiaomi.youpin,com.mi.health,cn.wps.moffice_eng.xiaomi.lite,com.xiaomi.hm.health,com.xiaomi.misettings,com.mipay.wallet,com.miui.nextpay,com.miui.tsmclient,com.android.nfc'
kunzite/fps_local.config	fps_group.list60	''
kunzite/fps_local.config	fps_group.list120	'com.tencent.mm,com.ss.android.article.news,com.tencent.mobileqq,tv.danmaku.bili,com.xunmeng.pinduoduo,com.taobao.taobao,com.ss.android.article.lite,com.dragon.read,com.baidu.searchbox,com.UCMobile,com.tencent.mtt,com.kmxs.reader,com.eg.android.AlipayGphone,com.sina.weibo,com.xingin.xhs,com.taobao.live,com.jingdong.app.mall,com.sohu.inputmethod.sogou,com.quark.browser,cn.xuexi.android,com.alibaba.android.rimet,com.tencent.news,com.zhihu.android,com.baidu.searchbox.lite,com.iflytek.inputmethod,com.sankuai.meituan,com.sup.android.superb,com.kugou.android,com.netease.cloudmusic,com.baidu.tieba,com.taobao.litetao,com.lechuan.mdwz,com.tencent.karaoke,com.baidu.netdisk,com.hexin.plat.android,cn.xiaochuankeji.tieba,com.taobao.idlefish,com.qidian.QDReader,com.shuqi.controller,com.tencent.wework,com.tencent.qqmusic,com.duokan.free,com.chaoxing.mobile,com.qq.reader,com.yueyou.adreader,com.ximalaya.ting.android,com.eastmoney.android.berlin,com.tencent.weread,com.baidu.homework,com.jifen.qukan,cn.wps.moffice_eng,cn.soulapp.android,com.xs.fm,com.lechuan.mdxs,com.immomo.momo,com.yuncheapp.android.pearl,com.chaozh.iReader.dj,com.sankuai.meituan.dispatch.crowdsource,cn.xiaochuankeji.zuiyouLite,com.xunlei.downloadprovider,com.chaozh.iReaderFree,com.cootek.crazyreader,com.sankuai.meituan.meituanwaimaibusiness,com.lemon.lv,com.lalamove.huolala.driver,com.netease.newsreader.activity,com.faloo.BookReader4Android,com.jjwxc.reader,com.baidu.searchbox.tomas,com.achievo.vipshop,io.legado.app.release,me.ele,com.baidu.input,com.sankuai.meituan.dispatch.homebrew,com.lphtsccft,com.hpbr.bosszhipin,com.sogou.activity.src,com.hupu.games,com.cmcc.cmvideo,com.lwby.breader.ad,com.handsgo.jiakao.android,com.douban.frodo,com.yidian.xiaomi,com.snda.wifilocating,cn.youth.news,com.able.wisdomtree,com.duoduo.child.story,com.sankuai.meituan.takeoutnew,com.meta.box,com.weico.international,me.ele.crowdsource,com.ss.android.auto,com.alukaxi.bqshugg.blue,com.example.xrk,com.tencent.qqpinyin,com.flyersoft.seekbooks,me.ele.napos,com.tencent.qqsports,com.lofter.android,com.taobao.qianniu,com.xunmeng.merchant,com.tencent.qt.qtl,com.youdao.dict,com.jingyao.easybike,com.alibaba.wireless,cn.kuwo.player,com.wuba,com.shizhuang.duapp,com.kuaiyin.player,com.yiyou.ga,com.cashtoutiao,com.cainiao.wireless,com.android.dazhihui,com.facebook.katana,com.ninesixshop.say,com.tmri.app.main,android.zhibo8,com.jiongji.andriod.card,com.lechuan.midunovel,com.tmall.wireless,com.picacomic.fregata,com.gf.client,com.fenbi.android.servant,com.kuangxiangciweimao.novel,com.unionpay,com.soft.blued,com.sdu.didi.psnger,com.cubic.autohome,com.maimemo.android.momo,com.kuaiduizuoye.scan,com.guotai.dazhihui,com.fenbi.android.zhaojiao,com.qihoo.browser,com.qq.ac.android,com.chinamworld.main,com.bokecc.dance,com.fenbi.android.solar,com.twitter.android,com.guzhen.xiucai,com.tencent.tim,com.glodon.drawingexplorer,com.dianping.v1,com.duowan.mobile,com.gotokeep.keep,com.icbc,com.ucmobile.lite,com.excelliance.dualaid,com.mt.mtxx.mtxx,com.t3go.driver,com.android.haitong,com.kugou.android.elder,com.mihoyo.hyperion,com.hundsun.winner.pazq,com.ifeng.news2,mark.via,com.dongqiudi.news,com.android.bankabc,com.bilibili.comic,com.p1.mobile.putong,me.yidui,com.hipu.yidian,com.smzdm.client.android,com.huaxiaozhu.driver,com.jxedt,com.shanbay.sentence,com.kuaikan.comic,com.zxscnew,com.wondertek.miguaikan,com.xueqiu.android,com.taptap,com.chinamworld.bocmbci,com.excean.gspace,com.tencent.gamehelper.smoba,com.galaxy.stock,com.tencent.edu,com.jd.pingou,cmb.pb,cn.com.langeasy.LangEasyLexis,com.sina.news,com.whatsapp,com.tool.biqudaogexs,com.abxsss.app,com.tool.txtqbydq,com.tsingzone.questionbank,com.baidu.yuedu,com.x8zs.sandbox,com.relief.space.master.cleaner,com.ophone.reader.ui,com.zjwh.android_wh_physicalfitness,com.sinovatech.unicom.ui,com.zjy.ykt,com.xt.retouch,com.ishansong,com.zhaopin.social,com.wepie.weplay,com.qsmy.walkmonkey,com.ximalaya.ting.lite,com.MobileTicket,com.cmschina.stock,com.sfexpress.knight,gov.pianzong.androidnga,com.sinyee.babybus.recommendapp,com.mianfeizs.book,com.didapinche.booking,com.netease.edu.ucmooc,com.eastmoney.android.fund,com.kwai.videoeditor,com.jryg.driver,com.tadu.read,com.miui.home,com.sohu.inputmethod.sogou.xiaomi,com.android.browser,com.baidu.input_mi,com.android.deskclock,com.iflytek.inputmethod.miui,com.miui.gallery,com.android.contacts,com.duokan.reader,com.android.mms,com.xiaomi.mihomemanager,com.miui.newhome,com.miui.calculator,com.miui.securitycenter,com.android.settings,com.miui.weather2,com.xiaomi.market,com.miui.notes,com.miui.cleanmaster,com.android.calendar,com.miui.player,com.miui.hybrid,com.xiaomi.smarthome,com.xiaomi.shop,com.android.quicksearchbox,com.android.soundrecorder,com.android.thememanager,com.android.fileexplorer,com.miui.voiceassist,com.android.phone,com.miui.notification,com.xiaomi.gamecenter,com.miui.securityadd,com.android.updater,com.xiaomi.account,com.xiaomi.vipaccount,com.miui.fm,com.android.nfc,com.mipay.wallet,com.miui.yellowpage,com.miui.cloudservice,com.android.email,com.miui.personalassistant,com.android.providers.downloads,com.ss.android.lark.kami,com.miui.virtualsim,com.xiaomi.wearable,com.xiaomi.aiasst.service,com.jeejen.family.miui,com.miui.miservice,com.milink.service,com.miui.securitycore,com.miui.packageinstaller,com.lbe.security.miui,com.xiaomi.youpin,com.mi.health,cn.wps.moffice_eng.xiaomi.lite,com.xiaomi.hm.health,com.xiaomi.misettings,com.miui.nextpay,com.miui.tsmclient'
kunzite_id/fps_local.config	fps_smart_group.list60	''
kunzite_id/fps_local.config	fps_smart_group.list120	'org.telegram.messenger,com.google.android.inputmethod.latin,com.mint.keyboard,com.touchtype.swiftkey,com.google.android.apps.inputmethod.hindi,com.tencent.mm,com.celltick.lockscreen,com.clusterdev.malayalamkeyboard,com.microsoft.office.word,com.bit.androsmart.kbinapp,com.emoji.coolkeyboard,com.simejikeyboard,com.ziipin.softkeyboard.saudi,com.vng.inputmethod.labankey,site.realanime.animlov.animlov,com.hamrokeyboard,com.fontskeyboard.fonts,com.teslacoilsw.launcher,com.android.htmlviewer,com.hsv.freeadblockerbrowser,lk.bhasha.helakuru,com.microsoft.office.officehubrow,sun.way2sms.hyd.com,com.hb.dialer.free,net.metaquotes.metatrader4,info.sunista.app,com.google.android.packageinstaller,com.jb.emoji.gokeyboard,com.ziipin.softkeyboard.dz,com.miui.home,com.android.browser,com.miui.gallery,com.android.contacts,com.android.mms,com.xiaomi.mihomemanager,com.miui.newhome,com.miui.calculator,com.miui.securitycenter,com.android.settings,com.miui.weather2,com.miui.notes,com.miui.hybrid,com.xiaomi.smarthome,com.xiaomi.shop,com.android.quicksearchbox,com.android.thememanager,com.android.fileexplorer,com.miui.voiceassist,com.android.phone,com.miui.notification,com.xiaomi.gamecenter,com.miui.securityadd,com.android.updater,com.xiaomi.account,com.xiaomi.vipaccount,com.miui.cloudservice,com.android.email,com.miui.personalassistant,com.ss.android.lark.kami,com.xiaomi.wearable,com.jeejen.family.miui,com.miui.securitycore,com.lbe.security.miui,com.xiaomi.youpin,com.mi.health,cn.wps.moffice_eng.xiaomi.lite,com.xiaomi.hm.health,com.google.android.apps.messaging,com.android.deskclock,com.android.soundrecorder,com.xiaomi.calendar,com.milink.service,com.xiaomi.misettings,com.mi.android.globallauncher'
kunzite_id/fps_local.config	fps_group.list60	''
kunzite_id/fps_local.config	fps_group.list120	'com.whatsapp,com.facebook.katana,com.instagram.android,com.android.chrome,com.google.android.inputmethod.latin,com.facebook.orca,com.facebook.lite,com.google.android.googlequicksearchbox,com.truecaller,org.telegram.messenger,com.gbwhatsapp,com.vkontakte.android,com.whatsapp.w4b,com.snapchat.android,com.viber.voip,com.google.android.apps.docs,com.twitter.android,com.android.vending,com.imo.android.imoim,com.mint.keyboard,ru.ok.android,com.google.android.apps.tachyon,jp.naver.line.android,com.yandex.browser,com.shopee.id,com.microsoft.teams,org.telegram.plus,cn.wps.moffice_eng,com.discord,com.flipkart.android,com.touchtype.swiftkey,com.zing.zalo,com.fmwhatsapp,com.meesho.supply,com.UCMobile.intl,com.pinterest,com.app.dream11Pro,com.yowhatsapp,com.WhatsApp2Plus,com.avito.android,com.opera.browser,com.phonepe.app,com.opera.mini.native,com.alibaba.aliexpresshd,trendyol.com,com.google.android.apps.inputmethod.hindi,ir.medu.shad,org.xbet.client1,com.binance.dev,com.tencent.mm,com.google.android.apps.nbu.paisa.user,com.wildberries.ru,com.imo.android.imoimbeta,com.eterno,com.amazon.mShop.android.shopping,com.google.android.apps.translate,com.google.android.apps.classroom,com.imo.android.imoimhd,com.microsoft.office.outlook,com.celltick.lockscreen,com.camerasideas.instashot,com.ubercab.driver,ir.ilmili.telegraph,com.prisbank.app,com.clusterdev.malayalamkeyboard,com.gojek.partner,com.facebook.mlite,com.brave.browser,com.michatapp.im,com.shopee.br,com.obwhatsapp,com.mercadolibre,com.microsoft.office.word,com.zzkko,org.mozilla.firefox,com.bit.androsmart.kbinapp,com.emoji.coolkeyboard,im.thebot.messenger,com.picsart.studio,com.simejikeyboard,com.linkedin.android,com.duolingo,com.whereismytrain.android,com.whereismytraingadi.trainstatus.livetrainlocation,com.alightcreative.motion,com.grindrapp.android,com.shopee.my,com.uc.browser.en,com.ziipin.softkeyboard.saudi,com.vng.inputmethod.labankey,com.reddit.frontpage,com.yy.hiyo,site.realanime.animlov.animlov,com.perm.kate_new_6,com.instagram.lite,com.tokopedia.tkpd,com.unacademyapp,re.sova.five,com.msf.angelmobile,com.ak.ta.dainikbhaskar.activity,com.badoo.mobile,jp.ne.ibis.ibispaintx.app,com.gbwhatsapp3,com.myntra.android,com.offshore.pikashow,com.hamrokeyboard,com.sahibinden,com.fontskeyboard.fonts,co.brainly,org.thunderdog.challegram,com.litatom.app,com.sec.android.app.sbrowser,com.flatfish.cal.privacy,com.canva.editor,com.instapro.app,com.vtosters.android,com.yandex.zen,com.ubercab,com.jtwhatsapp,xyz.penpencil.physicswala,com.teslacoilsw.launcher,com.android.htmlviewer,blackrussia.online,com.cricbuzz.android,com.nextbillion.groww,ir.divar,com.cisco.webex.meetings,com.hsv.freeadblockerbrowser,lk.bhasha.helakuru,com.microsoft.office.officehubrow,sun.way2sms.hyd.com,org.thoughtcrime.securesms,org.vidogram.messenger,com.blueWAplus,com.hb.dialer.free,com.instander.android,net.metaquotes.metatrader4,com.olacabs.oladriver,info.sunista.app,org.telegram.messenger.web,com.gojek.app,com.olx.southasia,com.youdao.hindict,com.google.android.packageinstaller,com.grab.merchant,com.intsig.camscanner,com.jb.emoji.gokeyboard,com.ziipin.softkeyboard.dz,mrt.battery.health,com.pay4vend.pay4vend,idm.internet.download.manager,in.upstox.app,com.application.zomato,com.schibsted.bomnegocio.androidApp,com.miui.home,com.sohu.inputmethod.sogou.xiaomi,com.android.browser,com.baidu.input_mi,com.android.deskclock,com.iflytek.inputmethod.miui,com.miui.gallery,com.android.contacts,com.duokan.reader,com.android.mms,com.xiaomi.mihomemanager,com.miui.newhome,com.miui.calculator,com.miui.securitycenter,com.android.settings,com.miui.weather2,com.xiaomi.market,com.miui.notes,com.miui.cleanmaster,com.android.calendar,com.miui.player,com.miui.hybrid,com.xiaomi.smarthome,com.xiaomi.shop,com.android.quicksearchbox,com.android.soundrecorder,com.android.thememanager,com.android.fileexplorer,com.miui.voiceassist,com.android.phone,com.miui.notification,com.xiaomi.gamecenter,com.miui.securityadd,com.android.updater,com.xiaomi.account,com.xiaomi.vipaccount,com.miui.fm,com.android.nfc,com.mipay.wallet,com.miui.yellowpage,com.miui.cloudservice,com.android.email,com.miui.personalassistant,com.android.providers.downloads,com.ss.android.lark.kami,com.miui.virtualsim,com.xiaomi.wearable,com.xiaomi.aiasst.service,com.jeejen.family.miui,com.miui.miservice,com.milink.service,com.miui.securitycore,com.miui.packageinstaller,com.lbe.security.miui,com.xiaomi.youpin,com.mi.health,cn.wps.moffice_eng.xiaomi.lite,com.xiaomi.hm.health,com.google.android.apps.messaging,com.xiaomi.calendar,com.xiaomi.misettings,com.mi.android.globallauncher'
kunzite_intl/fps_local.config	fps_smart_group.list60	''
kunzite_intl/fps_local.config	fps_smart_group.list120	'com.whatsapp.w4b,org.telegram.messenger,com.whatsapp,com.google.android.inputmethod.latin,com.mint.keyboard,com.touchtype.swiftkey,com.google.android.apps.inputmethod.hindi,com.tencent.mm,com.celltick.lockscreen,com.clusterdev.malayalamkeyboard,com.microsoft.office.word,com.bit.androsmart.kbinapp,com.emoji.coolkeyboard,com.simejikeyboard,com.ziipin.softkeyboard.saudi,com.vng.inputmethod.labankey,site.realanime.animlov.animlov,com.hamrokeyboard,com.fontskeyboard.fonts,com.teslacoilsw.launcher,com.android.htmlviewer,com.hsv.freeadblockerbrowser,lk.bhasha.helakuru,com.microsoft.office.officehubrow,sun.way2sms.hyd.com,com.hb.dialer.free,net.metaquotes.metatrader4,info.sunista.app,com.google.android.packageinstaller,com.jb.emoji.gokeyboard,com.ziipin.softkeyboard.dz,com.miui.home,com.android.browser,com.miui.gallery,com.android.contacts,com.android.mms,com.xiaomi.mihomemanager,com.miui.newhome,com.miui.calculator,com.miui.securitycenter,com.android.settings,com.miui.weather2,com.miui.notes,com.miui.hybrid,com.xiaomi.smarthome,com.xiaomi.shop,com.android.quicksearchbox,com.android.thememanager,com.android.fileexplorer,com.miui.voiceassist,com.android.phone,com.miui.notification,com.xiaomi.gamecenter,com.miui.securityadd,com.android.updater,com.xiaomi.account,com.xiaomi.vipaccount,com.miui.cloudservice,com.android.email,com.miui.personalassistant,com.ss.android.lark.kami,com.xiaomi.wearable,com.jeejen.family.miui,com.miui.securitycore,com.lbe.security.miui,com.xiaomi.youpin,com.mi.health,cn.wps.moffice_eng.xiaomi.lite,com.xiaomi.hm.health,com.google.android.apps.messaging,com.android.deskclock,com.android.soundrecorder,com.xiaomi.calendar,com.milink.service,com.xiaomi.misettings,com.mi.android.globallauncher,com.mipay.wallet,com.miui.nextpay,com.miui.tsmclient,com.android.nfc,com.tencent.mtt'
kunzite_intl/fps_local.config	fps_group.list60	''
kunzite_intl/fps_local.config	fps_group.list120	'com.whatsapp,com.facebook.katana,com.instagram.android,com.android.chrome,com.google.android.inputmethod.latin,com.facebook.orca,com.facebook.lite,com.google.android.googlequicksearchbox,com.truecaller,org.telegram.messenger,com.gbwhatsapp,com.vkontakte.android,com.whatsapp.w4b,com.snapchat.android,com.viber.voip,com.google.android.apps.docs,com.twitter.android,com.android.vending,com.imo.android.imoim,com.mint.keyboard,ru.ok.android,com.google.android.apps.tachyon,jp.naver.line.android,com.yandex.browser,com.shopee.id,com.microsoft.teams,org.telegram.plus,cn.wps.moffice_eng,com.discord,com.flipkart.android,com.touchtype.swiftkey,com.zing.zalo,com.fmwhatsapp,com.meesho.supply,com.UCMobile.intl,com.pinterest,com.app.dream11Pro,com.yowhatsapp,com.WhatsApp2Plus,com.avito.android,com.opera.browser,com.phonepe.app,com.opera.mini.native,com.alibaba.aliexpresshd,trendyol.com,com.google.android.apps.inputmethod.hindi,ir.medu.shad,org.xbet.client1,com.binance.dev,com.tencent.mm,com.google.android.apps.nbu.paisa.user,com.wildberries.ru,com.imo.android.imoimbeta,com.eterno,com.amazon.mShop.android.shopping,com.google.android.apps.translate,com.google.android.apps.classroom,com.imo.android.imoimhd,com.microsoft.office.outlook,com.celltick.lockscreen,com.camerasideas.instashot,com.ubercab.driver,ir.ilmili.telegraph,com.prisbank.app,com.clusterdev.malayalamkeyboard,com.gojek.partner,com.facebook.mlite,com.brave.browser,com.michatapp.im,com.shopee.br,com.obwhatsapp,com.mercadolibre,com.microsoft.office.word,com.zzkko,org.mozilla.firefox,com.bit.androsmart.kbinapp,com.emoji.coolkeyboard,im.thebot.messenger,com.picsart.studio,com.simejikeyboard,com.linkedin.android,com.duolingo,com.whereismytrain.android,com.whereismytraingadi.trainstatus.livetrainlocation,com.alightcreative.motion,com.grindrapp.android,com.shopee.my,com.uc.browser.en,com.ziipin.softkeyboard.saudi,com.vng.inputmethod.labankey,com.reddit.frontpage,com.yy.hiyo,site.realanime.animlov.animlov,com.perm.kate_new_6,com.instagram.lite,com.tokopedia.tkpd,com.unacademyapp,re.sova.five,com.msf.angelmobile,com.ak.ta.dainikbhaskar.activity,com.badoo.mobile,jp.ne.ibis.ibispaintx.app,com.gbwhatsapp3,com.myntra.android,com.offshore.pikashow,com.hamrokeyboard,com.sahibinden,com.fontskeyboard.fonts,co.brainly,org.thunderdog.challegram,com.litatom.app,com.sec.android.app.sbrowser,com.flatfish.cal.privacy,com.canva.editor,com.instapro.app,com.vtosters.android,com.yandex.zen,com.ubercab,com.jtwhatsapp,xyz.penpencil.physicswala,com.teslacoilsw.launcher,com.android.htmlviewer,blackrussia.online,com.cricbuzz.android,com.nextbillion.groww,ir.divar,com.cisco.webex.meetings,com.hsv.freeadblockerbrowser,lk.bhasha.helakuru,com.microsoft.office.officehubrow,sun.way2sms.hyd.com,org.thoughtcrime.securesms,org.vidogram.messenger,com.blueWAplus,com.hb.dialer.free,com.instander.android,net.metaquotes.metatrader4,com.olacabs.oladriver,info.sunista.app,org.telegram.messenger.web,com.gojek.app,com.olx.southasia,com.youdao.hindict,com.google.android.packageinstaller,com.grab.merchant,com.intsig.camscanner,com.jb.emoji.gokeyboard,com.ziipin.softkeyboard.dz,mrt.battery.health,com.pay4vend.pay4vend,idm.internet.download.manager,in.upstox.app,com.application.zomato,com.schibsted.bomnegocio.androidApp,com.miui.home,com.sohu.inputmethod.sogou.xiaomi,com.android.browser,com.baidu.input_mi,com.android.deskclock,com.iflytek.inputmethod.miui,com.miui.gallery,com.android.contacts,com.duokan.reader,com.android.mms,com.xiaomi.mihomemanager,com.miui.newhome,com.miui.calculator,com.miui.securitycenter,com.android.settings,com.miui.weather2,com.xiaomi.market,com.miui.notes,com.miui.cleanmaster,com.android.calendar,com.miui.player,com.miui.hybrid,com.xiaomi.smarthome,com.xiaomi.shop,com.android.quicksearchbox,com.android.soundrecorder,com.android.thememanager,com.android.fileexplorer,com.miui.voiceassist,com.android.phone,com.miui.notification,com.xiaomi.gamecenter,com.miui.securityadd,com.android.updater,com.xiaomi.account,com.xiaomi.vipaccount,com.miui.fm,com.android.nfc,com.mipay.wallet,com.miui.yellowpage,com.miui.cloudservice,com.android.email,com.miui.personalassistant,com.android.providers.downloads,com.ss.android.lark.kami,com.miui.virtualsim,com.xiaomi.wearable,com.xiaomi.aiasst.service,com.jeejen.family.miui,com.miui.miservice,com.milink.service,com.miui.securitycore,com.miui.packageinstaller,com.lbe.security.miui,com.xiaomi.youpin,com.mi.health,cn.wps.moffice_eng.xiaomi.lite,com.xiaomi.hm.health,com.google.android.apps.messaging,com.xiaomi.calendar,com.xiaomi.misettings,com.mi.android.globallauncher,com.miui.nextpay,com.miui.tsmclient,com.tencent.mtt'
lake/fps_local.config	fps_smart_group.list90	'com.miui.home,com.miui.gallery,com.android.mms,com.android.contacts,com.android.settings,com.miui.weather2,com.miui.notes,com.android.fileexplorer,com.xiaomi.misettings'
lake/fps_local.config	fps_group.list90	'com.miui.home,com.miui.gallery,com.android.mms,com.miui.weather2,com.android.calendar,com.mfashiongallery.emag,com.miui.notes,com.android.fileexplorer,com.sdu.didi.gsui'
lake/fps_local.config	fps_group.list120	'com.android.deskclock,com.android.contacts,com.miui.calculator,com.android.settings,com.xiaomi.misettings'
lake_intl/fps_local.config	fps_smart_group.list90	'com.miui.home,com.google.android.contacts,com.android.settings,com.miui.player,com.android.thememanager,com.mi.android.globalFileexplorer,com.miui.weather2,com.whatsapp,org.telegram.messenger,com.xiaomi.misettings,com.milink.service,com.miui.notification'
lake_intl/fps_local.config	fps_group.list90	'com.miui.home,com.google.android.contacts,com.miui.player,com.android.soundrecorder,com.android.thememanager,com.mi.android.globalFileexplorer,com.miui.weather2,com.whatsapp,org.telegram.messenger,com.milink.service,com.miui.notification'
lake_intl/fps_local.config	fps_group.list120	'com.google.android.apps.messaging,com.android.settings,com.android.deskclock,com.miui.calculator,com.xiaomi.misettings'
lapis/fps_local.config	fps_smart_group.list60	'com.tool.biqudaogexs,com.miui.cit,com.xiaomi.calendar,com.android.incallui,com.jifrzw.amdbfnl.emcvakz,com.baidu.input_mi,com.android.deskclock,com.duokan.reader,com.android.camera,com.xiaomi.market,com.mfashiongallery.emag,com.miui.player,com.android.soundrecorder,com.miui.fm,com.miui.huanji,com.xiaomi.scanner,com.miui.yellowpage,com.android.providers.downloads,com.xiaomi.aiasst.service,com.miui.miservice,com.miui.compass,com.milink.service,com.miui.packageinstaller,tv.danmaku.bili,com.dragon.read,com.kmxs.reader,com.eg.android.AlipayGphone,com.kugou.android,com.netease.cloudmusic,com.tencent.karaoke,com.qidian.QDReader,com.shuqi.controller,com.tencent.qqmusic,com.duokan.free,com.qq.reader,com.yueyou.adreader,com.ximalaya.ting.android,com.tencent.weread,com.xs.fm,com.lechuan.mdxs,com.chaozh.iReader.dj,com.sankuai.meituan.dispatch.crowdsource,com.chaozh.iReaderFree,com.cootek.crazyreader,com.lalamove.huolala.driver,com.faloo.BookReader4Android,com.jjwxc.reader,io.legado.app.release,com.sankuai.meituan.dispatch.homebrew,com.cmcc.cmvideo,com.lwby.breader.ad,com.snda.wifilocating,com.duoduo.child.story,me.ele.crowdsource,com.alukaxi.bqshugg.blue,com.flyersoft.seekbooks,me.ele.napos,com.jingyao.easybike,cn.kuwo.player,com.kuaiyin.player,com.yiyou.ga,com.ninesixshop.say,com.tmri.app.main,com.lechuan.midunovel,com.tmall.wireless,com.picacomic.fregata,com.kuangxiangciweimao.novel,com.sdu.didi.psnger,com.qq.ac.android,com.bokecc.dance,com.duowan.mobile,com.kugou.android.elder,com.dongqiudi.news,com.bilibili.comic,com.huaxiaozhu.driver,com.kuaikan.comic,com.wondertek.miguaikan,com.tencent.edu,com.jd.jdlite,com.biquge.booknovel,com.tool.txtqbydq,com.baidu.yuedu,com.relief.space.master.cleaner,com.ophone.reader.ui,com.ishansong,com.ximalaya.ting.lite,com.sfexpress.knight,com.mianfeizs.book,com.didapinche.booking,com.jryg.driver,com.tadu.read,com.autonavi.minimap,com.sdu.didi.gsui,com.baidu.BaiduMap,com.tencent.wemeet.app,com.tencent.map,com.ifreetalk.ftalk,com.kuaidi.daijia.driver,com.xiwei.logistics,com.xinchuzu.driver,com.gallery.player,com.android.providers.downloads.ui,com.taobao.taobao,com.UCMobile,com.xunmeng.pinduoduo,com.taobao.live,com.jingdong.app.mall,com.taobao.litetao,com.taobao.idlefish,com.achievo.vipshop,com.shizhuang.duapp,com.qihoo.browser,com.quark.browser,com.sankuai.meituan.takeoutnew,com.alibaba.wireless,com.unionpay,com.smzdm.client.android'
lapis/fps_local.config	fps_group.list60	'com.autonavi.minimap,com.tencent.map,com.android.camera,com.mfashiongallery.emag,com.miui.huanji,com.xiaomi.scanner,com.miui.compass,com.tencent.wemeet.app'
lapis_id/fps_local.config	fps_smart_group.list60	'com.groww,com.launcher.brgame,ru.zen.android,com.hiyo.live,com.LiveIndianTrainStatus,com.artstudio.picsartstudio,com.xiaomi.mipicks,com.facebook.lite,anyshare.sharefiles.sharemusic.shareapps.filetransfer,ru.yandex.taxi,com.google.android.dialer,com.sohu.inputmethod.sogou.xiaomi,com.baidu.input_mi,com.android.deskclock,com.iflytek.inputmethod.miui,com.duokan.reader,com.android.camera,com.xiaomi.market,com.miui.cleanmaster,com.mfashiongallery.emag,com.android.calendar,com.miui.player,com.android.soundrecorder,com.miui.tsmclient,com.miui.fm,com.miui.huanji,com.android.nfc,com.xiaomi.scanner,com.mipay.wallet,com.miui.yellowpage,com.android.providers.downloads,com.miui.virtualsim,com.xiaomi.aiasst.service,com.miui.miservice,com.miui.compass,com.milink.service,com.miui.packageinstaller,com.google.android.googlequicksearchbox,com.truecaller,com.viber.voip,com.google.android.apps.maps,com.google.android.apps.docs,com.android.vending,us.zoom.videomeetings,com.google.android.gm,com.imo.android.imoim,ru.yandex.searchplugin,ru.ok.android,com.yandex.browser,com.shopee.id,com.microsoft.teams,org.telegram.plus,cn.wps.moffice_eng,com.discord,wp.wattpad,com.google.android.apps.youtube.music,com.spotify.music,com.flipkart.android,com.waze,com.zing.zalo,com.fmwhatsapp,com.lemon.lvoverseas,ru.yandex.yandexnavi,com.meesho.supply,com.UCMobile.intl,com.pinterest,com.app.dream11Pro,com.yowhatsapp,com.WhatsApp2Plus,com.avito.android,com.opera.browser,com.phonepe.app,com.opera.mini.native,com.lazada.android,com.alibaba.aliexpresshd,trendyol.com,in.amazon.mShop.android.shopping,com.firsttouchgames.dls7,ir.medu.shad,org.xbet.client1,com.binance.dev,com.google.android.apps.nbu.paisa.user,com.wildberries.ru,com.imo.android.imoimbeta,com.eterno,com.amazon.mShop.android.shopping,com.moonvideo.android.resso,com.google.android.apps.translate,com.google.android.apps.classroom,com.imo.android.imoimhd,com.microsoft.office.outlook,com.camerasideas.instashot,com.ubercab.driver,ir.ilmili.telegraph,ru.sberbankmobile,com.prisbank.app,com.starmakerinteractive.starmaker,com.gojek.partner,com.facebook.mlite,mobi.mangatoon.novel,mobi.mangatoon.novel.portuguese,com.brave.browser,sg.bigo.live,com.michatapp.im,com.nexstreaming.app.kinemasterfree,com.shopee.br,com.obwhatsapp,com.mercadolibre,com.zzkko,net.one97.paytm,com.google.android.apps.tachyon,org.mozilla.firefox,com.tinder,com.naver.linewebtoon,im.thebot.messenger,com.instapro.android,com.linkedin.android,com.pratilipi.mobile.android,com.huya.nimo,com.duolingo,com.whereismytrain.android,com.alightcreative.motion,com.grindrapp.android,com.shopee.my,com.uc.browser.en,com.adobe.reader,ru.ozon.app.android,com.reddit.frontpage,ru.yandex.yandexmaps,com.wrx.wazirx,com.duokan.phone.remotecontroller,com.perm.kate_new_6,com.shopee.ph,org.jw.jwlibrary.mobile,com.instagram.lite,com.tokopedia.tkpd,com.unacademyapp,re.sova.five,com.msf.angelmobile,com.ak.ta.dainikbhaskar.activity,com.badoo.mobile,com.google.android.apps.magazines,jp.ne.ibis.ibispaintx.app,sinet.startup.inDriver,com.gbwhatsapp3,com.myntra.android,com.offshore.pikashow,ru.dublgis.dgismobile,com.sahibinden,com.dywx.larkplayer,co.brainly,com.bsbportal.music,org.thunderdog.challegram,com.litatom.app,com.sec.android.app.sbrowser,com.flatfish.cal.privacy,com.maleo.bussimulatorid,com.taxsee.driver,com.canva.editor,com.instapro.app,com.vtosters.android,com.ubercab,mobi.mangatoon.comics.aphone,com.jtwhatsapp,xyz.penpencil.physicswala,org.readera,com.cricbuzz.android,ir.divar,com.cisco.webex.meetings,org.thoughtcrime.securesms,org.vidogram.messenger,com.blueWAplus,com.instander.android,com.olacabs.oladriver,org.telegram.messenger.web,com.gojek.app,com.olx.southasia,com.youdao.hindict,com.grab.merchant,com.intsig.camscanner,com.amazon.mp3,com.shadow.blackhole,mrt.battery.health,com.pay4vend.pay4vend,idm.internet.download.manager,in.upstox.app,com.application.zomato,com.schibsted.bomnegocio.androidApp,com.google.android.youtube,com.zhiliaoapp.musically,com.ss.android.ugc.trill,com.mxtech.videoplayer.ad,com.netflix.mediaclient,in.startv.hotstar,in.startv.hotstaronly,com.zhiliaoapp.musically.go,com.vanced.android.youtube,com.playit.videoplayer,in.mohalla.sharechat,com.nemo.vidmate,com.kwai.video,com.gallery.player,in.mohalla.video,com.funnypuri.client,com.jio.jioplay.tv,com.kwai.bulldog,com.google.android.apps.youtube.kids,com.amazon.avod.thirdpartyclient,tv.twitch.android.app,com.tv.v18.viola,com.graymatrix.did,com.google.android.apps.youtube.mango,video.tiki,org.videolan.vlc,com.aero,com.next.innovation.takatak,video.like,com.kwai.kuaishou.video.live,free.tube.premium.advanced.tuber,com.sonyliv,in.mohalla.video.lite,com.cardfeed.video_public,world.social.group.video.share,com.adv.videoplayer.app,com.bstar.intl,com.ss.android.ugc.aweme,com.tencent.qqlivei18n,com.disney.disneyplus,com.iqiyi.i18n,com.hbo.hbonow,ir.resaneh1.iptv,video.player.videoplayer,com.jio.myjio,com.vidio.android,com.eterno.shortvideos,com.skype.raider,in.startv.hotstar.dplus,com.mxtech.videoplayer.beta,com.viki.android,com.jio.media.jiobeats,com.vuclip.viu,com.video.fun.app,com.jio.media.ondemand,com.snapchat.android,com.whatsapp,com.android.chrome'
lapis_id/fps_local.config	fps_group.list60	'com.waze,com.maleo.bussimulatorid,com.firsttouchgames.dls7,wp.wattpad,com.google.android.dialer,com.android.incallui,com.android.camera,com.mfashiongallery.emag,com.miui.tsmclient,com.miui.huanji,com.xiaomi.scanner,com.miui.compass,us.zoom.videomeetings,sg.bigo.live,com.nexstreaming.app.kinemasterfree,com.google.android.apps.tachyon,com.instapro.android,com.huya.nimo,com.google.android.youtube,com.zhiliaoapp.musically,com.ss.android.ugc.trill,com.mxtech.videoplayer.ad,com.netflix.mediaclient,in.startv.hotstar,in.startv.hotstaronly,com.zhiliaoapp.musically.go,com.vanced.android.youtube,com.playit.videoplayer,in.mohalla.sharechat,com.nemo.vidmate,com.kwai.video,com.gallery.player,in.mohalla.video,com.funnypuri.client,com.jio.jioplay.tv,com.kwai.bulldog,com.google.android.apps.youtube.kids,com.amazon.avod.thirdpartyclient,tv.twitch.android.app,com.tv.v18.viola,com.graymatrix.did,com.google.android.apps.youtube.mango,video.tiki,org.videolan.vlc,com.aero,com.next.innovation.takatak,video.like,com.kwai.kuaishou.video.live,free.tube.premium.advanced.tuber,com.sonyliv,in.mohalla.video.lite,com.cardfeed.video_public,world.social.group.video.share,com.adv.videoplayer.app,com.bstar.intl,com.ss.android.ugc.aweme,com.tencent.qqlivei18n,com.disney.disneyplus,com.iqiyi.i18n,com.hbo.hbonow,ir.resaneh1.iptv,video.player.videoplayer,com.jio.myjio,com.vidio.android,com.eterno.shortvideos,com.skype.raider,in.startv.hotstar.dplus,com.mxtech.videoplayer.beta,com.viki.android,com.jio.media.jiobeats,com.vuclip.viu,com.video.fun.app,com.jio.media.ondemand'
lapis_intl/fps_local.config	fps_smart_group.list60	'com.groww,com.launcher.brgame,ru.zen.android,com.hiyo.live,com.LiveIndianTrainStatus,com.artstudio.picsartstudio,com.xiaomi.mipicks,com.facebook.lite,anyshare.sharefiles.sharemusic.shareapps.filetransfer,ru.yandex.taxi,com.google.android.dialer,com.sohu.inputmethod.sogou.xiaomi,com.baidu.input_mi,com.android.deskclock,com.iflytek.inputmethod.miui,com.duokan.reader,com.android.camera,com.xiaomi.market,com.miui.cleanmaster,com.mfashiongallery.emag,com.android.calendar,com.miui.player,com.android.soundrecorder,com.miui.fm,com.miui.huanji,com.xiaomi.scanner,com.miui.yellowpage,com.android.providers.downloads,com.miui.virtualsim,com.xiaomi.aiasst.service,com.miui.miservice,com.miui.compass,com.milink.service,com.miui.packageinstaller,com.google.android.googlequicksearchbox,com.truecaller,com.viber.voip,com.google.android.apps.maps,com.google.android.apps.docs,com.android.vending,us.zoom.videomeetings,com.google.android.gm,com.imo.android.imoim,ru.yandex.searchplugin,ru.ok.android,com.yandex.browser,com.shopee.id,com.microsoft.teams,org.telegram.plus,cn.wps.moffice_eng,com.discord,wp.wattpad,com.google.android.apps.youtube.music,com.spotify.music,com.flipkart.android,com.waze,com.zing.zalo,com.fmwhatsapp,com.lemon.lvoverseas,ru.yandex.yandexnavi,com.meesho.supply,com.UCMobile.intl,com.pinterest,com.app.dream11Pro,com.yowhatsapp,com.WhatsApp2Plus,com.avito.android,com.opera.browser,com.phonepe.app,com.opera.mini.native,com.lazada.android,com.alibaba.aliexpresshd,trendyol.com,in.amazon.mShop.android.shopping,com.firsttouchgames.dls7,ir.medu.shad,org.xbet.client1,com.binance.dev,com.google.android.apps.nbu.paisa.user,com.wildberries.ru,com.imo.android.imoimbeta,com.eterno,com.amazon.mShop.android.shopping,com.moonvideo.android.resso,com.google.android.apps.translate,com.google.android.apps.classroom,com.imo.android.imoimhd,com.microsoft.office.outlook,com.camerasideas.instashot,com.ubercab.driver,ir.ilmili.telegraph,ru.sberbankmobile,com.prisbank.app,com.starmakerinteractive.starmaker,com.gojek.partner,com.facebook.mlite,mobi.mangatoon.novel,mobi.mangatoon.novel.portuguese,com.brave.browser,sg.bigo.live,com.michatapp.im,com.nexstreaming.app.kinemasterfree,com.shopee.br,com.obwhatsapp,com.mercadolibre,com.zzkko,net.one97.paytm,com.google.android.apps.tachyon,org.mozilla.firefox,com.tinder,com.naver.linewebtoon,im.thebot.messenger,com.instapro.android,com.linkedin.android,com.pratilipi.mobile.android,com.huya.nimo,com.duolingo,com.whereismytrain.android,com.alightcreative.motion,com.grindrapp.android,com.shopee.my,com.uc.browser.en,com.adobe.reader,ru.ozon.app.android,com.reddit.frontpage,ru.yandex.yandexmaps,com.wrx.wazirx,com.duokan.phone.remotecontroller,com.perm.kate_new_6,com.shopee.ph,org.jw.jwlibrary.mobile,com.instagram.lite,com.tokopedia.tkpd,com.unacademyapp,re.sova.five,com.msf.angelmobile,com.ak.ta.dainikbhaskar.activity,com.badoo.mobile,com.google.android.apps.magazines,jp.ne.ibis.ibispaintx.app,sinet.startup.inDriver,com.gbwhatsapp3,com.myntra.android,com.offshore.pikashow,ru.dublgis.dgismobile,com.sahibinden,com.dywx.larkplayer,co.brainly,com.bsbportal.music,org.thunderdog.challegram,com.litatom.app,com.sec.android.app.sbrowser,com.flatfish.cal.privacy,com.maleo.bussimulatorid,com.taxsee.driver,com.canva.editor,com.instapro.app,com.vtosters.android,com.ubercab,mobi.mangatoon.comics.aphone,com.jtwhatsapp,xyz.penpencil.physicswala,org.readera,com.cricbuzz.android,ir.divar,com.cisco.webex.meetings,org.thoughtcrime.securesms,org.vidogram.messenger,com.blueWAplus,com.instander.android,com.olacabs.oladriver,org.telegram.messenger.web,com.gojek.app,com.olx.southasia,com.youdao.hindict,com.grab.merchant,com.intsig.camscanner,com.amazon.mp3,com.shadow.blackhole,mrt.battery.health,com.pay4vend.pay4vend,idm.internet.download.manager,in.upstox.app,com.application.zomato,com.schibsted.bomnegocio.androidApp,com.google.android.youtube,com.zhiliaoapp.musically,com.ss.android.ugc.trill,com.mxtech.videoplayer.ad,com.netflix.mediaclient,in.startv.hotstar,in.startv.hotstaronly,com.zhiliaoapp.musically.go,com.vanced.android.youtube,com.playit.videoplayer,in.mohalla.sharechat,com.nemo.vidmate,com.kwai.video,com.gallery.player,in.mohalla.video,com.funnypuri.client,com.jio.jioplay.tv,com.kwai.bulldog,com.google.android.apps.youtube.kids,com.amazon.avod.thirdpartyclient,tv.twitch.android.app,com.tv.v18.viola,com.graymatrix.did,com.google.android.apps.youtube.mango,video.tiki,org.videolan.vlc,com.aero,com.next.innovation.takatak,video.like,com.kwai.kuaishou.video.live,free.tube.premium.advanced.tuber,com.sonyliv,in.mohalla.video.lite,com.cardfeed.video_public,world.social.group.video.share,com.adv.videoplayer.app,com.bstar.intl,com.ss.android.ugc.aweme,com.tencent.qqlivei18n,com.disney.disneyplus,com.iqiyi.i18n,com.hbo.hbonow,ir.resaneh1.iptv,video.player.videoplayer,com.jio.myjio,com.vidio.android,com.eterno.shortvideos,com.skype.raider,in.startv.hotstar.dplus,com.mxtech.videoplayer.beta,com.viki.android,com.jio.media.jiobeats,com.vuclip.viu,com.video.fun.app,com.jio.media.ondemand'
lapis_intl/fps_local.config	fps_group.list60	'com.waze,com.maleo.bussimulatorid,com.firsttouchgames.dls7,wp.wattpad,com.google.android.dialer,com.android.incallui,com.android.camera,com.mfashiongallery.emag,com.miui.huanji,com.xiaomi.scanner,com.miui.compass,us.zoom.videomeetings,sg.bigo.live,com.nexstreaming.app.kinemasterfree,com.google.android.apps.tachyon,com.instapro.android,com.huya.nimo,com.google.android.youtube,com.zhiliaoapp.musically,com.ss.android.ugc.trill,com.mxtech.videoplayer.ad,com.netflix.mediaclient,in.startv.hotstar,in.startv.hotstaronly,com.zhiliaoapp.musically.go,com.vanced.android.youtube,com.playit.videoplayer,in.mohalla.sharechat,com.nemo.vidmate,com.kwai.video,com.gallery.player,in.mohalla.video,com.funnypuri.client,com.jio.jioplay.tv,com.kwai.bulldog,com.google.android.apps.youtube.kids,com.amazon.avod.thirdpartyclient,tv.twitch.android.app,com.tv.v18.viola,com.graymatrix.did,com.google.android.apps.youtube.mango,video.tiki,org.videolan.vlc,com.aero,com.next.innovation.takatak,video.like,com.kwai.kuaishou.video.live,free.tube.premium.advanced.tuber,com.sonyliv,in.mohalla.video.lite,com.cardfeed.video_public,world.social.group.video.share,com.adv.videoplayer.app,com.bstar.intl,com.ss.android.ugc.aweme,com.tencent.qqlivei18n,com.disney.disneyplus,com.iqiyi.i18n,com.hbo.hbonow,ir.resaneh1.iptv,video.player.videoplayer,com.jio.myjio,com.vidio.android,com.eterno.shortvideos,com.skype.raider,in.startv.hotstar.dplus,com.mxtech.videoplayer.beta,com.viki.android,com.jio.media.jiobeats,com.vuclip.viu,com.video.fun.app,com.jio.media.ondemand'
leedsa_intl/fps_local.config	fps_smart_group.list90	'com.miui.home,com.mi.android.globallauncher,com.google.android.contacts,com.android.settings,com.miui.player,com.android.thememanager,com.mi.android.globalFileexplorer,com.miui.weather2,com.whatsapp,org.telegram.messenger,com.xiaomi.misettings,com.milink.service,com.miui.notification'
leedsa_intl/fps_local.config	fps_group.list90	'com.miui.home,com.google.android.contacts,com.miui.player,com.android.soundrecorder,com.android.thememanager,com.whatsapp,org.telegram.messenger,com.milink.service,com.miui.notification'
leedsa_intl/fps_local.config	fps_group.list120	'com.google.android.apps.messaging,com.android.settings,com.android.deskclock,com.miui.calculator,com.xiaomi.misettings,com.mi.android.globalFileexplorer,com.miui.weather2'
luming/fps_local.config	fps_smart_group.list60	'com.eg.android.AlipayGphone,com.ss.android.ugc.aweme,com.taobao.taobao,com.xunmeng.pinduoduo,com.baidu.searchbox,com.jingdong.app.mall,com.autonavi.minimap,com.baidu.BaiduMap,com.xingin.xhs,com.sankuai.meituan,com.smile.gifmaker,com.kuaishou.nebula,com.ss.android.ugc.aweme.lite,com.sina.weibo,tv.danmaku.bili,com.tencent.mtt,com.tencent.qqlive,com.lemon.lv,com.ss.android.article.news,com.zhihu.android,cn.wps.moffice_eng,com.kugou.android,com.qiyi.video,com.alibaba.android.rimet,com.dragon.read,com.android.bankabc,com.tmri.app.main,com.tencent.qqmusic,com.fast.jrdwfx,com.icbc,com.youku.phone,com.achievo.vipshop,com.chinamworld.main,com.ximalaya.ting.android,com.UCMobile,com.baidu.searchbox.lite,com.taobao.idlefish,com.netease.cloudmusic,com.baidu.netdisk,com.MobileTicket,com.mt.mtxx.mtxx,com.dd.reading,com.greenpoint.android.mc10086.activity,com.chinamworld.bocmbci,me.ele,com.ss.android.article.lite,com.snda.wifilocating,com.shizhuang.duapp,com.quark.browser,com.tencent.wework,com.dianping.v1,com.unionpay,com.ss.android.article.video,cmb.pb,com.shushan.reading,com.duokan.reader,com.tencent.androidqqmail,com.cainiao.wireless,com.dd.library,ctrip.android.view,com.tencent.wemeet.app,com.baidu.homework,cn.gov.tax.its,com.Qunar,com.sankuai.meituan.takeoutnew,com.wuba,com.xs.fm,com.tencent.karaoke,com.sinovatech.unicom.ui,com.taobao.litetao,com.hpbr.bosszhipin,com.ss.funny,com.yitong.mbank.psbc,com.lingan.seeyou,com.xt.retouch,com.dianzhong.hmxs,cn.xuexi.android,com.kmxs.reader,com.sdu.didi.psnger,com.ss.happy,com.alibaba.wireless,com.ct.client,com.lianjia.beike,com.hunantv.imgo.activity,com.lingmao.quickapp,com.tencent.android.qqdownloader,com.intsig.camscanner,com.ss.android.ugc.live,com.meitu.meiyancamera,com.tencent.news,com.ss.coupon,com.anjuke.android.app,com.jingyao.easybike,com.cmbchina.ccd.pluto.cmbActivity,com.gorgeous.lite,com.yj.ddyd,com.hicorenational.antifraud,com.zhuiwenxiaoshuo.app,com.bankcomm.Bankcomm,com.pingan.paces.ccms,com.jzzs.ParentsHelper,com.gotokeep.keep,com.ltkj.yqyd,com.qxr.feed,com.sgcc.wsgw.cn,com.tencent.map,com.tmall.wireless,com.jd.jrapp,com.yek.android.kfc.activitys,com.mfkshb.quickapp,com.ss.android.auto,com.chaoxing.mobile,com.moji.mjweather,com.qiyi.video.lite,com.xtc.watch,com.youdao.dict,cn.hsa.app,com.sohu.inputmethod.sogou,com.bankcomm.maidanba,com.le123.ysdq,com.kwai.videoeditor,com.videogo,com.ygkj.chelaile.standard,com.cmri.universalapp,com.wudaokou.hippo,com.yipiao,com.baidu.searchbox.tomas,com.pingan.carowner,com.immomo.momo,com.ss.joyful,com.tencent.zebra,com.cubic.autohome,com.luna.music,com.handsgo.jiakao.android,cn.soulapp.android,com.sohu.sohuvideo,com.baidu.wenku,com.clover.daysmatter,com.zhaopin.social,com.kuaiduizuoye.scan,cn.damai,com.pingan.lifeinsurance,com.wuba.zhuanzhuan,com.xiachufang,com.yueme.itv,com.xhey.xcamera,com.ccb.longjiLife,com.taobao.trip,com.hnyy.xgyd,com.baidu.tieba,com.iflytek.inputmethod,com.hxak.liangongbao,com.tencent.weread,cn.kuwo.player,com.kwai.m2u,com.hexin.plat.android,com.chinatelecom.bestpayclient,com.ss.discount,com.cib.cibmb,com.ecitic.bank.mobile,com.shoujiduoduo.ringtone,com.dw.btime,com.taobao.live,com.duowan.kiwi,com.citiccard.mobilebank,cn.yonghui.hyd,com.fenbi.android.leo,com.eduyun.app.factory.ykt,cn.com.spdb.mobilebank.per,com.sf.activity,com.campmobile.snowcamera,com.huawei.health,com.ss.fruit,com.weiyue.weiyuereader,cn.com.chsi.chsiapp,com.xunlei.downloadprovider,com.sohu.newsclient,com.hntnn.sjyd,com.fenbi.android.solar,com.chaozh.iReader.dj,cn.gov.pbc.dcep,com.kingpoint.gmcchh,com.tencent.weishi,com.didapinche.booking,com.chinalife.ebz,com.cs_credit_bank,com.job.android,com.pupumall.customer,com.lalamove.huolala.client,com.lemon.faceu,com.lofter.android,com.tianyancha.skyeye,cn.com.cmbc.newmbank,com.baidu.duer.superapp,com.cmcc.cmvideo,com.icbc.im,com.haizhuishu.quickapp,com.mygolbs.mybus,com.baidu.haokan,com.one.book,com.qidian.QDReader,com.dd.whitebook,com.jsmcc,com.hanweb.android.zhejiang.activity,cn.samsclub.app,com.sankuai.youxuan,com.eastmoney.android.berlin,com.tencent.gamehelper.smoba,com.cebbank.mobile.cemb,com.galaxy.book,com.yidian.reading,com.wm.dmall,com.shuqi.controller,com.benqu.wuta,com.babycloud.hanju,com.yaya.zone,com.ltkj.qyxd,com.baidu.baidutranslate,com.jjwxc.reader,com.babytree.apps.pregnancy,com.jd.jdlite,com.hupu.shihuo,com.douban.frodo,com.alibaba.ailabs.tg,com.tplink.ipc,com.ebank.creditcard,com.moutai.mall,com.jxedt,com.zmzx.college.search,com.jiongji.andriod.card,com.youdao.translator,com.taobao.etao,com.lucky.luckyclient,com.tongcheng.android,com.umetrip.android.msky.app,com.midea.ai.appliances,cn.xiaochuankeji.tieba,com.seetong.app.seetong,com.fenqile.fenqile,air.tv.douyu.android,com.f100.android,com.shumi.shumireader,com.kuaikan.comic,com.seewo.easicare.pro,com.koudai.weidian.buyer,com.android.icredit,com.cotticoffee.cotticlient,com.cctv.yangshipin.app.androidp,com.xinhang.mobileclient,com.android.chrome,com.glodon.drawingexplorer,com.mcdonalds.gma.cn,com.huaxiaozhu.rider,com.chinarainbow.tft,com.yiche.autoeasy,com.meitu.wink,cn.TuHu.android,com.nxy.sc,com.iflytek.elpmobile.smartlearning,com.p1.mobile.putong,com.iflytek.oshall.ahzwfw,com.spdbccc.app,com.pingguoad.quick,com.yueyou.adreader,com.xiangyuedu.xyd,com.tencent.qqpimsecure,com.gstarmc.android,com.android.incallui,com.sohu.inputmethod.sogou.xiaomi,com.baidu.input_mi,com.android.deskclock,com.iflytek.inputmethod.miui,com.miui.video,com.android.camera,com.xiaomi.market,com.miui.cleanmaster,com.mfashiongallery.emag,com.android.calendar,com.miui.player,com.android.soundrecorder,com.miui.tsmclient,com.miui.fm,com.miui.huanji,com.android.nfc,com.xiaomi.scanner,com.mipay.wallet,com.miui.yellowpage,com.android.providers.downloads,com.miui.virtualsim,com.xiaomi.aiasst.service,com.miui.miservice,com.miui.compass,com.milink.service,com.miui.packageinstaller,com.miui.mediaviewer,com.comics.bika,com.mampod.ergedd,fm.qingting.qtradio,com.picacomic.fregata,com.gallery.player,com.xiaomi.calendar,com.lechuan.mdwz,com.duokan.free,com.qq.reader,com.lechuan.mdxs,com.sankuai.meituan.dispatch.crowdsource,com.chaozh.iReaderFree,com.cootek.crazyreader,com.sankuai.meituan.meituanwaimaibusiness,com.lalamove.huolala.driver,com.faloo.BookReader4Android,io.legado.app.release,com.baidu.input,com.sankuai.meituan.dispatch.homebrew,com.lwby.breader.ad,com.duoduo.child.story,me.ele.crowdsource,com.alukaxi.bqshugg.blue,com.tencent.qqpinyin,com.flyersoft.seekbooks,me.ele.napos,com.kuaiyin.player,com.yiyou.ga,com.ninesixshop.say,com.lechuan.midunovel,com.kuangxiangciweimao.novel,com.qq.ac.android,com.bokecc.dance,com.duowan.mobile,com.kugou.android.elder,com.dongqiudi.news,com.bilibili.comic,com.huaxiaozhu.driver,com.wondertek.miguaikan,com.tencent.edu,com.jd.pingou,com.tool.biqudaogexs,com.tool.txtqbydq,com.baidu.yuedu,com.relief.space.master.cleaner,com.ophone.reader.ui,com.ishansong,com.ximalaya.ting.lite,com.sfexpress.knight,com.mianfeizs.book,com.jryg.driver,com.tadu.read,com.sdu.didi.gsui,com.ifreetalk.ftalk,com.kuaidi.daijia.driver,com.xiwei.logistics,com.xinchuzu.driver,com.android.providers.downloads.ui,com.miui.cit,com.cat.readall,com.phoenix.read,com.xs.fm.lite,com.microsoft.emmx,com.dz.hmjc,cn.com.langeasy.LangEasyLexis,com.ss.android.yumme.video,com.eggflower.read,com.sup.android.superb,com.parallel.odyssey,com.xingye.app,com.kwai.hisense,com.qq.reader,com.sdu.didi.gsui,com.hupu.games,com.fenbi.android.servant,newmanwa.com,android.zhibo8,com.google.android.youtube,cn.missevan,mark.via,com.picacomic.fregata,com.zhihu.vip.android,net.cpwxw.cpfiction,com.yiyou.ga,com.woodleaves.read,com.netease.a13.avg,com.fileunzip.zxwknight,com.sinyee.babybus.recommendapp,com.dongqiudi.news,com.chaozh.iReaderFree,com.kwai.theater,com.bilibili.comic,com.shanbay.sentence,com.example.pptv,com.copymanga.app,com.qq.ac.android,com.scdxc.android,org.telegram.messenger.web,com.paokeji.yiqu,com.mistong.ewt360,com.zwang.clouds,com.tianming.shiji.qwer,com.jxedt.kms,com.uxin.kilaaudio,com.duoduo.child.story,com.bokecc.dance,com.shusheng.JoJoRead,com.xjs.ehviewer,com.xyhj.hanju,com.jdjdc.jdfastjdc,com.fenbi.android.zenglish,com.leisu.sports,com.movie.hhdfly,com.sixrpg.opalyer,com.picturetoburn.ts,com.lxy.qr.app,com.mmbox.xbrowser.pro,com.fenbi.android.zhaojiao,com.liulishuo.engzo,com.qihoo.browser,com.openai.chatgpt,com.excean.gspace,com.happyteam.dubbingshow,com.cz.bible2,com.boylove_app,com.wondertek.miguaikan,com.huabenapp'
luming/fps_local.config	fps_group.list60	'com.ss.android.ugc.aweme,com.autonavi.minimap,com.baidu.BaiduMap,com.smile.gifmaker,com.kuaishou.nebula,com.ss.android.ugc.aweme.lite,com.tencent.qqlive,com.qiyi.video,com.ss.android.article.video,com.tencent.wemeet.app,com.hunantv.imgo.activity,com.ss.android.ugc.live,com.meitu.meiyancamera,com.gorgeous.lite,com.yj.ddyd,com.tencent.map,com.qiyi.video.lite,com.le123.ysdq,com.videogo,com.tencent.zebra,com.sohu.sohuvideo,com.kwai.m2u,com.duowan.kiwi,com.campmobile.snowcamera,com.tencent.weishi,com.lemon.faceu,com.baidu.haokan,com.benqu.wuta,com.babycloud.hanju,com.seetong.app.seetong,air.tv.douyu.android,com.cctv.yangshipin.app.androidp,com.meitu.wink,com.iflytek.elpmobile.smartlearning,com.android.incallui,com.android.camera,com.mfashiongallery.emag,com.miui.tsmclient,com.miui.huanji,com.xiaomi.scanner,com.miui.compass,com.sdu.didi.gsui,com.ifreetalk.ftalk,com.kuaidi.daijiadriver.driver,com.xiwei.logistics,com.xinchuzu.driver'
malachite/fps_local.config	fps_smart_group.list60	'com.android.incallui,com.baidu.input_mi,com.android.deskclock,com.duokan.reader,com.android.camera,com.xiaomi.market,com.miui.cleanmaster,com.mfashiongallery.emag,com.android.calendar,com.miui.player,com.android.soundrecorder,com.miui.tsmclient,com.miui.fm,com.miui.huanji,com.android.nfc,com.xiaomi.scanner,com.mipay.wallet,com.miui.yellowpage,com.android.providers.downloads,com.miui.virtualsim,com.xiaomi.aiasst.service,com.miui.miservice,com.miui.compass,com.milink.service,com.miui.packageinstaller,tv.danmaku.bili,com.dragon.read,com.kmxs.reader,com.eg.android.AlipayGphone,com.kugou.android,com.netease.cloudmusic,com.tencent.karaoke,com.qidian.QDReader,com.shuqi.controller,com.tencent.qqmusic,com.duokan.free,com.qq.reader,com.yueyou.adreader,com.ximalaya.ting.android,com.tencent.weread,com.xs.fm,com.lechuan.mdxs,com.chaozh.iReader.dj,com.sankuai.meituan.dispatch.crowdsource,com.chaozh.iReaderFree,com.cootek.crazyreader,com.lalamove.huolala.driver,com.faloo.BookReader4Android,com.jjwxc.reader,io.legado.app.release,com.sankuai.meituan.dispatch.homebrew,com.cmcc.cmvideo,com.lwby.breader.ad,com.snda.wifilocating,com.duoduo.child.story,me.ele.crowdsource,com.alukaxi.bqshugg.blue,com.flyersoft.seekbooks,me.ele.napos,com.jingyao.easybike,cn.kuwo.player,com.kuaiyin.player,com.yiyou.ga,com.ninesixshop.say,com.tmri.app.main,com.lechuan.midunovel,com.tmall.wireless,com.picacomic.fregata,com.kuangxiangciweimao.novel,com.sdu.didi.psnger,com.qq.ac.android,com.bokecc.dance,com.duowan.mobile,com.kugou.android.elder,com.dongqiudi.news,com.bilibili.comic,com.huaxiaozhu.driver,com.kuaikan.comic,com.wondertek.miguaikan,com.tencent.edu,com.jd.pingou,com.tool.biqudaogexs,com.tool.txtqbydq,com.baidu.yuedu,com.relief.space.master.cleaner,com.ophone.reader.ui,com.ishansong,com.ximalaya.ting.lite,com.sfexpress.knight,com.mianfeizs.book,com.didapinche.booking,com.jryg.driver,com.tadu.read,com.autonavi.minimap,com.sdu.didi.gsui,com.baidu.BaiduMap,com.tencent.wemeet.app,com.tencent.map,com.ifreetalk.ftalk,com.kuaidi.daijia.driver,com.xiwei.logistics,com.xinchuzu.driver,com.gallery.player,com.xiaomi.calendar,com.android.providers.downloads.ui,com.miui.cit,com.taobao.taobao,com.UCMobile,com.xunmeng.pinduoduo,com.tencent.mtt,com.taobao.live,com.jingdong.app.mall,com.taobao.litetao,com.taobao.idlefish,com.achievo.vipshop,com.shizhuang.duapp,com.qihoo.browser,com.quark.browser,com.sankuai.meituan.takeoutnew,com.alibaba.wireless,com.unionpay,com.smzdm.client.android'
malachite/fps_local.config	fps_group.list60	'com.android.incallui,com.android.camera,com.mfashiongallery.emag,com.miui.tsmclient,com.miui.huanji,com.xiaomi.scanner,com.miui.compass,com.autonavi.minimap,com.sdu.didi.gsui,com.baidu.BaiduMap,com.tencent.wemeet.app,com.tencent.map,com.ifreetalk.ftalk,com.kuaidi.daijia.driver,com.xiwei.logistics,com.xinchuzu.driver'
malachite_intl/fps_local.config	fps_smart_group.list60	'com.android.incallui,com.sohu.inputmethod.sogou.xiaomi,com.baidu.input_mi,com.android.deskclock,com.iflytek.inputmethod.miui,com.duokan.reader,com.android.camera,com.xiaomi.market,com.miui.cleanmaster,com.mfashiongallery.emag,com.android.calendar,com.miui.player,com.android.soundrecorder,com.miui.tsmclient,com.miui.fm,com.miui.huanji,com.android.nfc,com.xiaomi.scanner,com.mipay.wallet,com.miui.yellowpage,com.android.providers.downloads,com.miui.virtualsim,com.xiaomi.aiasst.service,com.miui.miservice,com.miui.compass,com.milink.service,com.miui.packageinstaller,com.whatsapp,com.facebook.katana,com.instagram.android,com.android.chrome,com.facebook.orca,com.facebook.lite,com.google.android.googlequicksearchbox,com.truecaller,org.telegram.messenger,com.gbwhatsapp,com.vkontakte.android,com.whatsapp.w4b,com.snapchat.android,com.viber.voip,com.google.android.apps.maps,com.google.android.apps.docs,com.twitter.android,com.android.vending,us.zoom.videomeetings,com.google.android.gm,com.imo.android.imoim,ru.yandex.searchplugin,ru.ok.android,jp.naver.line.android,com.yandex.browser,com.shopee.id,com.microsoft.teams,org.telegram.plus,cn.wps.moffice_eng,com.discord,wp.wattpad,com.google.android.apps.youtube.music,com.spotify.music,com.flipkart.android,com.waze,com.zing.zalo,com.fmwhatsapp,com.lemon.lvoverseas,ru.yandex.yandexnavi,com.meesho.supply,com.UCMobile.intl,com.pinterest,com.app.dream11Pro,ru.yandex.taximeter,com.yowhatsapp,com.WhatsApp2Plus,com.avito.android,com.opera.browser,com.phonepe.app,com.opera.mini.native,com.lazada.android,com.alibaba.aliexpresshd,trendyol.com,in.amazon.mShop.android.shopping,com.firsttouchgames.dls7,ir.medu.shad,org.xbet.client1,com.binance.dev,com.lenovo.anyshare.gps,com.google.android.apps.nbu.paisa.user,com.wildberries.ru,com.imo.android.imoimbeta,com.eterno,com.amazon.mShop.android.shopping,com.moonvideo.android.resso,com.google.android.apps.translate,com.google.android.apps.classroom,com.imo.android.imoimhd,com.microsoft.office.outlook,com.camerasideas.instashot,com.ubercab.driver,ir.ilmili.telegraph,ru.sberbankmobile,com.prisbank.app,com.starmakerinteractive.starmaker,com.gojek.partner,com.facebook.mlite,mobi.mangatoon.novel,mobi.mangatoon.novel.portuguese,com.brave.browser,sg.bigo.live,com.michatapp.im,com.nexstreaming.app.kinemasterfree,com.shopee.br,com.obwhatsapp,com.mercadolibre,com.zzkko,net.one97.paytm,com.google.android.apps.tachyon,org.mozilla.firefox,com.tinder,com.naver.linewebtoon,im.thebot.messenger,com.picsart.studio,com.instapro.android,com.linkedin.android,com.pratilipi.mobile.android,com.huya.nimo,com.duolingo,com.whereismytrain.android,com.whereismytraingadi.trainstatus.livetrainlocation,com.alightcreative.motion,com.grindrapp.android,com.shopee.my,com.uc.browser.en,com.adobe.reader,ru.ozon.app.android,com.reddit.frontpage,ru.yandex.yandexmaps,com.yy.hiyo,com.wrx.wazirx,com.duokan.phone.remotecontroller,com.perm.kate_new_6,com.shopee.ph,org.jw.jwlibrary.mobile,com.instagram.lite,com.tokopedia.tkpd,com.unacademyapp,re.sova.five,com.msf.angelmobile,com.ak.ta.dainikbhaskar.activity,com.badoo.mobile,com.google.android.apps.magazines,jp.ne.ibis.ibispaintx.app,sinet.startup.inDriver,com.gbwhatsapp3,com.myntra.android,com.offshore.pikashow,ru.dublgis.dgismobile,com.sahibinden,com.dywx.larkplayer,co.brainly,com.bsbportal.music,org.thunderdog.challegram,com.litatom.app,com.sec.android.app.sbrowser,com.flatfish.cal.privacy,com.maleo.bussimulatorid,com.taxsee.driver,com.canva.editor,com.instapro.app,com.vtosters.android,com.yandex.zen,com.ubercab,mobi.mangatoon.comics.aphone,com.jtwhatsapp,xyz.penpencil.physicswala,blackrussia.online,org.readera,com.cricbuzz.android,com.nextbillion.groww,ir.divar,com.cisco.webex.meetings,org.thoughtcrime.securesms,org.vidogram.messenger,com.blueWAplus,com.instander.android,com.olacabs.oladriver,org.telegram.messenger.web,com.gojek.app,com.olx.southasia,com.youdao.hindict,com.grab.merchant,com.intsig.camscanner,com.amazon.mp3,com.shadow.blackhole,mrt.battery.health,com.pay4vend.pay4vend,idm.internet.download.manager,in.upstox.app,com.application.zomato,com.schibsted.bomnegocio.androidApp,com.google.android.youtube,com.zhiliaoapp.musically,com.ss.android.ugc.trill,com.mxtech.videoplayer.ad,com.netflix.mediaclient,in.startv.hotstar,in.startv.hotstaronly,com.zhiliaoapp.musically.go,com.vanced.android.youtube,com.playit.videoplayer,in.mohalla.sharechat,com.nemo.vidmate,com.kwai.video,com.gallery.player,in.mohalla.video,com.funnypuri.client,com.jio.jioplay.tv,com.kwai.bulldog,com.google.android.apps.youtube.kids,com.amazon.avod.thirdpartyclient,tv.twitch.android.app,com.tv.v18.viola,com.graymatrix.did,com.google.android.apps.youtube.mango,video.tiki,org.videolan.vlc,com.aero,com.next.innovation.takatak,video.like,com.kwai.kuaishou.video.live,free.tube.premium.advanced.tuber,com.sonyliv,in.mohalla.video.lite,com.cardfeed.video_public,world.social.group.video.share,com.adv.videoplayer.app,com.bstar.intl,com.ss.android.ugc.aweme,com.tencent.qqlivei18n,com.disney.disneyplus,com.iqiyi.i18n,com.hbo.hbonow,ir.resaneh1.iptv,video.player.videoplayer,com.jio.myjio,com.vidio.android,com.eterno.shortvideos,com.skype.raider,in.startv.hotstar.dplus,com.mxtech.videoplayer.beta,com.viki.android,com.jio.media.jiobeats,com.vuclip.viu,com.video.fun.app,com.jio.media.ondemand'
malachite_intl/fps_local.config	fps_group.list60	'com.android.incallui,com.android.camera,com.mfashiongallery.emag,com.miui.tsmclient,com.miui.huanji,com.xiaomi.scanner,com.miui.compass,com.google.android.apps.maps,us.zoom.videomeetings,com.google.android.gm,ru.yandex.searchplugin,wp.wattpad,com.google.android.apps.youtube.music,com.spotify.music,com.waze,com.lemon.lvoverseas,ru.yandex.yandexnavi,ru.yandex.taximeter,com.lazada.android,in.amazon.mShop.android.shopping,com.firsttouchgames.dls7,com.lenovo.anyshare.gps,com.moonvideo.android.resso,com.starmakerinteractive.starmaker,mobi.mangatoon.novel,mobi.mangatoon.novel.portuguese,sg.bigo.live,com.nexstreaming.app.kinemasterfree,net.one97.paytm,com.google.android.apps.tachyon,com.tinder,com.naver.linewebtoon,com.instapro.android,com.pratilipi.mobile.android,com.huya.nimo,com.adobe.reader,ru.ozon.app.android,ru.yandex.yandexmaps,com.wrx.wazirx,com.duokan.phone.remotecontroller,com.shopee.ph,org.jw.jwlibrary.mobile,com.google.android.apps.magazines,sinet.startup.inDriver,ru.dublgis.dgismobile,com.dywx.larkplayer,com.bsbportal.music,com.maleo.bussimulatorid,com.taxsee.driver,mobi.mangatoon.comics.aphone,org.readera,com.amazon.mp3,com.shadow.blackhole,com.google.android.youtube,com.zhiliaoapp.musically,com.ss.android.ugc.trill,com.mxtech.videoplayer.ad,com.netflix.mediaclient,in.startv.hotstar,in.startv.hotstaronly,com.zhiliaoapp.musically.go,com.vanced.android.youtube,com.playit.videoplayer,in.mohalla.sharechat,com.nemo.vidmate,com.kwai.video,com.gallery.player,in.mohalla.video,com.funnypuri.client,com.jio.jioplay.tv,com.kwai.bulldog,com.google.android.apps.youtube.kids,com.amazon.avod.thirdpartyclient,tv.twitch.android.app,com.tv.v18.viola,com.graymatrix.did,com.google.android.apps.youtube.mango,video.tiki,org.videolan.vlc,com.aero,com.next.innovation.takatak,video.like,com.kwai.kuaishou.video.live,free.tube.premium.advanced.tuber,com.sonyliv,in.mohalla.video.lite,com.cardfeed.video_public,world.social.group.video.share,com.adv.videoplayer.app,com.bstar.intl,com.ss.android.ugc.aweme,com.tencent.qqlivei18n,com.disney.disneyplus,com.iqiyi.i18n,com.hbo.hbonow,ir.resaneh1.iptv,video.player.videoplayer,com.jio.myjio,com.vidio.android,com.eterno.shortvideos,com.skype.raider,in.startv.hotstar.dplus,com.mxtech.videoplayer.beta,com.viki.android,com.jio.media.jiobeats,com.vuclip.viu,com.video.fun.app,com.jio.media.ondemand'
miro/fps_local.config	fps_smart_group.list60	'com.ss.android.article.news,com.miui.cit,com.tmall.wireless,com.jingdong.app.mall,com.taobao.live,com.tencent.mtt,com.xunmeng.pinduoduo,com.qq.ac.android,com.milink.service,com.tencent.qqpinyin,com.baidu.input,com.iflytek.inputmethod,com.sohu.inputmethod.sogou,com.lechuan.mdxs,com.taobao.taobao,com.UCMobile,com.tencent.wemeet.app,com.chaozh.iReader.dj,com.sankuai.meituan.dispatch.crowdsource,com.chaozh.iReaderFree,com.cootek.crazyreader,com.sankuai.meituan.meituanwaimaibusiness,com.lalamove.huolala.driver,com.faloo.BookReader4Android,com.jjwxc.reader,io.legado.app.release,com.sankuai.meituan.dispatch.homebrew,com.hpbr.bosszhipin,com.lwby.breader.ad,com.snda.wifilocating,com.duoduo.child.story,me.ele.crowdsource,com.alukaxi.bqshugg.blue,com.tencent.map,com.flyersoft.seekbooks,me.ele.napos,com.jingyao.easybike,cn.kuwo.player,com.yiyou.ga,com.ninesixshop.say,com.tmri.app.main,com.lechuan.midunovel,com.comics.bika,com.kuangxiangciweimao.novel,com.sdu.didi.psnger,com.bokecc.dance,com.duowan.mobile,com.ifreetalk.ftalk,com.kugou.android.elder,com.kuaidi.daijia.driver,com.dongqiudi.news,com.bilibili.comic,com.xiwei.logistics,com.huaxiaozhu.driver,com.xinchuzu.driver,com.jd.pingou,com.tool.biqudaogexs,com.tool.txtqbydq,com.baidu.yuedu,com.relief.space.master.cleaner,com.mampod.ergedd,com.ophone.reader.ui,com.ishansong,com.ximalaya.ting.lite,com.sfexpress.knight,com.mianfeizs.book,com.didapinche.booking,com.jryg.driver,com.tadu.read,com.android.incallui,com.android.camera,com.autonavi.minimap,com.sdu.didi.gsui,com.baidu.BaiduMap,com.duokan.reader,tv.danmaku.bili,com.dragon.read,com.kmxs.reader,com.eg.android.AlipayGphone,com.kugou.android,com.netease.cloudmusic,com.lechuan.mdwz,com.tencent.karaoke,com.qidian.QDReader,com.shuqi.controller,com.tencent.qqmusic,com.duokan.free,com.qq.reader,com.yueyou.adreader,com.ximalaya.ting.android,com.tencent.weread,com.android.deskclock,com.miui.cleanmaster,com.mfashiongallery.emag,com.android.calendar,com.android.soundrecorder,com.miui.tsmclient,com.miui.fm,com.miui.huanji,com.android.nfc,com.xiaomi.scanner,com.mipay.wallet,com.miui.yellowpage,com.android.providers.downloads.ui,com.miui.virtualsim,com.xiaomi.aiasst.service,com.miui.compass,com.miui.miservice,com.miui.packageinstaller,com.miui.player,com.kuaiyin.player,com.tencent.edu,com.wondertek.miguaikan,com.cmcc.cmvideo,com.kuaikan.comic,com.xs.fm,com.youku.phone'
miro/fps_local.config	fps_group.list60	'com.miui.huanji,com.miui.cit,com.baidu.input,com.iflytek.inputmethod,com.sohu.inputmethod.sogou,com.tencent.wemeet.app,com.ifreetalk.ftalk,com.kuaidi.daijia.driver,com.xiwei.logistics,com.xinchuzu.driver,com.mampod.ergedd,com.android.incallui,com.android.camera,com.mfashiongallery.emag,com.miui.tsmclient,com.xiaomi.scanner,com.miui.compass,com.autonavi.minimap,com.sdu.didi.gsui,com.baidu.BaiduMap,com.tencent.map'
miro_id/fps_local.config	fps_smart_group.list60	'com.android.deskclock,com.android.camera,com.miui.player,com.miui.cleanmaster,com.android.soundrecorder,com.miui.cleaner,com.xiaomi.calendar,com.google.android.calendar,com.android.calendar,com.android.incallui,com.netflix.mediaclient,com.google.android.apps.maps,com.xiaomi.scanner,com.google.android.googlequicksearchbox,com.truecaller,org.telegram.messenger,com.snapchat.android,com.viber.voip,com.google.android.apps.docs,com.google.android.apps.tachyon,com.shopee.id,com.microsoft.teams,com.flipkart.android,com.meesho.supply,com.pinterest,com.app.dream11Pro,com.avito.android,com.phonepe.app,com.alibaba.aliexpresshd,trendyol.com,ir.medu.shad,org.xbet.client1,com.google.android.apps.nbu.paisa.user,com.wildberries.ru,com.amazon.mShop.android.shopping,com.google.android.apps.classroom,com.microsoft.office.outlook,com.camerasideas.instashot,com.ubercab.driver,com.prisbank.app,com.gojek.partner,com.shopee.br,com.mercadolibre,com.zzkko,com.duolingo,com.whereismytrain.android,com.whereismytraingadi.trainstatus.livetrainlocation,com.shopee.my,com.tokopedia.tkpd,com.unacademyapp,com.msf.angelmobile,com.ak.ta.dainikbhaskar.activity,jp.ne.ibis.ibispaintx.app,com.myntra.android,com.offshore.pikashow,com.sahibinden,co.brainly,com.flatfish.cal.privacy,com.ubercab,xyz.penpencil.physicswala,ir.divar,com.cisco.webex.meetings,com.instander.android,com.olacabs.oladriver,com.vuclip.viu,com.olx.southasia,com.whatsapp,com.facebook.katana,com.instagram.android,com.android.chrome,com.facebook.orca,com.facebook.lite,com.gbwhatsapp,com.vkontakte.android,com.whatsapp.w4b,com.twitter.android,com.android.vending,com.imo.android.imoim,ru.ok.android,jp.naver.line.android,com.yandex.browser,org.telegram.plus,cn.wps.moffice_eng,com.discord,com.zing.zalo,com.fmwhatsapp,com.UCMobile.intl,com.yowhatsapp,com.WhatsApp2Plus,com.opera.browser,com.opera.mini.native,com.binance.dev,com.imo.android.imoimbeta,com.eterno,com.google.android.apps.translate,com.imo.android.imoimhd,ir.ilmili.telegraph,com.facebook.mlite,com.brave.browser,com.michatapp.im,com.obwhatsapp,org.mozilla.firefox,im.thebot.messenger,com.picsart.studio,com.linkedin.android,com.alightcreative.motion,com.grindrapp.android,com.uc.browser.en,com.reddit.frontpage,com.yy.hiyo,com.perm.kate_new_6,com.instagram.lite,re.sova.five,com.badoo.mobile,com.gbwhatsapp3,org.thunderdog.challegram,com.litatom.app,com.sec.android.app.sbrowser,com.canva.editor,com.instapro.app,com.vtosters.android,com.yandex.zen,com.jtwhatsapp,blackrussia.online,com.cricbuzz.android,com.nextbillion.groww,org.thoughtcrime.securesms,org.vidogram.messenger,com.blueWAplus,org.telegram.messenger.web,com.gojek.app,com.intsig.camscanner,mrt.battery.health,com.pay4vend.pay4vend,idm.internet.download.manager,in.upstox.app,com.application.zomato,com.schibsted.bomnegocio.androidApp'
miro_id/fps_local.config	fps_group.list60	'com.android.camera,com.android.incallui,com.netflix.mediaclient,com.google.android.apps.maps,com.xiaomi.scanner'
miro_intl/fps_local.config	fps_smart_group.list60	'com.android.deskclock,com.android.camera,com.miui.player,com.miui.cleanmaster,com.android.soundrecorder,com.miui.cleaner,com.xiaomi.calendar,com.google.android.calendar,com.android.calendar,com.android.incallui,com.netflix.mediaclient,com.google.android.apps.maps,ru.yandex.yandexmaps,com.xiaomi.scanner,com.google.android.googlequicksearchbox,com.truecaller,org.telegram.messenger,com.snapchat.android,com.viber.voip,com.google.android.apps.docs,us.zoom.videomeetings,com.google.android.gm,com.google.android.apps.tachyon,com.shopee.id,com.microsoft.teams,com.flipkart.android,com.lemon.lvoverseas,com.meesho.supply,com.pinterest,com.app.dream11Pro,com.avito.android,com.phonepe.app,com.lazada.android,com.alibaba.aliexpresshd,trendyol.com,in.amazon.mShop.android.shopping,com.firsttouchgames.dls7,ir.medu.shad,org.xbet.client1,com.lenovo.anyshare.gps,com.google.android.apps.nbu.paisa.user,com.wildberries.ru,com.amazon.mShop.android.shopping,com.google.android.apps.classroom,com.microsoft.office.outlook,com.camerasideas.instashot,com.ubercab.driver,com.prisbank.app,com.gojek.partner,com.shopee.br,com.mercadolibre,com.zzkko,com.duolingo,com.whereismytrain.android,com.whereismytraingadi.trainstatus.livetrainlocation,com.shopee.my,ru.ozon.app.android,com.duokan.phone.remotecontroller,com.shopee.ph,com.tokopedia.tkpd,com.unacademyapp,com.msf.angelmobile,com.ak.ta.dainikbhaskar.activity,jp.ne.ibis.ibispaintx.app,com.myntra.android,com.offshore.pikashow,com.sahibinden,co.brainly,com.flatfish.cal.privacy,com.maleo.bussimulatorid,com.taxsee.driver,com.ubercab,xyz.penpencil.physicswala,ir.divar,com.cisco.webex.meetings,com.instander.android,com.olacabs.oladriver,com.vuclip.viu,com.olx.southasia,mrt.battery.health,com.pay4vend.pay4vend,idm.internet.download.manager,in.upstox.app,com.application.zomato,com.schibsted.bomnegocio.androidApp,com.whatsapp'
miro_intl/fps_local.config	fps_group.list60	'com.android.camera,com.android.incallui,com.netflix.mediaclient,com.google.android.apps.maps,com.xiaomi.scanner'
mist/fps_local.config	fps_smart_group.list60	'com.android.incallui,com.sohu.inputmethod.sogou.xiaomi,com.baidu.input_mi,com.android.deskclock,com.iflytek.inputmethod.miui,com.duokan.reader,com.android.camera,com.xiaomi.market,com.miui.cleanmaster,com.mfashiongallery.emag,com.android.calendar,com.miui.player,com.android.soundrecorder,com.miui.tsmclient,com.miui.fm,com.miui.huanji,com.android.nfc,com.xiaomi.scanner,com.mipay.wallet,com.miui.yellowpage,com.android.providers.downloads,com.miui.virtualsim,com.xiaomi.aiasst.service,com.miui.miservice,com.miui.compass,com.milink.service,com.miui.packageinstaller,tv.danmaku.bili,com.dragon.read,com.kmxs.reader,com.eg.android.AlipayGphone,com.sohu.inputmethod.sogou,com.iflytek.inputmethod,com.kugou.android,com.netease.cloudmusic,com.lechuan.mdwz,com.tencent.karaoke,com.qidian.QDReader,com.shuqi.controller,com.tencent.qqmusic,com.duokan.free,com.qq.reader,com.yueyou.adreader,com.ximalaya.ting.android,com.tencent.weread,com.xs.fm,com.lechuan.mdxs,com.chaozh.iReader.dj,com.sankuai.meituan.dispatch.crowdsource,com.chaozh.iReaderFree,com.cootek.crazyreader,com.sankuai.meituan.meituanwaimaibusiness,com.lalamove.huolala.driver,com.faloo.BookReader4Android,com.jjwxc.reader,io.legado.app.release,com.baidu.input,com.sankuai.meituan.dispatch.homebrew,com.cmcc.cmvideo,com.lwby.breader.ad,com.snda.wifilocating,com.duoduo.child.story,me.ele.crowdsource,com.alukaxi.bqshugg.blue,com.tencent.qqpinyin,com.flyersoft.seekbooks,me.ele.napos,com.jingyao.easybike,cn.kuwo.player,com.kuaiyin.player,com.yiyou.ga,com.ninesixshop.say,com.tmri.app.main,com.lechuan.midunovel,com.tmall.wireless,com.picacomic.fregata,com.kuangxiangciweimao.novel,com.sdu.didi.psnger,com.qq.ac.android,com.bokecc.dance,com.duowan.mobile,com.kugou.android.elder,com.dongqiudi.news,com.bilibili.comic,com.huaxiaozhu.driver,com.kuaikan.comic,com.wondertek.miguaikan,com.tencent.edu,com.jd.pingou,com.tool.biqudaogexs,com.tool.txtqbydq,com.baidu.yuedu,com.relief.space.master.cleaner,com.ophone.reader.ui,com.ishansong,com.ximalaya.ting.lite,com.sfexpress.knight,com.mianfeizs.book,com.didapinche.booking,com.jryg.driver,com.tadu.read,com.autonavi.minimap,com.sdu.didi.gsui,com.baidu.BaiduMap,com.tencent.wemeet.app,com.tencent.map,com.ifreetalk.ftalk,com.kuaidi.daijia.driver,com.xiwei.logistics,com.xinchuzu.driver,com.gallery.player,com.xiaomi.calendar,com.android.providers.downloads.ui,com.miui.cit,com.sina.weibo,com.android.browser,com.tencent.mobileqq,com.taobao.taobao,com.ss.android.article.news,com.miui.bugreport'
mist/fps_local.config	fps_group.list60	'com.android.incallui,com.android.camera,com.mfashiongallery.emag,com.miui.tsmclient,com.miui.huanji,com.xiaomi.scanner,com.miui.compass,com.autonavi.minimap,com.sdu.didi.gsui,com.baidu.BaiduMap,com.tencent.wemeet.app,com.tencent.map,com.ifreetalk.ftalk,com.kuaidi.daijia.driver,com.xiwei.logistics,com.xinchuzu.driver'
mist_intl/fps_local.config	fps_smart_group.list60	'com.android.incallui,com.sohu.inputmethod.sogou.xiaomi,com.baidu.input_mi,com.android.deskclock,com.iflytek.inputmethod.miui,com.duokan.reader,com.android.camera,com.xiaomi.market,com.miui.cleanmaster,com.mfashiongallery.emag,com.android.calendar,com.miui.player,com.android.soundrecorder,com.miui.tsmclient,com.miui.fm,com.miui.huanji,com.android.nfc,com.xiaomi.scanner,com.mipay.wallet,com.miui.yellowpage,com.android.providers.downloads,com.miui.virtualsim,com.xiaomi.aiasst.service,com.miui.miservice,com.miui.compass,com.milink.service,com.miui.packageinstaller,com.google.android.apps.maps,ru.yandex.yandexmaps,com.gallery.player,com.xiaomi.calendar,com.android.providers.downloads.ui,com.miui.cit,com.whatsapp,com.google.android.gm,com.amazon.mShop.android.shopping,com.instagram.android,com.android.chrome,com.miui.bugreport'
mist_intl/fps_local.config	fps_group.list60	'com.android.incallui,com.android.camera,com.mfashiongallery.emag,com.miui.tsmclient,com.miui.huanji,com.xiaomi.scanner,com.miui.compass,com.google.android.apps.maps,ru.yandex.yandexmaps'
muyu/fps_local.config	fps_smart_group.list60	'com.android.incallui,com.sohu.inputmethod.sogou.xiaomi,com.baidu.input_mi,com.android.deskclock,com.iflytek.inputmethod.miui,com.duokan.reader,com.android.camera,com.xiaomi.market,com.miui.cleanmaster,com.mfashiongallery.emag,com.android.calendar,com.miui.player,com.android.soundrecorder,com.miui.tsmclient,com.miui.fm,com.miui.huanji,com.android.nfc,com.xiaomi.scanner,com.mipay.wallet,com.miui.yellowpage,com.android.providers.downloads,com.miui.virtualsim,com.xiaomi.aiasst.service,com.miui.bugreport,com.miui.compass,com.milink.service,com.miui.packageinstaller,com.youku.phone,tv.danmaku.bilibilihd,tv.danmaku.bili,com.alibaba.android.rimet,com.tencent.wemeet.app,com.duowan.kiwi,com.sohu.inputmethod.sogou.xiaomi,air.tv.douyu.android,com.iflytek.inputmethod.miui,com.dragon.read,com.netease.cloudmusic,com.chaoxing.mobile,com.kmxs.reader,com.baidu.input_mi,com.tencent.qqmusic,com.kugou.android,tv.hanju.lite,com.sinyee.babybus.recommendapp,com.zhongduomei.rrmj.society,com.tencent.edu,com.ximalaya.ting.android,com.google.android.youtube,com.youku.pad,com.qiyi.video.child,com.hongen.app.word,com.tencent.weread,com.xiaohei.xiaoheiapps,org.xinkb.blackboard.android,com.yuantiku.tutor,com.shusheng.JoJoRead,com.miui.securityinputmethod,com.duokan.reader,cn.com.langeasy.LangEasyLexis,com.sohu.inputmethod.sogou,com.duoduo.child.story,com.sinyee.babybus.world,com.cmcc.cmvideo,com.maimemo.android.momo,com.youdao.dict,com.lemon.lv,com.qidian.QDReader,com.iflytek.inputmethod,com.huahuo.hhspfilms,com.app.moontv,com.xs.fm,com.eg.android.AlipayGphone,com.shanbay.sentence,com.bestv.app,com.shuqi.controller,com.example.notes.kyjsb,com.dianshijia.tvlive,com.jp1.xg1,com.duokan.hdreader,com.kuaikan.comic,com.sinyee.babybus.chants,com.videogo,com.jiongji.andriod.card,io.legado.app.release,cn.cntvhd,com.mxtech.videoplayer.ad,com.chaozh.iReaderFree,com.tencent.qqmusicpad,com.bb.happykids,com.jjwxc.reader,com.chuyiapp.cy,com.chaozh.iReader.dj,com.sw.battery1,com.starmoon.smfilms,cn.kuwo.player,com.yueyou.adreader,com.dianshijia.newlive,com.zhpphls.banma,com.xfp.kit,com.csd.newyunketang,com.bilibili.comic,com.huli.hlfilms,com.xs.video.bayi,com.xingxingsp.xxspfilms,com.sevenVideo.app.android,com.kkzy.browser,com.qihoo360.mobilesafe,com.qq.reader,com.android.providers.downloads.ui,com.miui.cit'
muyu/fps_local.config	fps_smart_group.list90	'com.android.browser,com.miui.gallery,com.xiaomi.mihomemanager,com.miui.newhome,com.miui.weather2,com.miui.hybrid,com.xiaomi.smarthome,com.android.quicksearchbox,com.android.fileexplorer,com.xiaomi.gamecenter,com.xiaomi.vipaccount,com.miui.cloudservice,com.android.email,com.xiaomi.wearable,com.xiaomi.youpin,com.mi.health,cn.wps.moffice_eng.xiaomi.lite,com.xiaomi.hm.health,com.ss.android.article.news,com.baidu.netdisk,com.baidu.searchbox,com.xingin.xhs,com.ss.android.article.lite,com.quark.browser,com.tencent.mtt,com.UCMobile,com.taobao.taobao,com.xunmeng.pinduoduo,com.baidu.homework,com.sina.weibo,cn.eeo.classin,com.xunlei.downloadprovider,com.baidu.searchbox.lite,com.hexin.plat.android,com.taobao.live,com.zhihu.android,com.kuaiduizuoye.scan,cn.xuexi.android,com.tvbc.maiduidui,com.android.chrome,com.jingdong.app.mall,com.sup.android.superb,com.eastmoney.android.berlin,com.microsoft.emmx,com.tencent.news,com.mampod.ergedd,com.gotokeep.keep,com.estrongs.android.pop,com.lofter.android,com.tencent.karaoke,com.able.wisdomtree,com.alicloud.databox,com.netease.edu.ucmooc,com.sankuai.meituan.meituanwaimaibusiness,com.excean.gspace,com.hujiang.cctalk,com.tencent.wework,cn.xiaochuankeji.tieba,com.fluidtouch.noteshelf2,com.xiwang.zaixian,com.A17zuoye.mobile.homework,com.flexcil.flexcilnote,com.xiaoe.client,com.netease.mhxyhtb,com.baidu.tieba,com.yizhilu.qh,com.fenbi.android.solar,com.taptap,com.zuoyebang.airclass,com.taobao.idlefish,com.x8zs.sandbox,uni.UNIB957356,com.dongao.kaoqian.phone,com.yiyou.ga,com.playgame.havefun,com.handsgo.jiakao.android,com.gkid.crazyrope,com.yidian.zxpad,com.fenbi.android.leo,com.bokecc.dance,edu.www.qsxt,net.huanci.hsj,com.sankuai.meituan,com.android.pcmode,com.adsk.sketchbook,com.qihoo.browser,com.qq.ac.android,mark.via,com.xiaomi.bluetooth,com.duowan.mobile,cn.soulapp.android,com.yinghuadongman.app,com.mihoyo.hyperion,com.gbits.atm.leiting,com.netease.a13.avg,com.vmos.pro,com.tencent.start,com.netease.newsreader.activity,com.ss.android.auto,com.huatu.handheld_huatu,com.haixue.app.android.HaixueAcademy.h4,com.xuanke.kaochong,net.chinaedu.alioth,com.edu24ol.newclass,com.yuncheapp.android.pearl,com.yongshi.tenojo.ys,com.eoffcn.mobile,me.ele.napos,com.chaoge.athena_android,com.ifttt.ifttt,org.mozilla.firefox,com.excean.splay,com.twitter.android,com.android.dazhihui,com.levelinfinite.apexlegendsmobile'
muyu/fps_local.config	fps_group.list60	'com.android.incallui,com.android.camera,com.mfashiongallery.emag,com.miui.tsmclient,com.miui.huanji,com.xiaomi.scanner,com.miui.compass,cn.com.langeasy.LangEasyLexis,io.legado.app.release,com.qihoo360.mobilesafe,com.qq.reader'
muyu_intl/fps_local.config	fps_smart_group.list60	'com.bilibili.comic,com.tencent.wemeet.app,com.android.incallui,com.sohu.inputmethod.sogou.xiaomi,com.baidu.input_mi,com.android.deskclock,com.iflytek.inputmethod.miui,com.miui.video,com.duokan.reader,com.android.camera,com.xiaomi.market,com.miui.cleanmaster,com.mfashiongallery.emag,com.android.calendar,com.miui.player,com.android.soundrecorder,com.miui.tsmclient,com.miui.fm,com.miui.huanji,com.android.nfc,com.xiaomi.scanner,com.mipay.wallet,com.miui.yellowpage,com.android.providers.downloads,com.miui.virtualsim,com.xiaomi.aiasst.service,com.miui.bugreport,com.miui.compass,com.milink.service,com.miui.packageinstaller,com.miui.mediaviewer,com.google.android.youtube,com.zhiliaoapp.musically,com.ss.android.ugc.trill,com.google.android.googlequicksearchbox,com.truecaller,org.telegram.messenger,com.mxtech.videoplayer.ad,com.netflix.mediaclient,in.startv.hotstar,in.startv.hotstaronly,com.snapchat.android,com.viber.voip,com.google.android.apps.maps,com.zhiliaoapp.musically.go,com.vanced.android.youtube,com.google.android.apps.docs,us.zoom.videomeetings,com.google.android.gm,com.playit.videoplayer,in.mohalla.sharechat,com.nemo.vidmate,com.kwai.video,com.google.android.apps.tachyon,com.gallery.player,in.mohalla.video,com.shopee.id,com.microsoft.teams,com.funnypuri.client,com.jio.jioplay.tv,com.kwai.bulldog,wp.wattpad,com.google.android.apps.youtube.music,com.google.android.apps.youtube.kids,com.spotify.music,com.flipkart.android,com.waze,com.lemon.lvoverseas,ru.yandex.yandexnavi,com.amazon.avod.thirdpartyclient,tv.twitch.android.app,com.meesho.supply,com.pinterest,com.app.dream11Pro,com.tv.v18.viola,ru.yandex.taximeter,com.graymatrix.did,com.google.android.apps.youtube.mango,com.avito.android,com.phonepe.app,video.tiki,com.lazada.android,com.alibaba.aliexpresshd,trendyol.com,org.videolan.vlc,in.amazon.mShop.android.shopping,com.firsttouchgames.dls7,com.aero,ir.medu.shad,org.xbet.client1,com.lenovo.anyshare.gps,com.next.innovation.takatak,com.google.android.apps.nbu.paisa.user,com.wildberries.ru,video.like,com.kwai.kuaishou.video.live,com.amazon.mShop.android.shopping,com.moonvideo.android.resso,com.google.android.apps.classroom,com.microsoft.office.outlook,com.camerasideas.instashot,com.ubercab.driver,com.prisbank.app,com.starmakerinteractive.starmaker,free.tube.premium.advanced.tuber,com.gojek.partner,mobi.mangatoon.novel,mobi.mangatoon.novel.portuguese,com.sonyliv,sg.bigo.live,com.nexstreaming.app.kinemasterfree,in.mohalla.video.lite,com.shopee.br,com.mercadolibre,com.zzkko,net.one97.paytm,com.cardfeed.video_public,com.naver.linewebtoon,world.social.group.video.share,com.adv.videoplayer.app,com.bstar.intl,com.pratilipi.mobile.android,com.ss.android.ugc.aweme,com.huya.nimo,com.tencent.qqlivei18n,com.duolingo,com.whereismytrain.android,com.whereismytraingadi.trainstatus.livetrainlocation,com.disney.disneyplus,com.shopee.my,com.iqiyi.i18n,ru.ozon.app.android,com.hbo.hbonow,ru.yandex.yandexmaps,com.duokan.phone.remotecontroller,com.shopee.ph,org.jw.jwlibrary.mobile,ir.resaneh1.iptv,video.player.videoplayer,com.jio.myjio,com.vidio.android,com.tokopedia.tkpd,com.unacademyapp,com.msf.angelmobile,com.eterno.shortvideos,com.ak.ta.dainikbhaskar.activity,com.skype.raider,com.google.android.apps.magazines,jp.ne.ibis.ibispaintx.app,sinet.startup.inDriver,com.myntra.android,com.offshore.pikashow,ru.dublgis.dgismobile,in.startv.hotstar.dplus,com.sahibinden,com.dywx.larkplayer,co.brainly,com.bsbportal.music,com.mxtech.videoplayer.beta,com.flatfish.cal.privacy,com.maleo.bussimulatorid,com.taxsee.driver,com.viki.android,com.ubercab,mobi.mangatoon.comics.aphone,xyz.penpencil.physicswala,org.readera,com.jio.media.jiobeats,ir.divar,com.cisco.webex.meetings,com.instander.android,com.olacabs.oladriver,com.vuclip.viu,com.olx.southasia,com.grab.merchant,com.amazon.mp3,com.shadow.blackhole,mrt.battery.health,com.pay4vend.pay4vend,idm.internet.download.manager,in.upstox.app,com.video.fun.app,com.application.zomato,com.schibsted.bomnegocio.androidApp,com.jio.media.ondemand,com.dragon.read,tv.danmaku.bilibilihd,tv.danmaku.bili,com.tencent.qqlive,com.miui.cit,com.xiaomi.calendar,com.android.providers.downloads.ui'
muyu_intl/fps_local.config	fps_smart_group.list90	'com.mi.globalbrowser,com.android.browser,com.miui.gallery,com.xiaomi.mihomemanager,com.miui.newhome,com.miui.weather2,com.miui.hybrid,com.xiaomi.smarthome,com.android.quicksearchbox,com.android.fileexplorer,com.xiaomi.gamecenter,com.xiaomi.vipaccount,com.miui.cloudservice,com.android.email,com.xiaomi.wearable,com.xiaomi.youpin,com.mi.health,cn.wps.moffice_eng.xiaomi.lite,com.xiaomi.hm.health,com.whatsapp,com.facebook.katana,com.instagram.android,com.android.chrome,com.google.android.inputmethod.latin,com.facebook.orca,com.facebook.lite,com.gbwhatsapp,com.vkontakte.android,com.whatsapp.w4b,com.twitter.android,com.android.vending,com.imo.android.imoim,ru.yandex.searchplugin,com.mint.keyboard,ru.ok.android,jp.naver.line.android,com.yandex.browser,org.telegram.plus,com.discord,com.touchtype.swiftkey,com.zing.zalo,com.fmwhatsapp,com.UCMobile.intl,com.yowhatsapp,com.WhatsApp2Plus,com.opera.browser,com.opera.mini.native,com.google.android.apps.inputmethod.hindi,com.binance.dev,com.imo.android.imoimbeta,com.snaptube.premium,com.eterno,com.google.android.apps.translate,com.imo.android.imoimhd,com.celltick.lockscreen,ir.ilmili.telegraph,com.clusterdev.malayalamkeyboard,com.facebook.mlite,com.brave.browser,com.michatapp.im,com.obwhatsapp,com.microsoft.office.word,org.mozilla.firefox,com.bit.androsmart.kbinapp,com.tinder,com.emoji.coolkeyboard,im.thebot.messenger,com.picsart.studio,com.simejikeyboard,com.instapro.android,com.linkedin.android,com.alightcreative.motion,com.grindrapp.android,com.uc.browser.en,com.adobe.reader,com.ziipin.softkeyboard.saudi,com.vng.inputmethod.labankey,com.reddit.frontpage,com.yy.hiyo,com.wrx.wazirx,site.realanime.animlov.animlov,com.perm.kate_new_6,com.instagram.lite,re.sova.five,com.badoo.mobile,com.gbwhatsapp3,com.hamrokeyboard,com.fontskeyboard.fonts,org.thunderdog.challegram,com.litatom.app,com.sec.android.app.sbrowser,com.canva.editor,com.instapro.app,com.vtosters.android,com.yandex.zen,com.jtwhatsapp,com.teslacoilsw.launcher,com.android.htmlviewer,blackrussia.online,com.cricbuzz.android,com.nextbillion.groww,com.hsv.freeadblockerbrowser,lk.bhasha.helakuru,com.microsoft.office.officehubrow,sun.way2sms.hyd.com,org.thoughtcrime.securesms,org.vidogram.messenger,com.blueWAplus,com.hb.dialer.free,net.metaquotes.metatrader4,info.sunista.app,org.telegram.messenger.web,com.gojek.app,com.youdao.hindict,com.google.android.packageinstaller,com.intsig.camscanner,com.jb.emoji.gokeyboard,com.ziipin.softkeyboard.dz,com.ss.android.article.news'
muyu_intl/fps_local.config	fps_group.list60	'com.android.incallui,com.miui.video,com.android.camera,com.mfashiongallery.emag,com.miui.tsmclient,com.miui.huanji,com.xiaomi.scanner,com.miui.compass,com.miui.mediaviewer,com.google.android.youtube,com.zhiliaoapp.musically,com.ss.android.ugc.trill,com.mxtech.videoplayer.ad,com.netflix.mediaclient,in.startv.hotstar,in.startv.hotstaronly,com.google.android.apps.maps,com.zhiliaoapp.musically.go,com.vanced.android.youtube,com.playit.videoplayer,in.mohalla.sharechat,com.nemo.vidmate,com.kwai.video,com.gallery.player,in.mohalla.video,com.funnypuri.client,com.jio.jioplay.tv,com.kwai.bulldog,wp.wattpad,com.google.android.apps.youtube.music,com.google.android.apps.youtube.kids,com.spotify.music,com.waze,ru.yandex.yandexnavi,com.amazon.avod.thirdpartyclient,tv.twitch.android.app,com.tv.v18.viola,ru.yandex.taximeter,com.graymatrix.did,com.google.android.apps.youtube.mango,video.tiki,org.videolan.vlc,com.aero,com.next.innovation.takatak,video.like,com.kwai.kuaishou.video.live,com.moonvideo.android.resso,com.starmakerinteractive.starmaker,free.tube.premium.advanced.tuber,mobi.mangatoon.novel,mobi.mangatoon.novel.portuguese,com.sonyliv,sg.bigo.live,com.nexstreaming.app.kinemasterfree,in.mohalla.video.lite,net.one97.paytm,com.cardfeed.video_public,com.naver.linewebtoon,world.social.group.video.share,com.adv.videoplayer.app,com.bstar.intl,com.pratilipi.mobile.android,com.ss.android.ugc.aweme,com.huya.nimo,com.tencent.qqlivei18n,com.disney.disneyplus,com.iqiyi.i18n,com.hbo.hbonow,org.jw.jwlibrary.mobile,ir.resaneh1.iptv,video.player.videoplayer,com.jio.myjio,com.vidio.android,com.eterno.shortvideos,com.skype.raider,com.google.android.apps.magazines,sinet.startup.inDriver,ru.dublgis.dgismobile,in.startv.hotstar.dplus,com.dywx.larkplayer,com.bsbportal.music,com.mxtech.videoplayer.beta,com.viki.android,mobi.mangatoon.comics.aphone,org.readera,com.jio.media.jiobeats,com.vuclip.viu,com.amazon.mp3,com.shadow.blackhole,com.video.fun.app,com.jio.media.ondemand'
myron/fps_local.config	fps_smart_group.list60	'com.ss.android.article.news,com.miui.cit,com.tmall.wireless,com.jingdong.app.mall,com.taobao.live,com.xunmeng.pinduoduo,com.qq.ac.android,com.milink.service,com.tencent.qqpinyin,com.baidu.input,com.iflytek.inputmethod,com.sohu.inputmethod.sogou,com.lechuan.mdxs,com.taobao.taobao,com.UCMobile,com.tencent.wemeet.app,com.chaozh.iReader.dj,com.sankuai.meituan.dispatch.crowdsource,com.chaozh.iReaderFree,com.cootek.crazyreader,com.sankuai.meituan.meituanwaimaibusiness,com.lalamove.huolala.driver,com.faloo.BookReader4Android,com.jjwxc.reader,io.legado.app.release,com.sankuai.meituan.dispatch.homebrew,com.hpbr.bosszhipin,com.lwby.breader.ad,com.snda.wifilocating,com.duoduo.child.story,me.ele.crowdsource,com.alukaxi.bqshugg.blue,com.tencent.map,com.flyersoft.seekbooks,me.ele.napos,com.jingyao.easybike,cn.kuwo.player,com.yiyou.ga,com.ninesixshop.say,com.tmri.app.main,com.lechuan.midunovel,com.comics.bika,com.kuangxiangciweimao.novel,com.sdu.didi.psnger,com.bokecc.dance,com.duowan.mobile,com.ifreetalk.ftalk,com.kugou.android.elder,com.kuaidi.daijia.driver,com.dongqiudi.news,com.bilibili.comic,com.xiwei.logistics,com.huaxiaozhu.driver,com.xinchuzu.driver,com.jd.pingou,com.tool.biqudaogexs,com.tool.txtqbydq,com.baidu.yuedu,com.relief.space.master.cleaner,com.mampod.ergedd,com.ophone.reader.ui,com.ishansong,com.ximalaya.ting.lite,com.sfexpress.knight,com.mianfeizs.book,com.didapinche.booking,com.jryg.driver,com.tadu.read,com.android.incallui,com.android.camera,com.autonavi.minimap,com.sdu.didi.gsui,com.baidu.BaiduMap,com.duokan.reader,tv.danmaku.bili,com.dragon.read,com.kmxs.reader,com.eg.android.AlipayGphone,com.kugou.android,com.netease.cloudmusic,com.lechuan.mdwz,com.tencent.karaoke,com.qidian.QDReader,com.shuqi.controller,com.tencent.qqmusic,com.duokan.free,com.qq.reader,com.yueyou.adreader,com.ximalaya.ting.android,com.tencent.weread,com.android.deskclock,com.miui.cleanmaster,com.mfashiongallery.emag,com.android.calendar,com.android.soundrecorder,com.miui.fm,com.miui.huanji,com.xiaomi.scanner,com.miui.yellowpage,com.android.providers.downloads.ui,com.miui.virtualsim,com.xiaomi.aiasst.service,com.miui.compass,com.miui.miservice,com.miui.packageinstaller,com.miui.player,com.kuaiyin.player,com.tencent.edu,com.wondertek.miguaikan,com.cmcc.cmvideo,com.kuaikan.comic,com.xs.fm,com.youku.phone,com.sup.android.superb,com.phoenix.read,com.dz.hmjc,com.jz.xydj,com.diotc.qojfqkj,com.taige.miaokan,com.taige.mygold,com.ss.android.yumme.video,cn.missevan,com.eggflower.read,cn.kuwo.tingshu.lite,com.picacomic.fregata'
myron/fps_local.config	fps_group.list60	'com.miui.huanji,com.miui.cit,com.baidu.input,com.iflytek.inputmethod,com.sohu.inputmethod.sogou,com.tencent.wemeet.app,com.ifreetalk.ftalk,com.kuaidi.daijia.driver,com.xiwei.logistics,com.xinchuzu.driver,com.mampod.ergedd,com.android.incallui,com.android.camera,com.mfashiongallery.emag,com.xiaomi.scanner,com.miui.compass,com.autonavi.minimap,com.sdu.didi.gsui,com.baidu.BaiduMap,com.tencent.map,tv.danmaku.bili'
myron_id/fps_local.config	fps_smart_group.list60	'com.android.deskclock,com.android.camera,com.miui.player,com.miui.cleanmaster,com.android.soundrecorder,com.miui.cleaner,com.xiaomi.calendar,com.google.android.calendar,com.android.calendar,com.android.incallui,com.netflix.mediaclient,com.google.android.apps.maps,com.xiaomi.scanner,com.google.android.googlequicksearchbox,com.truecaller,org.telegram.messenger,com.snapchat.android,com.viber.voip,com.google.android.apps.docs,com.google.android.apps.tachyon,com.shopee.id,com.microsoft.teams,com.flipkart.android,com.meesho.supply,com.pinterest,com.app.dream11Pro,com.avito.android,com.phonepe.app,com.alibaba.aliexpresshd,trendyol.com,ir.medu.shad,org.xbet.client1,com.google.android.apps.nbu.paisa.user,com.wildberries.ru,com.amazon.mShop.android.shopping,com.google.android.apps.classroom,com.microsoft.office.outlook,com.camerasideas.instashot,com.ubercab.driver,com.prisbank.app,com.gojek.partner,com.shopee.br,com.mercadolibre,com.zzkko,com.duolingo,com.whereismytrain.android,com.whereismytraingadi.trainstatus.livetrainlocation,com.shopee.my,com.tokopedia.tkpd,com.unacademyapp,com.msf.angelmobile,com.ak.ta.dainikbhaskar.activity,jp.ne.ibis.ibispaintx.app,com.myntra.android,com.offshore.pikashow,com.sahibinden,co.brainly,com.flatfish.cal.privacy,com.ubercab,xyz.penpencil.physicswala,ir.divar,com.cisco.webex.meetings,com.instander.android,com.olacabs.oladriver,com.vuclip.viu,com.olx.southasia,com.whatsapp,com.facebook.katana,com.instagram.android,com.android.chrome,com.facebook.orca,com.facebook.lite,com.gbwhatsapp,com.vkontakte.android,com.whatsapp.w4b,com.twitter.android,com.android.vending,com.imo.android.imoim,ru.ok.android,jp.naver.line.android,com.yandex.browser,org.telegram.plus,cn.wps.moffice_eng,com.discord,com.zing.zalo,com.fmwhatsapp,com.UCMobile.intl,com.yowhatsapp,com.WhatsApp2Plus,com.opera.browser,com.opera.mini.native,com.binance.dev,com.imo.android.imoimbeta,com.eterno,com.google.android.apps.translate,com.imo.android.imoimhd,ir.ilmili.telegraph,com.facebook.mlite,com.brave.browser,com.michatapp.im,com.obwhatsapp,org.mozilla.firefox,im.thebot.messenger,com.picsart.studio,com.linkedin.android,com.alightcreative.motion,com.grindrapp.android,com.uc.browser.en,com.reddit.frontpage,com.yy.hiyo,com.perm.kate_new_6,com.instagram.lite,re.sova.five,com.badoo.mobile,com.gbwhatsapp3,org.thunderdog.challegram,com.litatom.app,com.sec.android.app.sbrowser,com.canva.editor,com.instapro.app,com.vtosters.android,com.yandex.zen,com.jtwhatsapp,blackrussia.online,com.cricbuzz.android,com.nextbillion.groww,org.thoughtcrime.securesms,org.vidogram.messenger,com.blueWAplus,org.telegram.messenger.web,com.gojek.app,com.intsig.camscanner,mrt.battery.health,com.pay4vend.pay4vend,idm.internet.download.manager,in.upstox.app,com.application.zomato,com.schibsted.bomnegocio.androidApp'
myron_id/fps_local.config	fps_group.list60	'com.android.camera,com.android.incallui,com.netflix.mediaclient,com.google.android.apps.maps,com.xiaomi.scanner'
myron_intl/fps_local.config	fps_smart_group.list60	'com.android.deskclock,com.android.camera,com.miui.player,com.miui.cleanmaster,com.android.soundrecorder,com.miui.cleaner,com.xiaomi.calendar,com.google.android.calendar,com.android.calendar,com.android.incallui,com.netflix.mediaclient,com.google.android.apps.maps,ru.yandex.yandexmaps,com.xiaomi.scanner,com.google.android.googlequicksearchbox,com.truecaller,org.telegram.messenger,com.snapchat.android,com.viber.voip,com.google.android.apps.docs,us.zoom.videomeetings,com.google.android.gm,com.google.android.apps.tachyon,com.shopee.id,com.microsoft.teams,com.flipkart.android,com.lemon.lvoverseas,com.meesho.supply,com.pinterest,com.app.dream11Pro,com.avito.android,com.phonepe.app,com.lazada.android,com.alibaba.aliexpresshd,trendyol.com,in.amazon.mShop.android.shopping,com.firsttouchgames.dls7,ir.medu.shad,org.xbet.client1,com.lenovo.anyshare.gps,com.google.android.apps.nbu.paisa.user,com.wildberries.ru,com.amazon.mShop.android.shopping,com.google.android.apps.classroom,com.microsoft.office.outlook,com.camerasideas.instashot,com.ubercab.driver,com.prisbank.app,com.gojek.partner,com.shopee.br,com.mercadolibre,com.zzkko,com.duolingo,com.whereismytrain.android,com.whereismytraingadi.trainstatus.livetrainlocation,com.shopee.my,ru.ozon.app.android,com.duokan.phone.remotecontroller,com.shopee.ph,com.tokopedia.tkpd,com.unacademyapp,com.msf.angelmobile,com.ak.ta.dainikbhaskar.activity,jp.ne.ibis.ibispaintx.app,com.myntra.android,com.offshore.pikashow,com.sahibinden,co.brainly,com.flatfish.cal.privacy,com.maleo.bussimulatorid,com.taxsee.driver,com.ubercab,xyz.penpencil.physicswala,ir.divar,com.cisco.webex.meetings,com.instander.android,com.olacabs.oladriver,com.vuclip.viu,com.olx.southasia,mrt.battery.health,com.pay4vend.pay4vend,idm.internet.download.manager,in.upstox.app,com.application.zomato,com.schibsted.bomnegocio.androidApp,com.whatsapp,com.instagram.android,com.imo.android.imoim,com.instagram.lite,iflix.play,com.tencent.videolite.android,cn.amazon.mShop.android'
myron_intl/fps_local.config	fps_group.list60	'com.android.camera,com.android.incallui,com.netflix.mediaclient,com.google.android.apps.maps,com.xiaomi.scanner'
nezha/fps_local.config	fps_smart_group.list60	'com.android.incallui,com.android.camera,com.xiaomi.scanner,com.miui.mediaviewer,com.ss.android.ugc.aweme,com.ss.android.ugc.aweme.lite,com.kuaishou.nebula,com.smile.gifmaker,com.baidu.haokan,com.xiaomi.phone'
nezha/fps_local.config	fps_smart_group.list90	'com.ss.android.article.news,com.xunmeng.pinduoduo,com.taobao.taobao,com.ss.android.article.lite,com.baidu.searchbox,com.UCMobile,com.youku.phone,com.ss.android.ugc.live,com.taobao.live,com.jingdong.app.mall,com.sohu.inputmethod.sogou,com.quark.browser,com.sdu.didi.gsui,com.iflytek.inputmethod,com.sankuai.meituan,com.sup.android.superb,com.kugou.android,com.netease.cloudmusic,com.taobao.litetao,com.tencent.karaoke,com.baidu.netdisk,com.hexin.plat.android,com.taobao.idlefish,com.tencent.qqmusic,com.chaoxing.mobile,com.ximalaya.ting.android,com.eastmoney.android.berlin,com.baidu.homework,cn.wps.moffice_eng,com.xs.fm,com.tencent.wemeet.app,com.yuncheapp.android.pearl,com.sankuai.meituan.dispatch.crowdsource,com.xunlei.downloadprovider,com.sankuai.meituan.meituanwaimaibusiness,com.lemon.lv,com.lalamove.huolala.driver,com.faloo.BookReader4Android,com.jjwxc.reader,com.baidu.searchbox.tomas,com.achievo.vipshop,me.ele,com.baidu.input,com.sankuai.meituan.dispatch.homebrew,com.lphtsccft,com.sogou.activity.src,com.cmcc.cmvideo,com.handsgo.jiakao.android,com.snda.wifilocating,cn.youth.news,com.able.wisdomtree,com.tencent.weishi,com.duoduo.child.story,com.sankuai.meituan.takeoutnew,com.meta.box,me.ele.crowdsource,com.alukaxi.bqshugg.blue,com.example.xrk,com.tencent.qqpinyin,com.flyersoft.seekbooks,me.ele.napos,com.tencent.qqsports,com.lofter.android,com.taobao.qianniu,com.xunmeng.merchant,com.tencent.qt.qtl,com.youdao.dict,com.jingyao.easybike,com.alibaba.wireless,cn.kuwo.player,com.kuaiyin.player,com.yiyou.ga,com.cainiao.wireless,com.android.dazhihui,com.ninesixshop.say,com.tmri.app.main,android.zhibo8,com.jiongji.andriod.card,com.picacomic.fregata,com.gf.client,com.fenbi.android.servant,com.kuangxiangciweimao.novel,com.unionpay,com.soft.blued,com.sdu.didi.psnger,com.cubic.autohome,com.maimemo.android.momo,com.kuaiduizuoye.scan,com.guotai.dazhihui,com.fenbi.android.zhaojiao,com.qq.ac.android,com.chinamworld.main,com.bokecc.dance,com.fenbi.android.solar,com.guzhen.xiucai,com.tencent.tim,com.glodon.drawingexplorer,com.dianping.v1,com.duowan.mobile,com.gotokeep.keep,com.icbc,com.excelliance.dualaid,com.mt.mtxx.mtxx,com.t3go.driver,com.ifreetalk.ftalk,com.android.haitong,com.kugou.android.elder,com.mihoyo.hyperion,com.hundsun.winner.pazq,mark.via,com.kuaidi.daijia.driver,com.android.bankabc,com.bilibili.comic,me.yidui,com.hipu.yidian,com.xiwei.logistics,com.huaxiaozhu.driver,com.xinchuzu.driver,com.jxedt,com.shanbay.sentence,com.kuaikan.comic,com.zxscnew,com.wondertek.miguaikan,com.taptap,com.chinamworld.bocmbci,com.excean.gspace,com.tencent.gamehelper.smoba,com.galaxy.stock,com.tencent.edu,com.jd.pingou,cmb.pb,cn.com.langeasy.LangEasyLexis,com.whatsapp,com.ss.android.ugc.livelite,com.abxsss.app,com.tsingzone.questionbank,com.x8zs.sandbox,com.relief.space.master.cleaner,com.mampod.ergedd,com.zjwh.android_wh_physicalfitness,com.sinovatech.unicom.ui,com.zjy.ykt,com.xt.retouch,com.ishansong,com.wepie.weplay,com.qsmy.walkmonkey,com.ximalaya.ting.lite,com.MobileTicket,com.cmschina.stock,com.sfexpress.knight,com.sinyee.babybus.recommendapp,com.didapinche.booking,com.netease.edu.ucmooc,com.eastmoney.android.fund,com.kwai.videoeditor,com.jryg.driver,com.sohu.inputmethod.sogou.xiaomi,com.android.browser,com.baidu.input_mi,com.android.deskclock,com.iflytek.inputmethod.miui,com.miui.gallery,com.duokan.reader,com.miui.newhome,com.xiaomi.market,com.miui.cleanmaster,com.mfashiongallery.emag,com.android.calendar,com.miui.player,com.miui.hybrid,com.xiaomi.smarthome,com.android.quicksearchbox,com.android.soundrecorder,com.android.fileexplorer,com.xiaomi.gamecenter,com.xiaomi.vipaccount,com.miui.fm,com.miui.huanji,com.miui.yellowpage,com.miui.cloudservice,com.android.email,com.android.providers.downloads,com.miui.virtualsim,com.xiaomi.wearable,com.xiaomi.aiasst.service,com.miui.bugreport,com.miui.compass,com.milink.service,com.miui.packageinstaller,com.xiaomi.youpin,com.mi.health,cn.wps.moffice_eng.xiaomi.lite,com.xiaomi.hm.health'
nezha/fps_local.config	fps_group.list60	'com.android.incallui,com.android.camera,com.xiaomi.scanner,com.miui.mediaviewer,com.xiaomi.phone'
nezha_intl/fps_local.config	fps_smart_group.list60	'com.android.incallui,com.android.camera,com.xiaomi.scanner,com.miui.mediaviewer,com.xiaomi.phone'
nezha_intl/fps_local.config	fps_smart_group.list90	'com.google.android.youtube,com.zhiliaoapp.musically,com.ss.android.ugc.trill,com.google.android.googlequicksearchbox,com.truecaller,com.mxtech.videoplayer.ad,com.netflix.mediaclient,in.startv.hotstar,in.startv.hotstaronly,com.viber.voip,com.google.android.apps.maps,com.zhiliaoapp.musically.go,com.vanced.android.youtube,com.google.android.apps.docs,us.zoom.videomeetings,com.google.android.gm,com.playit.videoplayer,in.mohalla.sharechat,ru.yandex.searchplugin,com.nemo.vidmate,com.kwai.video,com.google.android.apps.tachyon,com.gallery.player,in.mohalla.video,com.shopee.id,com.microsoft.teams,com.funnypuri.client,org.telegram.plus,cn.wps.moffice_eng,com.jio.jioplay.tv,com.kwai.bulldog,wp.wattpad,com.google.android.apps.youtube.music,com.google.android.apps.youtube.kids,com.spotify.music,com.flipkart.android,com.waze,com.lemon.lvoverseas,ru.yandex.yandexnavi,com.amazon.avod.thirdpartyclient,tv.twitch.android.app,com.meesho.supply,com.pinterest,com.app.dream11Pro,com.tv.v18.viola,ru.yandex.taximeter,com.graymatrix.did,com.google.android.apps.youtube.mango,com.avito.android,com.phonepe.app,video.tiki,com.lazada.android,com.alibaba.aliexpresshd,trendyol.com,org.videolan.vlc,in.amazon.mShop.android.shopping,com.firsttouchgames.dls7,com.aero,ir.medu.shad,org.xbet.client1,com.binance.dev,com.lenovo.anyshare.gps,com.next.innovation.takatak,com.google.android.apps.nbu.paisa.user,com.wildberries.ru,video.like,com.imo.android.imoimbeta,com.kwai.kuaishou.video.live,com.snaptube.premium,com.eterno,com.amazon.mShop.android.shopping,com.moonvideo.android.resso,com.google.android.apps.translate,com.google.android.apps.classroom,com.imo.android.imoimhd,com.microsoft.office.outlook,com.camerasideas.instashot,com.ubercab.driver,ir.ilmili.telegraph,com.prisbank.app,com.starmakerinteractive.starmaker,free.tube.premium.advanced.tuber,com.gojek.partner,com.facebook.mlite,mobi.mangatoon.novel,mobi.mangatoon.novel.portuguese,com.brave.browser,com.sonyliv,sg.bigo.live,com.michatapp.im,com.nexstreaming.app.kinemasterfree,in.mohalla.video.lite,com.shopee.br,com.obwhatsapp,com.mercadolibre,com.zzkko,net.one97.paytm,com.google.android.apps.tachyon,org.mozilla.firefox,com.cardfeed.video_public,com.tinder,com.naver.linewebtoon,world.social.group.video.share,im.thebot.messenger,com.adv.videoplayer.app,com.picsart.studio,com.instapro.android,com.bstar.intl,com.linkedin.android,com.pratilipi.mobile.android,com.ss.android.ugc.aweme,com.huya.nimo,com.tencent.qqlivei18n,com.duolingo,com.whereismytraingadi.trainstatus.livetrainlocation,com.whereismytrain.android,com.alightcreative.motion,com.grindrapp.android,com.disney.disneyplus,com.shopee.my,com.uc.browser.en,com.iqiyi.i18n,com.adobe.reader,ru.ozon.app.android,com.reddit.frontpage,com.hbo.hbonow,ru.yandex.yandexmaps,com.yy.hiyo,com.wrx.wazirx,com.duokan.phone.remotecontroller,com.perm.kate_new_6,com.shopee.ph,org.jw.jwlibrary.mobile,ir.resaneh1.iptv,video.player.videoplayer,com.instagram.lite,com.jio.myjio,com.vidio.android,com.tokopedia.tkpd,com.unacademyapp,re.sova.five,com.msf.angelmobile,com.eterno.shortvideos,com.ak.ta.dainikbhaskar.activity,com.badoo.mobile,com.skype.raider,com.google.android.apps.magazines,jp.ne.ibis.ibispaintx.app,sinet.startup.inDriver,com.gbwhatsapp3,com.myntra.android,com.offshore.pikashow,ru.dublgis.dgismobile,in.startv.hotstar.dplus,com.sahibinden,com.dywx.larkplayer,co.brainly,com.bsbportal.music,com.mxtech.videoplayer.beta,org.thunderdog.challegram,com.litatom.app,com.sec.android.app.sbrowser,com.flatfish.cal.privacy,com.maleo.bussimulatorid,com.taxsee.driver,com.canva.editor,com.viki.android,com.instapro.app,com.vtosters.android,com.yandex.zen,com.ubercab,mobi.mangatoon.comics.aphone,com.jtwhatsapp,xyz.penpencil.physicswala,blackrussia.online,org.readera,com.cricbuzz.android,com.jio.media.jiobeats,com.nextbillion.groww,ir.divar,com.cisco.webex.meetings,org.thoughtcrime.securesms,org.vidogram.messenger,com.blueWAplus,com.instander.android,com.olacabs.oladriver,com.vuclip.viu,org.telegram.messenger.web,com.gojek.app,com.olx.southasia,com.youdao.hindict,com.grab.merchant,com.intsig.camscanner,com.amazon.mp3,com.shadow.blackhole,mrt.battery.health,com.pay4vend.pay4vend,idm.internet.download.manager,in.upstox.app,com.video.fun.app,com.application.zomato,com.schibsted.bomnegocio.androidApp,com.jio.media.ondemand,com.yandex.browser,com.UCMobile.intl,com.opera.browser,com.opera.mini.native,com.hsv.freeadblockerbrowser,com.sohu.inputmethod.sogou.xiaomi,com.android.browser,com.baidu.input_mi,com.android.deskclock,com.iflytek.inputmethod.miui,com.miui.gallery,com.duokan.reader,com.miui.newhome,com.xiaomi.market,com.miui.cleanmaster,com.mfashiongallery.emag,com.android.calendar,com.miui.player,com.miui.hybrid,com.xiaomi.smarthome,com.android.quicksearchbox,com.android.soundrecorder,com.android.fileexplorer,com.xiaomi.gamecenter,com.xiaomi.vipaccount,com.miui.fm,com.miui.huanji,com.miui.yellowpage,com.miui.cloudservice,com.android.email,com.android.providers.downloads,com.miui.virtualsim,com.xiaomi.wearable,com.xiaomi.aiasst.service,com.miui.bugreport,com.miui.compass,com.milink.service,com.miui.packageinstaller,com.xiaomi.youpin,com.mi.health,cn.wps.moffice_eng.xiaomi.lite,com.xiaomi.hm.health'
nezha_intl/fps_local.config	fps_group.list60	'com.android.incallui,com.android.camera,com.xiaomi.scanner,com.miui.mediaviewer,com.xiaomi.phone'
obsidian_intl/fps_local.config	fps_smart_group.list60	'cn.amazon.mShop.android,com.android.incallui,com.sohu.inputmethod.sogou.xiaomi,com.baidu.input_mi,com.android.deskclock,com.iflytek.inputmethod.miui,com.miui.video,com.duokan.reader,com.android.camera,com.mfashiongallery.emag,com.miui.player,com.miui.tsmclient,com.miui.fm,com.miui.huanji,com.android.nfc,com.xiaomi.scanner,com.miui.yellowpage,com.miui.miservice,com.miui.compass,com.milink.service,com.miui.mediaviewer,com.google.android.youtube,com.whatsapp,com.facebook.katana,com.instagram.android,com.android.chrome,com.zhiliaoapp.musically,com.ss.android.ugc.trill,com.facebook.orca,com.facebook.lite,com.google.android.googlequicksearchbox,com.truecaller,org.telegram.messenger,com.gbwhatsapp,com.mxtech.videoplayer.ad,com.vkontakte.android,com.netflix.mediaclient,com.whatsapp.w4b,in.startv.hotstar,in.startv.hotstaronly,com.snapchat.android,com.viber.voip,com.google.android.apps.maps,com.zhiliaoapp.musically.go,com.vanced.android.youtube,com.google.android.apps.docs,com.twitter.android,com.android.vending,us.zoom.videomeetings,com.google.android.gm,com.playit.videoplayer,in.mohalla.sharechat,com.imo.android.imoim,ru.yandex.searchplugin,com.nemo.vidmate,com.kwai.video,ru.ok.android,com.google.android.apps.tachyon,jp.naver.line.android,com.gallery.player,in.mohalla.video,com.yandex.browser,com.shopee.id,com.microsoft.teams,com.funnypuri.client,org.telegram.plus,cn.wps.moffice_eng,com.jio.jioplay.tv,com.kwai.bulldog,com.discord,wp.wattpad,com.google.android.apps.youtube.music,com.google.android.apps.youtube.kids,com.spotify.music,com.flipkart.android,com.waze,com.zing.zalo,com.fmwhatsapp,com.lemon.lvoverseas,ru.yandex.yandexnavi,com.amazon.avod.thirdpartyclient,tv.twitch.android.app,com.meesho.supply,com.UCMobile.intl,com.pinterest,com.app.dream11Pro,com.tv.v18.viola,ru.yandex.taximeter,com.yowhatsapp,com.WhatsApp2Plus,com.graymatrix.did,com.google.android.apps.youtube.mango,com.avito.android,com.opera.browser,com.phonepe.app,video.tiki,com.opera.mini.native,com.lazada.android,com.alibaba.aliexpresshd,trendyol.com,org.videolan.vlc,in.amazon.mShop.android.shopping,com.firsttouchgames.dls7,com.aero,ir.medu.shad,org.xbet.client1,com.binance.dev,com.lenovo.anyshare.gps,com.next.innovation.takatak,com.google.android.apps.nbu.paisa.user,com.wildberries.ru,video.like,com.imo.android.imoimbeta,com.kwai.kuaishou.video.live,com.snaptube.premium,com.eterno,com.amazon.mShop.android.shopping,com.moonvideo.android.resso,com.google.android.apps.translate,com.google.android.apps.classroom,com.imo.android.imoimhd,com.microsoft.office.outlook,com.camerasideas.instashot,com.ubercab.driver,ir.ilmili.telegraph,com.prisbank.app,com.starmakerinteractive.starmaker,free.tube.premium.advanced.tuber,com.gojek.partner,com.facebook.mlite,mobi.mangatoon.novel,mobi.mangatoon.novel.portuguese,com.brave.browser,com.sonyliv,sg.bigo.live,com.michatapp.im,com.nexstreaming.app.kinemasterfree,in.mohalla.video.lite,com.shopee.br,com.obwhatsapp,com.mercadolibre,com.zzkko,net.one97.paytm,com.google.android.apps.tachyon,org.mozilla.firefox,com.cardfeed.video_public,com.tinder,com.naver.linewebtoon,world.social.group.video.share,im.thebot.messenger,com.adv.videoplayer.app,com.picsart.studio,com.instapro.android,com.bstar.intl,com.linkedin.android,com.pratilipi.mobile.android,com.ss.android.ugc.aweme,com.huya.nimo,com.tencent.qqlivei18n,com.duolingo,com.whereismytrain.android,com.whereismytraingadi.trainstatus.livetrainlocation,com.alightcreative.motion,com.grindrapp.android,com.disney.disneyplus,com.shopee.my,com.uc.browser.en,com.iqiyi.i18n,com.adobe.reader,ru.ozon.app.android,com.reddit.frontpage,com.hbo.hbonow,ru.yandex.yandexmaps,com.yy.hiyo,com.wrx.wazirx,com.duokan.phone.remotecontroller,com.perm.kate_new_6,com.shopee.ph,org.jw.jwlibrary.mobile,ir.resaneh1.iptv,video.player.videoplayer,com.instagram.lite,com.jio.myjio,com.vidio.android,com.tokopedia.tkpd,com.unacademyapp,re.sova.five,com.msf.angelmobile,com.eterno.shortvideos,com.ak.ta.dainikbhaskar.activity,com.badoo.mobile,com.skype.raider,com.google.android.apps.magazines,jp.ne.ibis.ibispaintx.app,sinet.startup.inDriver,com.gbwhatsapp3,com.myntra.android,com.offshore.pikashow,ru.dublgis.dgismobile,in.startv.hotstar.dplus,com.sahibinden,com.dywx.larkplayer,co.brainly,com.bsbportal.music,com.mxtech.videoplayer.beta,org.thunderdog.challegram,com.litatom.app,com.sec.android.app.sbrowser,com.flatfish.cal.privacy,com.maleo.bussimulatorid,com.taxsee.driver,com.canva.editor,com.viki.android,com.instapro.app,com.vtosters.android,com.yandex.zen,com.ubercab,mobi.mangatoon.comics.aphone,com.jtwhatsapp,xyz.penpencil.physicswala,blackrussia.online,org.readera,com.cricbuzz.android,com.jio.media.jiobeats,com.nextbillion.groww,ir.divar,com.cisco.webex.meetings,org.thoughtcrime.securesms,org.vidogram.messenger,com.blueWAplus,com.instander.android,com.olacabs.oladriver,com.vuclip.viu,org.telegram.messenger.web,com.gojek.app,com.olx.southasia,com.youdao.hindict,com.grab.merchant,com.intsig.camscanner,com.amazon.mp3,com.shadow.blackhole,mrt.battery.health,com.pay4vend.pay4vend,idm.internet.download.manager,in.upstox.app,com.video.fun.app,com.application.zomato,com.schibsted.bomnegocio.androidApp,com.jio.media.ondemand'
obsidian_intl/fps_local.config	fps_group.list60	'com.android.incallui,com.miui.video,com.android.camera,com.mfashiongallery.emag,com.miui.tsmclient,com.miui.huanji,com.xiaomi.scanner,com.miui.compass,com.miui.mediaviewer,com.google.android.youtube,com.zhiliaoapp.musically,com.ss.android.ugc.trill,com.mxtech.videoplayer.ad,com.netflix.mediaclient,in.startv.hotstar,in.startv.hotstaronly,com.google.android.apps.maps,com.zhiliaoapp.musically.go,com.vanced.android.youtube,us.zoom.videomeetings,com.google.android.gm,com.playit.videoplayer,in.mohalla.sharechat,ru.yandex.searchplugin,com.nemo.vidmate,com.kwai.video,com.gallery.player,in.mohalla.video,com.funnypuri.client,com.jio.jioplay.tv,com.kwai.bulldog,wp.wattpad,com.google.android.apps.youtube.music,com.google.android.apps.youtube.kids,com.spotify.music,com.waze,com.lemon.lvoverseas,ru.yandex.yandexnavi,com.amazon.avod.thirdpartyclient,tv.twitch.android.app,com.tv.v18.viola,ru.yandex.taximeter,com.graymatrix.did,com.google.android.apps.youtube.mango,video.tiki,com.lazada.android,org.videolan.vlc,in.amazon.mShop.android.shopping,com.firsttouchgames.dls7,com.aero,com.lenovo.anyshare.gps,com.next.innovation.takatak,video.like,com.kwai.kuaishou.video.live,com.snaptube.premium,com.moonvideo.android.resso,com.starmakerinteractive.starmaker,free.tube.premium.advanced.tuber,mobi.mangatoon.novel,mobi.mangatoon.novel.portuguese,com.sonyliv,sg.bigo.live,com.nexstreaming.app.kinemasterfree,in.mohalla.video.lite,net.one97.paytm,com.google.android.apps.tachyon,com.cardfeed.video_public,com.tinder,com.naver.linewebtoon,world.social.group.video.share,com.adv.videoplayer.app,com.instapro.android,com.bstar.intl,com.pratilipi.mobile.android,com.ss.android.ugc.aweme,com.huya.nimo,com.tencent.qqlivei18n,com.disney.disneyplus,com.iqiyi.i18n,com.adobe.reader,ru.ozon.app.android,com.hbo.hbonow,ru.yandex.yandexmaps,com.wrx.wazirx,com.duokan.phone.remotecontroller,com.shopee.ph,org.jw.jwlibrary.mobile,ir.resaneh1.iptv,video.player.videoplayer,com.jio.myjio,com.vidio.android,com.eterno.shortvideos,com.skype.raider,com.google.android.apps.magazines,sinet.startup.inDriver,ru.dublgis.dgismobile,in.startv.hotstar.dplus,com.dywx.larkplayer,com.bsbportal.music,com.mxtech.videoplayer.beta,com.maleo.bussimulatorid,com.taxsee.driver,com.viki.android,mobi.mangatoon.comics.aphone,org.readera,com.jio.media.jiobeats,com.vuclip.viu,com.amazon.mp3,com.shadow.blackhole,com.video.fun.app,com.jio.media.ondemand'
onyx/fps_local.config	fps_smart_group.list60	'com.android.incallui,com.sohu.inputmethod.sogou.xiaomi,com.baidu.input_mi,com.android.deskclock,com.iflytek.inputmethod.miui,com.miui.video,com.duokan.reader,com.android.camera,com.xiaomi.market,com.miui.cleanmaster,com.mfashiongallery.emag,com.android.calendar,com.miui.player,com.android.soundrecorder,com.miui.tsmclient,com.miui.fm,com.miui.huanji,com.android.nfc,com.xiaomi.scanner,com.mipay.wallet,com.miui.yellowpage,com.android.providers.downloads,com.miui.virtualsim,com.xiaomi.aiasst.service,com.miui.bugreport,com.miui.compass,com.milink.service,com.miui.packageinstaller,com.miui.videoplayer,com.gallery.player,com.miui.mediaviewer,com.miui.miservice,com.xiaomi.calendar,com.android.providers.downloads.ui,com.miui.cit,com.ss.android.ugc.aweme,com.eg.android.AlipayGphone,com.taobao.taobao,com.xunmeng.pinduoduo,com.kuaishou.nebula,com.ss.android.ugc.aweme.lite,com.smile.gifmaker,com.autonavi.minimap,com.sankuai.meituan,tv.danmaku.bili,com.jingdong.app.mall,com.dragon.read,com.tencent.qqmusic,com.kugou.android,com.netease.cloudmusic,com.baidu.BaiduMap,com.tencent.qqlive,com.ss.android.article.video,com.taobao.idlefish,com.qiyi.video,com.ximalaya.ting.android,me.ele,com.xs.fm,com.youku.phone,com.tmri.app.main,com.ss.android.ugc.live,com.android.bankabc,com.icbc,com.kmxs.reader,com.MobileTicket,com.cainiao.wireless,com.snda.wifilocating,com.lemon.lv,com.unionpay,com.iflytek.inputmethod,com.sankuai.meituan.takeoutnew,com.greenpoint.android.mc10086.activity,com.chinamworld.main,cmb.pb,com.sohu.inputmethod.sogou,com.mipay.wallet,com.chinamworld.bocmbci,com.taobao.litetao,com.duokan.reader,com.hexin.plat.android,com.dianping.v1,com.moji.mjweather,com.shizhuang.duapp,com.duowan.kiwi,com.tencent.androidqqmail,com.achievo.vipshop,com.tencent.karaoke,com.taobao.live,com.jingyao.easybike,ctrip.android.view,com.shiyueread.home,com.sinovatech.unicom.ui,com.ss.coupon,com.sdu.didi.psnger,com.qidian.QDReader,com.videogo,com.fido.asm,com.ss.funny,com.eastmoney.android.berlin,com.sgcc.wsgw.cn,com.hunantv.imgo.activity,com.jd.jrapp,com.tmall.wireless,com.luna.music,com.cmri.universalapp,com.mt.mtxx.mtxx,air.tv.douyu.android,com.wuba,com.dd.reading,com.tencent.map,com.xhey.xcamera,com.alibaba.wireless,com.ct.client,com.tencent.wemeet.app,com.baidu.haokan,com.lingmao.quickapp,com.ss.happy,com.yitong.mbank.psbc,com.yueme.itv,com.le123.ysdq,com.tencent.zebra,com.sup.android.superb,com.ss.discount,com.jiaohua_browser,com.fast.jrdwfx,com.Qunar,cn.xiaochuankeji.tieba,com.zhuiwenxiaoshuo.app,cn.gov.tax.its,com.moutai.mall,com.jj.cloudplay,com.anjuke.android.app,com.qiyi.video.lite,com.yj.ddyd,cn.kuwo.player,com.theate.video,com.youdao.dict,com.tencent.weread,com.intsig.camscanner,com.bankcomm.Bankcomm,com.galaxy.book,com.seetong.app.seetong,com.ygkj.chelaile.standard,com.picacomic.fregata,com.pingan.paces.ccms,com.xtc.watch,com.kugou.android.lite,com.tplink.ipc,com.sankuai.meituan.meituanwaimaibusiness,com.mfhzhsh.quickapp,com.lphtsccft,com.lianjia.beike,com.ss.fruit,com.network.xf100,com.midea.ai.appliances,com.shuqi.controller,com.sdu.didi.gsui,com.wuba.zhuanzhuan,com.hupu.shihuo,com.bankcomm.maidanba,com.cmbchina.ccd.pluto.cmbActivity,com.jsmcc,com.ss.joyful,com.hupu.games,com.clover.daysmatter,com.github.kr328.clash,com.ccb.longjiLife,com.blockchainvault,com.chaozh.iReader.dj,com.badoustudy.chenxin,com.yipiao,com.huawei.hwid,com.taobao.trip,com.meitu.meiyancamera,com.smzdm.client.android,com.sankuai.meituan.dispatch.crowdsource,com.tencent.weishi,cn.damai,com.gorgeous.lite,com.baidu.input,com.qq.reader,com.jjwxc.reader,com.ltkj.qyxd,com.qihoo.camera,com.yueyou.adreader,com.sankuai.youxuan,com.yoosee,com.yek.android.kfc.activitys,com.kwai.m2u,com.dd.library,com.pingguoad.quick,com.pingan.carowner,com.xs.fm.lite,com.kingpoint.gmcchh,com.imibaby.client,com.cc.cloudcomic,com.xunmeng.merchant,com.sf.activity,com.didapinche.booking,me.ele.napos,com.taobao.etao,com.xinhang.mobileclient,com.mayiread.home,com.chif.weather,com.gf.client,com.shumi.shumireader,com.netease.uu,com.wudaokou.hippo,com.njh.biubiu,com.jooan.qiaoanzhilian,cn.wenyu.bodian,com.iodkols.onekeylockscreen,com.google.android.youtube,com.haixingyd.home,com.sohu.sohuvideo,cn.hsa.app,com.android.dazhihui,com.mygolbs.mybus,com.tencent.qqsports,android.zhibo8,com.mm.android.lc,com.shark.jizhang,com.qq.ac.android,com.icbc.im,com.hundsun.winner.pazq,com.eastmoney.android.fund,com.pupumall.customer,com.cib.cibmb,com.cmcc.cmvideo,com.jd.jdlite,com.lechuan.mdwz,com.duokan.free,com.lechuan.mdxs,com.chaozh.iReaderFree,com.cootek.crazyreader,com.lalamove.huolala.driver,com.faloo.BookReader4Android,io.legado.app.release,com.sankuai.meituan.dispatch.homebrew,com.lwby.breader.ad,com.duoduo.child.story,me.ele.crowdsource,com.alukaxi.bqshugg.blue,com.tencent.qqpinyin,com.flyersoft.seekbooks,com.kuaiyin.player,com.yiyou.ga,com.ninesixshop.say,com.lechuan.midunovel,com.kuangxiangciweimao.novel,com.bokecc.dance,com.duowan.mobile,com.kugou.android.elder,com.dongqiudi.news,com.bilibili.comic,com.huaxiaozhu.driver,com.kuaikan.comic,com.wondertek.miguaikan,com.tencent.edu,com.jd.pingou,com.tool.biqudaogexs,com.tool.txtqbydq,com.baidu.yuedu,com.relief.space.master.cleaner,com.ophone.reader.ui,com.ishansong,com.ximalaya.ting.lite,com.sfexpress.knight,com.mianfeizs.book,com.jryg.driver,com.tadu.read,com.ifreetalk.ftalk,com.kuaidi.daijia.driver,com.xiwei.logistics,com.xinchuzu.driver,com.gallery.player,com.xiaomi.calendar,com.android.providers.downloads.ui,com.miui.cit,com.UCMobile,com.ucmobile.lite,com.baidu.searchbox,com.tencent.mtt,com.taobao.qianniu,com.baidu.searchbox.lite,com.qihoo.browser,com.quark.browser'
onyx/fps_local.config	fps_group.list60	'com.android.incallui,com.miui.video,com.android.camera,com.mfashiongallery.emag,com.miui.tsmclient,com.miui.huanji,com.xiaomi.scanner,com.miui.compass,com.miui.videoplayer,com.miui.mediaviewer,com.ss.android.ugc.aweme,com.kuaishou.nebula,com.ss.android.ugc.aweme.lite,com.smile.gifmaker,com.ss.android.ugc.live,com.xhey.xcamera,com.baidu.haokan,com.tencent.zebra,com.tencent.weishi,com.gorgeous.lite,com.ifreetalk.ftalk,com.kuaidi.daijia.driver,com.xiwei.logistics,com.xinchuzu.driver,com.autonavi.minimap,com.sdu.didi.gsui,com.baidu.BaiduMap,com.tencent.wemeet.app,com.tencent.map'
onyx_id/fps_local.config	fps_smart_group.list60	'com.android.incallui,com.sohu.inputmethod.sogou.xiaomi,com.baidu.input_mi,com.android.deskclock,com.iflytek.inputmethod.miui,com.miui.video,com.duokan.reader,com.android.camera,com.xiaomi.market,com.miui.cleanmaster,com.mfashiongallery.emag,com.android.calendar,com.miui.player,com.android.soundrecorder,com.miui.tsmclient,com.miui.fm,com.miui.huanji,com.android.nfc,com.xiaomi.scanner,com.mipay.wallet,com.miui.yellowpage,com.android.providers.downloads,com.miui.virtualsim,com.xiaomi.aiasst.service,com.miui.bugreport,com.miui.compass,com.milink.service,com.miui.packageinstaller,com.miui.videoplayer,com.gallery.player,com.miui.mediaviewer,com.miui.miservice,com.xiaomi.calendar,com.android.providers.downloads.ui,com.miui.cit,com.google.android.youtube,com.whatsapp,com.facebook.katana,com.instagram.android,com.android.chrome,com.zhiliaoapp.musically,com.ss.android.ugc.trill,com.facebook.orca,com.facebook.lite,com.google.android.googlequicksearchbox,com.truecaller,org.telegram.messenger,com.gbwhatsapp,com.mxtech.videoplayer.ad,com.vkontakte.android,com.netflix.mediaclient,com.whatsapp.w4b,in.startv.hotstar,in.startv.hotstaronly ,com.snapchat.android,com.viber.voip,com.google.android.apps.maps,com.zhiliaoapp.musically.go,com.vanced.android.youtube,com.google.android.apps.docs,com.twitter.android,com.android.vending,us.zoom.videomeetings,com.google.android.gm,com.playit.videoplayer,in.mohalla.sharechat,com.imo.android.imoim,ru.yandex.searchplugin,com.nemo.vidmate,com.kwai.video,ru.ok.android,com.google.android.apps.tachyon,jp.naver.line.android,com.gallery.player,in.mohalla.video,com.yandex.browser,com.shopee.id,com.microsoft.teams,com.funnypuri.client,org.telegram.plus,cn.wps.moffice_eng,com.jio.jioplay.tv,com.kwai.bulldog,com.discord,wp.wattpad,com.google.android.apps.youtube.music,com.google.android.apps.youtube.kids,com.spotify.music,com.flipkart.android,com.waze,com.zing.zalo,com.fmwhatsapp,com.lemon.lvoverseas,ru.yandex.yandexnavi,com.amazon.avod.thirdpartyclient,tv.twitch.android.app,com.meesho.supply,com.UCMobile.intl,com.pinterest,com.app.dream11Pro,com.tv.v18.viola,ru.yandex.taximeter,com.yowhatsapp,com.WhatsApp2Plus,com.graymatrix.did,com.google.android.apps.youtube.mango,com.avito.android,com.opera.browser,com.phonepe.app,video.tiki,com.opera.mini.native,com.lazada.android,com.alibaba.aliexpresshd,trendyol.com,org.videolan.vlc,in.amazon.mShop.android.shopping,com.firsttouchgames.dls7,com.aero,ir.medu.shad,org.xbet.client1,com.binance.dev,com.lenovo.anyshare.gps,com.next.innovation.takatak,com.google.android.apps.nbu.paisa.user,com.wildberries.ru,video.like,com.imo.android.imoimbeta,com.kwai.kuaishou.video.live,com.snaptube.premium,com.eterno,com.amazon.mShop.android.shopping,com.moonvideo.android.resso,com.google.android.apps.translate,com.google.android.apps.classroom,com.imo.android.imoimhd,com.microsoft.office.outlook,com.camerasideas.instashot,com.ubercab.driver,ir.ilmili.telegraph,com.prisbank.app,com.starmakerinteractive.starmaker,free.tube.premium.advanced.tuber,com.gojek.partner,com.facebook.mlite,mobi.mangatoon.novel,mobi.mangatoon.novel.portuguese,com.brave.browser,com.sonyliv,sg.bigo.live,com.michatapp.im,com.nexstreaming.app.kinemasterfree,in.mohalla.video.lite,com.shopee.br,com.obwhatsapp,com.mercadolibre,com.zzkko,net.one97.paytm,org.mozilla.firefox,com.cardfeed.video_public,com.tinder,com.naver.linewebtoon,world.social.group.video.share,im.thebot.messenger,com.adv.videoplayer.app,com.picsart.studio,com.instapro.android,com.bstar.intl,com.linkedin.android,com.pratilipi.mobile.android,com.ss.android.ugc.aweme,com.huya.nimo,com.tencent.qqlivei18n,com.duolingo,com.whereismytrain.android,com.whereismytraingadi.trainstatus.livetrainlocation,com.alightcreative.motion,com.grindrapp.android,com.disney.disneyplus,com.shopee.my,com.uc.browser.en,com.iqiyi.i18n,com.adobe.reader,ru.ozon.app.android,com.reddit.frontpage,com.hbo.hbonow,ru.yandex.yandexmaps,com.yy.hiyo,com.wrx.wazirx,com.duokan.phone.remotecontroller,com.perm.kate_new_6,com.shopee.ph,org.jw.jwlibrary.mobile,ir.resaneh1.iptv,video.player.videoplayer,com.instagram.lite,com.jio.myjio,com.vidio.android,com.tokopedia.tkpd,com.unacademyapp,re.sova.five,com.msf.angelmobile,com.eterno.shortvideos,com.ak.ta.dainikbhaskar.activity,com.badoo.mobile,com.skype.raider,com.google.android.apps.magazines,jp.ne.ibis.ibispaintx.app,sinet.startup.inDriver,com.gbwhatsapp3,com.myntra.android,com.offshore.pikashow,ru.dublgis.dgismobile,in.startv.hotstar.dplus,com.sahibinden,com.dywx.larkplayer,co.brainly,com.bsbportal.music,com.mxtech.videoplayer.beta,org.thunderdog.challegram,com.litatom.app,com.sec.android.app.sbrowser,com.flatfish.cal.privacy,com.maleo.bussimulatorid,com.taxsee.driver,com.canva.editor,com.viki.android,com.instapro.app,com.vtosters.android,com.yandex.zen,com.ubercab,mobi.mangatoon.comics.aphone,com.jtwhatsapp,xyz.penpencil.physicswala,blackrussia.online,org.readera,com.cricbuzz.android,com.jio.media.jiobeats,com.nextbillion.groww,ir.divar,com.cisco.webex.meetings,org.thoughtcrime.securesms,org.vidogram.messenger,com.blueWAplus,com.instander.android,com.olacabs.oladriver,com.vuclip.viu,org.telegram.messenger.web,com.gojek.app,com.olx.southasia,com.youdao.hindict,com.grab.merchant,com.intsig.camscanner,com.amazon.mp3,com.shadow.blackhole,mrt.battery.health,com.pay4vend.pay4vend,idm.internet.download.manager,in.upstox.app,com.video.fun.app,com.application.zomato,com.schibsted.bomnegocio.androidApp,com.jio.media.ondemand,iflix.play,com.tencent.videolite.android,cn.amazon.mShop.android'
onyx_id/fps_local.config	fps_group.list60	'com.android.incallui,com.miui.video,com.android.camera,com.mfashiongallery.emag,com.miui.tsmclient,com.miui.huanji,com.xiaomi.scanner,com.miui.compass,com.miui.videoplayer,com.miui.mediaviewer,com.google.android.youtube,com.zhiliaoapp.musically,com.ss.android.ugc.trill,com.mxtech.videoplayer.ad,com.netflix.mediaclient,in.startv.hotstar,in.startv.hotstaronly ,com.google.android.apps.maps,com.zhiliaoapp.musically.go,com.vanced.android.youtube,us.zoom.videomeetings,com.google.android.gm,com.playit.videoplayer,in.mohalla.sharechat,ru.yandex.searchplugin,com.nemo.vidmate,com.kwai.video,com.gallery.player,in.mohalla.video,com.funnypuri.client,com.jio.jioplay.tv,com.kwai.bulldog,wp.wattpad,com.google.android.apps.youtube.music,com.google.android.apps.youtube.kids,com.spotify.music,com.waze,com.lemon.lvoverseas,ru.yandex.yandexnavi,com.amazon.avod.thirdpartyclient,tv.twitch.android.app,com.tv.v18.viola,ru.yandex.taximeter,com.graymatrix.did,com.google.android.apps.youtube.mango,video.tiki,com.lazada.android,org.videolan.vlc,in.amazon.mShop.android.shopping,com.firsttouchgames.dls7,com.aero,com.lenovo.anyshare.gps,com.next.innovation.takatak,video.like,com.kwai.kuaishou.video.live,com.snaptube.premium,com.moonvideo.android.resso,com.starmakerinteractive.starmaker,free.tube.premium.advanced.tuber,mobi.mangatoon.novel,mobi.mangatoon.novel.portuguese,com.sonyliv,sg.bigo.live,com.nexstreaming.app.kinemasterfree,in.mohalla.video.lite,net.one97.paytm,com.cardfeed.video_public,com.tinder,com.naver.linewebtoon,world.social.group.video.share,com.adv.videoplayer.app,com.instapro.android,com.bstar.intl,com.pratilipi.mobile.android,com.ss.android.ugc.aweme,com.huya.nimo,com.tencent.qqlivei18n,com.disney.disneyplus,com.iqiyi.i18n,com.adobe.reader,ru.ozon.app.android,com.hbo.hbonow,ru.yandex.yandexmaps,com.wrx.wazirx,com.duokan.phone.remotecontroller,com.shopee.ph,org.jw.jwlibrary.mobile,ir.resaneh1.iptv,video.player.videoplayer,com.jio.myjio,com.vidio.android,com.eterno.shortvideos,com.skype.raider,com.google.android.apps.magazines,sinet.startup.inDriver,ru.dublgis.dgismobile,in.startv.hotstar.dplus,com.dywx.larkplayer,com.bsbportal.music,com.mxtech.videoplayer.beta,com.maleo.bussimulatorid,com.taxsee.driver,com.viki.android,mobi.mangatoon.comics.aphone,org.readera,com.jio.media.jiobeats,com.vuclip.viu,com.amazon.mp3,com.shadow.blackhole,com.video.fun.app,com.jio.media.ondemand,iflix.play,com.tencent.videolite.android,cn.amazon.mShop.android'
onyx_intl/fps_local.config	fps_smart_group.list60	'com.android.incallui,com.sohu.inputmethod.sogou.xiaomi,com.baidu.input_mi,com.android.deskclock,com.iflytek.inputmethod.miui,com.miui.video,com.duokan.reader,com.android.camera,com.xiaomi.market,com.miui.cleanmaster,com.mfashiongallery.emag,com.android.calendar,com.miui.player,com.android.soundrecorder,com.miui.tsmclient,com.miui.fm,com.miui.huanji,com.android.nfc,com.xiaomi.scanner,com.mipay.wallet,com.miui.yellowpage,com.android.providers.downloads,com.miui.virtualsim,com.xiaomi.aiasst.service,com.miui.bugreport,com.miui.compass,com.milink.service,com.miui.packageinstaller,com.miui.videoplayer,com.gallery.player,com.miui.mediaviewer,com.miui.miservice,com.xiaomi.calendar,com.android.providers.downloads.ui,com.miui.cit,com.google.android.youtube,com.instagram.android,com.zhiliaoapp.musically,com.ss.android.ugc.trill,com.google.android.googlequicksearchbox,com.truecaller,org.telegram.messenger,com.mxtech.videoplayer.ad,com.netflix.mediaclient,in.startv.hotstar,in.startv.hotstaronly,com.snapchat.android,com.viber.voip,com.google.android.apps.maps,com.zhiliaoapp.musically.go,com.vanced.android.youtube,com.google.android.apps.docs,us.zoom.videomeetings,com.google.android.gm,com.playit.videoplayer,in.mohalla.sharechat,com.imo.android.imoim,com.nemo.vidmate,com.kwai.video,com.google.android.apps.tachyon,com.gallery.player,in.mohalla.video,com.shopee.id,com.microsoft.teams,com.funnypuri.client,com.jio.jioplay.tv,com.kwai.bulldog,wp.wattpad,com.google.android.apps.youtube.music,com.google.android.apps.youtube.kids,com.spotify.music,com.flipkart.android,com.waze,com.lemon.lvoverseas,ru.yandex.yandexnavi,com.amazon.avod.thirdpartyclient,tv.twitch.android.app,com.meesho.supply,com.pinterest,com.app.dream11Pro,com.tv.v18.viola,ru.yandex.taximeter,com.graymatrix.did,com.google.android.apps.youtube.mango,com.avito.android,com.phonepe.app,video.tiki,com.lazada.android,com.alibaba.aliexpresshd,trendyol.com,org.videolan.vlc,in.amazon.mShop.android.shopping,com.firsttouchgames.dls7,com.aero,ir.medu.shad,org.xbet.client1,com.lenovo.anyshare.gps,com.next.innovation.takatak,com.google.android.apps.nbu.paisa.user,com.wildberries.ru,video.like,com.kwai.kuaishou.video.live,com.amazon.mShop.android.shopping,com.moonvideo.android.resso,com.google.android.apps.classroom,com.microsoft.office.outlook,com.camerasideas.instashot,com.ubercab.driver,com.prisbank.app,com.starmakerinteractive.starmaker,free.tube.premium.advanced.tuber,com.gojek.partner,mobi.mangatoon.novel,mobi.mangatoon.novel.portuguese,com.sonyliv,sg.bigo.live,com.nexstreaming.app.kinemasterfree,in.mohalla.video.lite,com.shopee.br,com.mercadolibre,com.zzkko,net.one97.paytm,com.cardfeed.video_public,com.naver.linewebtoon,world.social.group.video.share,com.adv.videoplayer.app,com.bstar.intl,com.pratilipi.mobile.android,com.ss.android.ugc.aweme,com.huya.nimo,com.tencent.qqlivei18n,com.duolingo,com.whereismytrain.android,com.whereismytraingadi.trainstatus.livetrainlocation,com.disney.disneyplus,com.shopee.my,com.iqiyi.i18n,ru.ozon.app.android,com.hbo.hbonow,ru.yandex.yandexmaps,com.duokan.phone.remotecontroller,com.shopee.ph,org.jw.jwlibrary.mobile,ir.resaneh1.iptv,video.player.videoplayer,com.instagram.lite,com.jio.myjio,com.vidio.android,com.tokopedia.tkpd,com.unacademyapp,com.msf.angelmobile,com.eterno.shortvideos,com.ak.ta.dainikbhaskar.activity,com.skype.raider,com.google.android.apps.magazines,jp.ne.ibis.ibispaintx.app,sinet.startup.inDriver,com.myntra.android,com.offshore.pikashow,ru.dublgis.dgismobile,in.startv.hotstar.dplus,com.sahibinden,com.dywx.larkplayer,co.brainly,com.bsbportal.music,com.mxtech.videoplayer.beta,com.flatfish.cal.privacy,com.maleo.bussimulatorid,com.taxsee.driver,com.viki.android,com.ubercab,mobi.mangatoon.comics.aphone,xyz.penpencil.physicswala,org.readera,com.jio.media.jiobeats,ir.divar,com.cisco.webex.meetings,com.instander.android,com.olacabs.oladriver,com.vuclip.viu,com.olx.southasia,com.grab.merchant,com.amazon.mp3,com.shadow.blackhole,mrt.battery.health,com.pay4vend.pay4vend,idm.internet.download.manager,in.upstox.app,com.video.fun.app,com.application.zomato,com.schibsted.bomnegocio.androidApp,com.jio.media.ondemand,iflix.play,com.tencent.videolite.android,cn.amazon.mShop.android'
onyx_intl/fps_local.config	fps_group.list60	'com.android.incallui,com.miui.video,com.android.camera,com.mfashiongallery.emag,com.miui.tsmclient,com.miui.huanji,com.xiaomi.scanner,com.miui.compass,com.miui.videoplayer,com.miui.mediaviewer,com.google.android.youtube,com.zhiliaoapp.musically,com.ss.android.ugc.trill,com.mxtech.videoplayer.ad,com.netflix.mediaclient,in.startv.hotstar,in.startv.hotstaronly,com.google.android.apps.maps,com.zhiliaoapp.musically.go,com.vanced.android.youtube,com.playit.videoplayer,in.mohalla.sharechat,com.nemo.vidmate,com.kwai.video,com.gallery.player,in.mohalla.video,com.funnypuri.client,com.jio.jioplay.tv,com.kwai.bulldog,wp.wattpad,com.google.android.apps.youtube.music,com.google.android.apps.youtube.kids,com.spotify.music,com.waze,ru.yandex.yandexnavi,com.amazon.avod.thirdpartyclient,tv.twitch.android.app,com.tv.v18.viola,ru.yandex.taximeter,com.graymatrix.did,com.google.android.apps.youtube.mango,video.tiki,org.videolan.vlc,com.aero,com.next.innovation.takatak,video.like,com.kwai.kuaishou.video.live,com.moonvideo.android.resso,com.starmakerinteractive.starmaker,free.tube.premium.advanced.tuber,mobi.mangatoon.novel,mobi.mangatoon.novel.portuguese,com.sonyliv,sg.bigo.live,com.nexstreaming.app.kinemasterfree,in.mohalla.video.lite,net.one97.paytm,com.cardfeed.video_public,com.naver.linewebtoon,world.social.group.video.share,com.adv.videoplayer.app,com.bstar.intl,com.pratilipi.mobile.android,com.ss.android.ugc.aweme,com.huya.nimo,com.tencent.qqlivei18n,com.disney.disneyplus,com.iqiyi.i18n,com.hbo.hbonow,org.jw.jwlibrary.mobile,ir.resaneh1.iptv,video.player.videoplayer,com.jio.myjio,com.vidio.android,com.eterno.shortvideos,com.skype.raider,com.google.android.apps.magazines,sinet.startup.inDriver,ru.dublgis.dgismobile,in.startv.hotstar.dplus,com.dywx.larkplayer,com.bsbportal.music,com.mxtech.videoplayer.beta,com.viki.android,mobi.mangatoon.comics.aphone,org.readera,com.jio.media.jiobeats,com.vuclip.viu,com.amazon.mp3,com.shadow.blackhole,com.video.fun.app,com.jio.media.ondemand'
opt_dafault_config/fps_local.config	cn_default.fps_smart_group.list60	'com.ss.android.article.news,com.miui.cit,com.tmall.wireless,com.jingdong.app.mall,com.taobao.live,com.tencent.mtt,com.xunmeng.pinduoduo,com.qq.ac.android,com.milink.service,com.tencent.qqpinyin,com.baidu.input,com.iflytek.inputmethod,com.sohu.inputmethod.sogou,com.lechuan.mdxs,com.taobao.taobao,com.UCMobile,com.tencent.wemeet.app,com.chaozh.iReader.dj,com.sankuai.meituan.dispatch.crowdsource,com.chaozh.iReaderFree,com.cootek.crazyreader,com.sankuai.meituan.meituanwaimaibusiness,com.lalamove.huolala.driver,com.faloo.BookReader4Android,com.jjwxc.reader,io.legado.app.release,com.sankuai.meituan.dispatch.homebrew,com.hpbr.bosszhipin,com.lwby.breader.ad,com.snda.wifilocating,com.duoduo.child.story,me.ele.crowdsource,com.alukaxi.bqshugg.blue,com.tencent.map,com.flyersoft.seekbooks,me.ele.napos,com.jingyao.easybike,cn.kuwo.player,com.yiyou.ga,com.ninesixshop.say,com.tmri.app.main,com.lechuan.midunovel,com.comics.bika,com.kuangxiangciweimao.novel,com.sdu.didi.psnger,com.bokecc.dance,com.duowan.mobile,com.ifreetalk.ftalk,com.kugou.android.elder,com.kuaidi.daijia.driver,com.dongqiudi.news,com.bilibili.comic,com.xiwei.logistics,com.huaxiaozhu.driver,com.xinchuzu.driver,com.jd.pingou,com.tool.biqudaogexs,com.tool.txtqbydq,com.baidu.yuedu,com.relief.space.master.cleaner,com.mampod.ergedd,com.ophone.reader.ui,com.ishansong,com.ximalaya.ting.lite,com.sfexpress.knight,com.mianfeizs.book,com.didapinche.booking,com.jryg.driver,com.tadu.read,com.android.incallui,com.android.camera,com.autonavi.minimap,com.sdu.didi.gsui,com.baidu.BaiduMap,com.duokan.reader,tv.danmaku.bili,com.dragon.read,com.kmxs.reader,com.eg.android.AlipayGphone,com.kugou.android,com.netease.cloudmusic,com.lechuan.mdwz,com.tencent.karaoke,com.qidian.QDReader,com.shuqi.controller,com.tencent.qqmusic,com.duokan.free,com.qq.reader,com.yueyou.adreader,com.ximalaya.ting.android,com.tencent.weread,com.android.deskclock,com.miui.cleanmaster,com.mfashiongallery.emag,com.android.calendar,com.android.soundrecorder,com.miui.tsmclient,com.miui.fm,com.miui.huanji,com.android.nfc,com.xiaomi.scanner,com.mipay.wallet,com.miui.yellowpage,com.android.providers.downloads.ui,com.miui.virtualsim,com.xiaomi.aiasst.service,com.miui.compass,com.miui.miservice,com.miui.packageinstaller,com.miui.player,com.kuaiyin.player,com.tencent.edu,com.wondertek.miguaikan,com.cmcc.cmvideo,com.kuaikan.comic,com.xs.fm'
opt_dafault_config/fps_local.config	cn_default.fps_group.list60	'com.miui.huanji,com.miui.cit,com.baidu.input,com.iflytek.inputmethod,com.sohu.inputmethod.sogou,com.tencent.wemeet.app,com.ifreetalk.ftalk,com.kuaidi.daijia.driver,com.xiwei.logistics,com.xinchuzu.driver,com.mampod.ergedd,com.android.incallui,com.android.camera,com.mfashiongallery.emag,com.miui.tsmclient,com.xiaomi.scanner,com.miui.compass,com.autonavi.minimap,com.sdu.didi.gsui,com.baidu.BaiduMap,com.tencent.map'
opt_dafault_config/fps_local.config	intl_default.fps_smart_group.list60	'com.android.deskclock,com.android.camera,com.miui.player,com.miui.cleanmaster,com.android.soundrecorder,com.miui.cleaner,com.xiaomi.calendar,com.google.android.calendar,com.android.calendar,com.android.incallui,com.netflix.mediaclient,com.google.android.apps.maps,ru.yandex.yandexmaps,com.xiaomi.scanner,com.android.providers.downloads.ui,com.miui.cit'
opt_dafault_config/fps_local.config	intl_default.fps_group.list60	'com.android.camera,com.android.incallui,com.netflix.mediaclient,com.google.android.apps.maps,ru.yandex.yandexmaps,com.xiaomi.scanner'
organ/fps_local.config	fps_smart_group.list60	'com.android.incallui,com.sohu.inputmethod.sogou.xiaomi,com.baidu.input_mi,com.android.deskclock,com.iflytek.inputmethod.miui,com.duokan.reader,com.android.camera,com.xiaomi.market,com.miui.cleanmaster,com.mfashiongallery.emag,com.android.calendar,com.miui.player,com.android.soundrecorder,com.miui.tsmclient,com.miui.fm,com.miui.huanji,com.android.nfc,com.xiaomi.scanner,com.mipay.wallet,com.miui.yellowpage,com.android.providers.downloads,com.miui.virtualsim,com.xiaomi.aiasst.service,com.miui.miservice,com.miui.compass,com.milink.service,com.miui.packageinstaller,com.youku.phone,tv.danmaku.bilibilihd,tv.danmaku.bili,com.smile.gifmaker,com.qiyi.video,com.kuaishou.nebula,com.alibaba.android.rimet,com.ss.android.ugc.aweme.lite,com.tencent.wemeet.app,com.qiyi.video.pad,com.duowan.kiwi,com.ss.android.article.video,com.hunantv.imgo.activity,com.sohu.inputmethod.sogou.xiaomi,air.tv.douyu.android,com.iflytek.inputmethod.miui,com.dragon.read,com.tencent.qqlive,com.netease.cloudmusic,com.le123.ysdq,com.chaoxing.mobile,com.kmxs.reader,com.baidu.input_mi,com.tencent.qqmusic,com.baidu.haokan,com.babycloud.hanju,com.ss.android.ugc.live,com.kugou.android,tv.hanju.lite,com.qiyi.video.lite,com.sinyee.babybus.recommendapp,com.zhongduomei.rrmj.society,com.tencent.edu,com.ximalaya.ting.android,com.all.video,com.google.android.youtube,com.youku.pad,com.qiyi.video.child,com.hongen.app.word,com.tencent.weread,com.baidu.video,com.xiaohei.xiaoheiapps,com.cctv.yangshipin.app.androidp,org.xinkb.blackboard.android,com.yuantiku.tutor,com.shusheng.JoJoRead,com.miui.securityinputmethod,com.duokan.reader,cn.com.langeasy.LangEasyLexis,com.abxsss.app,com.sohu.inputmethod.sogou,com.duoduo.child.story,com.sinyee.babybus.world,com.cmcc.cmvideo,com.maimemo.android.momo,com.youdao.dict,com.lemon.lv,com.bigsea.bsfilms,cn.cntv,com.qidian.QDReader,com.lanhu.lhspfilms,com.iflytek.inputmethod,com.starrysky.ssfilms,com.huahuo.hhspfilms,com.app.moontv,com.xs.fm,com.eg.android.AlipayGphone,com.shanbay.sentence,com.bestv.app,com.shuqi.controller,com.example.notes.kyjsb,com.korean.tv,com.dianshijia.tvlive,com.jp1.xg1,com.duokan.hdreader,com.kuaikan.comic,com.sinyee.babybus.chants,com.videogo,com.hengxing.hxfilms,com.jiongji.andriod.card,io.legado.app.release,cn.cntvhd,com.mxtech.videoplayer.ad,com.chaozh.iReaderFree,com.tencent.qqmusicpad,com.bb.happykids,com.jjwxc.reader,com.chuyiapp.cy,com.chaozh.iReader.dj,com.sw.battery1,com.starmoon.smfilms,com.digua.dgptfilms,cn.kuwo.player,com.yueyou.adreader,com.dianshijia.newlive,com.zhpphls.banma,com.xfp.kit,com.csd.newyunketang,com.bilibili.comic,com.huli.hlfilms,com.xs.video.bayi,com.xingxingsp.xxspfilms,com.sevenVideo.app.android,com.kkzy.browser,com.qihoo360.mobilesafe,com.qq.reader,com.tencent.androidqqmail'
organ/fps_local.config	fps_smart_group.list90	'com.android.browser,com.miui.gallery,com.xiaomi.mihomemanager,com.miui.newhome,com.miui.weather2,com.miui.hybrid,com.xiaomi.smarthome,com.android.quicksearchbox,com.android.fileexplorer,com.xiaomi.gamecenter,com.xiaomi.vipaccount,com.miui.cloudservice,com.android.email,com.xiaomi.wearable,com.xiaomi.youpin,com.mi.health,cn.wps.moffice_eng.xiaomi.lite,com.xiaomi.hm.health,com.ss.android.article.news,com.baidu.netdisk,com.baidu.searchbox,com.xingin.xhs,com.ss.android.article.lite,com.quark.browser,com.tencent.mtt,com.UCMobile,com.taobao.taobao,com.xunmeng.pinduoduo,com.baidu.homework,com.sina.weibo,cn.eeo.classin,com.xunlei.downloadprovider,com.baidu.searchbox.lite,com.hexin.plat.android,com.taobao.live,com.zhihu.android,com.kuaiduizuoye.scan,cn.xuexi.android,com.tvbc.maiduidui,com.android.chrome,com.jingdong.app.mall,com.sup.android.superb,com.eastmoney.android.berlin,com.microsoft.emmx,com.tencent.news,com.mampod.ergedd,com.gotokeep.keep,com.estrongs.android.pop,com.lofter.android,com.tencent.karaoke,com.able.wisdomtree,com.alicloud.databox,com.netease.edu.ucmooc,com.sankuai.meituan.meituanwaimaibusiness,com.excean.gspace,com.hujiang.cctalk,com.tencent.wework,cn.xiaochuankeji.tieba,com.fluidtouch.noteshelf2,com.xiwang.zaixian,com.A17zuoye.mobile.homework,com.flexcil.flexcilnote,com.xiaoe.client,com.netease.mhxyhtb,com.baidu.tieba,com.yizhilu.qh,com.fenbi.android.solar,com.taptap,com.zuoyebang.airclass,com.taobao.idlefish,com.x8zs.sandbox,uni.UNIB957356,com.dongao.kaoqian.phone,com.yiyou.ga,com.playgame.havefun,com.handsgo.jiakao.android,com.gkid.crazyrope,com.yidian.zxpad,com.fenbi.android.leo,com.bokecc.dance,edu.www.qsxt,net.huanci.hsj,com.sankuai.meituan,com.android.pcmode,com.adsk.sketchbook,com.qihoo.browser,com.qq.ac.android,mark.via,com.xiaomi.bluetooth,com.duowan.mobile,cn.soulapp.android,com.yinghuadongman.app,com.mihoyo.hyperion,com.gbits.atm.leiting,com.netease.a13.avg,com.vmos.pro,com.tencent.start,com.netease.newsreader.activity,com.ss.android.auto,com.huatu.handheld_huatu,com.haixue.app.android.HaixueAcademy.h4,com.xuanke.kaochong,net.chinaedu.alioth,com.edu24ol.newclass,com.yuncheapp.android.pearl,com.yongshi.tenojo.ys,com.eoffcn.mobile,me.ele.napos,com.chaoge.athena_android,com.ifttt.ifttt,org.mozilla.firefox,com.excean.splay,com.twitter.android,com.android.dazhihui,com.levelinfinite.apexlegendsmobile'
organ/fps_local.config	fps_group.list60	'com.android.incallui,com.android.camera,com.mfashiongallery.emag,com.miui.tsmclient,com.miui.huanji,com.xiaomi.scanner,com.miui.compass,com.qiyi.video.pad,com.youku.pad,cn.com.langeasy.LangEasyLexis,com.abxsss.app,com.bigsea.bsfilms,com.starrysky.ssfilms,com.korean.tv,com.hengxing.hxfilms,io.legado.app.release,com.digua.dgptfilms,com.qihoo360.mobilesafe,com.qq.reader'
organ_intl/fps_local.config	fps_smart_group.list60	'com.android.incallui,com.sohu.inputmethod.sogou.xiaomi,com.baidu.input_mi,com.android.deskclock,com.iflytek.inputmethod.miui,com.duokan.reader,com.android.camera,com.xiaomi.market,com.miui.cleanmaster,com.mfashiongallery.emag,com.android.calendar,com.miui.player,com.android.soundrecorder,com.miui.tsmclient,com.miui.fm,com.miui.huanji,com.android.nfc,com.xiaomi.scanner,com.mipay.wallet,com.miui.yellowpage,com.android.providers.downloads,com.miui.virtualsim,com.xiaomi.aiasst.service,com.miui.miservice,com.miui.compass,com.milink.service,com.miui.packageinstaller,com.google.android.apps.maps,ru.yandex.yandexmaps,com.gallery.player,com.android.providers.downloads.ui,com.miui.cit,com.dragon.read,tv.danmaku.bilibilihd,tv.danmaku.bili,com.tencent.qqlive,com.tencent.androidqqmail,com.tencent.wemeet.app'
organ_intl/fps_local.config	fps_smart_group.list90	'com.android.browser,com.miui.gallery,com.xiaomi.mihomemanager,com.miui.newhome,com.miui.weather2,com.miui.hybrid,com.xiaomi.smarthome,com.android.quicksearchbox,com.android.fileexplorer,com.xiaomi.gamecenter,com.xiaomi.vipaccount,com.miui.cloudservice,com.android.email,com.xiaomi.wearable,com.xiaomi.youpin,com.mi.health,cn.wps.moffice_eng.xiaomi.lite,com.xiaomi.hm.health,com.mi.globalbrowser,com.ss.android.article.news'
organ_intl/fps_local.config	fps_group.list60	'com.android.incallui,com.android.camera,com.mfashiongallery.emag,com.miui.tsmclient,com.miui.huanji,com.xiaomi.scanner,com.miui.compass,com.google.android.apps.maps,ru.yandex.yandexmaps'
pandora/fps_local.config	fps_smart_group.list60	'com.android.incallui,com.android.camera,com.xiaomi.scanner,com.miui.mediaviewer,com.ss.android.ugc.aweme,com.ss.android.ugc.aweme.lite,com.kuaishou.nebula,com.smile.gifmaker,com.baidu.haokan'
pandora/fps_local.config	fps_smart_group.list90	'com.ss.android.article.news,com.xunmeng.pinduoduo,com.taobao.taobao,com.ss.android.article.lite,com.baidu.searchbox,com.UCMobile,com.youku.phone,com.ss.android.ugc.live,com.taobao.live,com.jingdong.app.mall,com.sohu.inputmethod.sogou,com.quark.browser,com.sdu.didi.gsui,com.iflytek.inputmethod,com.sankuai.meituan,com.sup.android.superb,com.kugou.android,com.netease.cloudmusic,com.taobao.litetao,com.tencent.karaoke,com.baidu.netdisk,com.hexin.plat.android,com.taobao.idlefish,com.tencent.qqmusic,com.chaoxing.mobile,com.ximalaya.ting.android,com.eastmoney.android.berlin,com.baidu.homework,cn.wps.moffice_eng,com.xs.fm,com.tencent.wemeet.app,com.yuncheapp.android.pearl,com.sankuai.meituan.dispatch.crowdsource,com.xunlei.downloadprovider,com.sankuai.meituan.meituanwaimaibusiness,com.lemon.lv,com.lalamove.huolala.driver,com.faloo.BookReader4Android,com.jjwxc.reader,com.baidu.searchbox.tomas,com.achievo.vipshop,me.ele,com.baidu.input,com.sankuai.meituan.dispatch.homebrew,com.lphtsccft,com.sogou.activity.src,com.cmcc.cmvideo,com.handsgo.jiakao.android,com.snda.wifilocating,cn.youth.news,com.able.wisdomtree,com.tencent.weishi,com.duoduo.child.story,com.sankuai.meituan.takeoutnew,com.meta.box,me.ele.crowdsource,com.alukaxi.bqshugg.blue,com.example.xrk,com.tencent.qqpinyin,com.flyersoft.seekbooks,me.ele.napos,com.tencent.qqsports,com.lofter.android,com.taobao.qianniu,com.xunmeng.merchant,com.tencent.qt.qtl,com.youdao.dict,com.jingyao.easybike,com.alibaba.wireless,cn.kuwo.player,com.kuaiyin.player,com.yiyou.ga,com.cainiao.wireless,com.android.dazhihui,com.ninesixshop.say,com.tmri.app.main,android.zhibo8,com.jiongji.andriod.card,com.picacomic.fregata,com.gf.client,com.fenbi.android.servant,com.kuangxiangciweimao.novel,com.unionpay,com.soft.blued,com.sdu.didi.psnger,com.cubic.autohome,com.maimemo.android.momo,com.kuaiduizuoye.scan,com.guotai.dazhihui,com.fenbi.android.zhaojiao,com.qq.ac.android,com.chinamworld.main,com.bokecc.dance,com.fenbi.android.solar,com.guzhen.xiucai,com.tencent.tim,com.glodon.drawingexplorer,com.dianping.v1,com.duowan.mobile,com.gotokeep.keep,com.icbc,com.excelliance.dualaid,com.mt.mtxx.mtxx,com.t3go.driver,com.ifreetalk.ftalk,com.android.haitong,com.kugou.android.elder,com.mihoyo.hyperion,com.hundsun.winner.pazq,mark.via,com.kuaidi.daijia.driver,com.android.bankabc,com.bilibili.comic,me.yidui,com.hipu.yidian,com.xiwei.logistics,com.huaxiaozhu.driver,com.xinchuzu.driver,com.jxedt,com.shanbay.sentence,com.kuaikan.comic,com.zxscnew,com.wondertek.miguaikan,com.taptap,com.chinamworld.bocmbci,com.excean.gspace,com.tencent.gamehelper.smoba,com.galaxy.stock,com.tencent.edu,com.jd.pingou,cmb.pb,cn.com.langeasy.LangEasyLexis,com.whatsapp,com.ss.android.ugc.livelite,com.abxsss.app,com.tsingzone.questionbank,com.x8zs.sandbox,com.relief.space.master.cleaner,com.mampod.ergedd,com.zjwh.android_wh_physicalfitness,com.sinovatech.unicom.ui,com.zjy.ykt,com.xt.retouch,com.ishansong,com.wepie.weplay,com.qsmy.walkmonkey,com.ximalaya.ting.lite,com.MobileTicket,com.cmschina.stock,com.sfexpress.knight,com.sinyee.babybus.recommendapp,com.didapinche.booking,com.netease.edu.ucmooc,com.eastmoney.android.fund,com.kwai.videoeditor,com.jryg.driver,com.sohu.inputmethod.sogou.xiaomi,com.android.browser,com.baidu.input_mi,com.android.deskclock,com.iflytek.inputmethod.miui,com.miui.gallery,com.duokan.reader,com.miui.newhome,com.xiaomi.market,com.miui.cleanmaster,com.mfashiongallery.emag,com.android.calendar,com.miui.player,com.miui.hybrid,com.xiaomi.smarthome,com.android.quicksearchbox,com.android.soundrecorder,com.android.fileexplorer,com.xiaomi.gamecenter,com.xiaomi.vipaccount,com.miui.fm,com.miui.huanji,com.miui.yellowpage,com.miui.cloudservice,com.android.email,com.android.providers.downloads,com.miui.virtualsim,com.xiaomi.wearable,com.xiaomi.aiasst.service,com.miui.bugreport,com.miui.compass,com.milink.service,com.miui.packageinstaller,com.xiaomi.youpin,com.mi.health,cn.wps.moffice_eng.xiaomi.lite,com.xiaomi.hm.health'
pandora/fps_local.config	fps_group.list60	'com.android.incallui,com.android.camera,com.xiaomi.scanner,com.miui.mediaviewer'
pecan/fps_local.config	fps_smart_group.list60	'com.android.incallui,com.android.camera,com.xiaomi.scanner,com.miui.mediaviewer,com.ss.android.ugc.aweme,com.ss.android.ugc.aweme.lite,com.kuaishou.nebula,com.smile.gifmaker,com.baidu.haokan'
pecan/fps_local.config	fps_smart_group.list90	'com.ss.android.article.news,com.xunmeng.pinduoduo,com.taobao.taobao,com.ss.android.article.lite,com.baidu.searchbox,com.UCMobile,com.youku.phone,com.ss.android.ugc.live,com.taobao.live,com.jingdong.app.mall,com.sohu.inputmethod.sogou,com.quark.browser,com.sdu.didi.gsui,com.iflytek.inputmethod,com.sankuai.meituan,com.sup.android.superb,com.kugou.android,com.netease.cloudmusic,com.taobao.litetao,com.tencent.karaoke,com.baidu.netdisk,com.hexin.plat.android,com.taobao.idlefish,com.tencent.qqmusic,com.chaoxing.mobile,com.ximalaya.ting.android,com.eastmoney.android.berlin,com.baidu.homework,cn.wps.moffice_eng,com.xs.fm,com.tencent.wemeet.app,com.yuncheapp.android.pearl,com.sankuai.meituan.dispatch.crowdsource,com.xunlei.downloadprovider,com.sankuai.meituan.meituanwaimaibusiness,com.lemon.lv,com.lalamove.huolala.driver,com.faloo.BookReader4Android,com.jjwxc.reader,com.baidu.searchbox.tomas,com.achievo.vipshop,me.ele,com.baidu.input,com.sankuai.meituan.dispatch.homebrew,com.lphtsccft,com.sogou.activity.src,com.cmcc.cmvideo,com.handsgo.jiakao.android,com.snda.wifilocating,cn.youth.news,com.able.wisdomtree,com.tencent.weishi,com.duoduo.child.story,com.sankuai.meituan.takeoutnew,com.meta.box,me.ele.crowdsource,com.alukaxi.bqshugg.blue,com.example.xrk,com.tencent.qqpinyin,com.flyersoft.seekbooks,me.ele.napos,com.tencent.qqsports,com.lofter.android,com.taobao.qianniu,com.xunmeng.merchant,com.tencent.qt.qtl,com.youdao.dict,com.jingyao.easybike,com.alibaba.wireless,cn.kuwo.player,com.kuaiyin.player,com.yiyou.ga,com.cainiao.wireless,com.android.dazhihui,com.ninesixshop.say,com.tmri.app.main,android.zhibo8,com.jiongji.andriod.card,com.picacomic.fregata,com.gf.client,com.fenbi.android.servant,com.kuangxiangciweimao.novel,com.unionpay,com.soft.blued,com.sdu.didi.psnger,com.cubic.autohome,com.maimemo.android.momo,com.kuaiduizuoye.scan,com.guotai.dazhihui,com.fenbi.android.zhaojiao,com.qq.ac.android,com.chinamworld.main,com.bokecc.dance,com.fenbi.android.solar,com.guzhen.xiucai,com.tencent.tim,com.glodon.drawingexplorer,com.dianping.v1,com.duowan.mobile,com.gotokeep.keep,com.icbc,com.excelliance.dualaid,com.mt.mtxx.mtxx,com.t3go.driver,com.ifreetalk.ftalk,com.android.haitong,com.kugou.android.elder,com.mihoyo.hyperion,com.hundsun.winner.pazq,mark.via,com.kuaidi.daijia.driver,com.android.bankabc,com.bilibili.comic,me.yidui,com.hipu.yidian,com.xiwei.logistics,com.huaxiaozhu.driver,com.xinchuzu.driver,com.jxedt,com.shanbay.sentence,com.kuaikan.comic,com.zxscnew,com.wondertek.miguaikan,com.taptap,com.chinamworld.bocmbci,com.excean.gspace,com.tencent.gamehelper.smoba,com.galaxy.stock,com.tencent.edu,com.jd.pingou,cmb.pb,cn.com.langeasy.LangEasyLexis,com.whatsapp,com.ss.android.ugc.livelite,com.abxsss.app,com.tsingzone.questionbank,com.x8zs.sandbox,com.relief.space.master.cleaner,com.mampod.ergedd,com.zjwh.android_wh_physicalfitness,com.sinovatech.unicom.ui,com.zjy.ykt,com.xt.retouch,com.ishansong,com.wepie.weplay,com.qsmy.walkmonkey,com.ximalaya.ting.lite,com.MobileTicket,com.cmschina.stock,com.sfexpress.knight,com.sinyee.babybus.recommendapp,com.didapinche.booking,com.netease.edu.ucmooc,com.eastmoney.android.fund,com.kwai.videoeditor,com.jryg.driver,com.sohu.inputmethod.sogou.xiaomi,com.android.browser,com.baidu.input_mi,com.android.deskclock,com.iflytek.inputmethod.miui,com.miui.gallery,com.duokan.reader,com.miui.newhome,com.xiaomi.market,com.miui.cleanmaster,com.mfashiongallery.emag,com.android.calendar,com.miui.player,com.miui.hybrid,com.xiaomi.smarthome,com.android.quicksearchbox,com.android.soundrecorder,com.android.fileexplorer,com.xiaomi.gamecenter,com.xiaomi.vipaccount,com.miui.fm,com.miui.huanji,com.miui.yellowpage,com.miui.cloudservice,com.android.email,com.android.providers.downloads,com.miui.virtualsim,com.xiaomi.wearable,com.xiaomi.aiasst.service,com.miui.bugreport,com.miui.compass,com.milink.service,com.miui.packageinstaller,com.xiaomi.youpin,com.mi.health,cn.wps.moffice_eng.xiaomi.lite,com.xiaomi.hm.health'
pecan/fps_local.config	fps_group.list60	'com.android.incallui,com.android.camera,com.xiaomi.scanner,com.miui.mediaviewer'
peridot/fps_local.config	fps_smart_group.list60	'com.android.incallui,com.sohu.inputmethod.sogou.xiaomi,com.baidu.input_mi,com.android.deskclock,com.iflytek.inputmethod.miui,com.duokan.reader,com.android.camera,com.xiaomi.market,com.miui.cleanmaster,com.mfashiongallery.emag,com.android.calendar,com.miui.player,com.android.soundrecorder,com.miui.tsmclient,com.miui.fm,com.miui.huanji,com.android.nfc,com.xiaomi.scanner,com.mipay.wallet,com.miui.yellowpage,com.android.providers.downloads,com.miui.virtualsim,com.xiaomi.aiasst.service,com.miui.miservice,com.miui.compass,com.milink.service,com.miui.packageinstaller,tv.danmaku.bili,com.dragon.read,com.kmxs.reader,com.eg.android.AlipayGphone,com.sohu.inputmethod.sogou,com.iflytek.inputmethod,com.kugou.android,com.netease.cloudmusic,com.lechuan.mdwz,com.tencent.karaoke,com.qidian.QDReader,com.shuqi.controller,com.tencent.qqmusic,com.duokan.free,com.qq.reader,com.yueyou.adreader,com.ximalaya.ting.android,com.tencent.weread,com.xs.fm,com.lechuan.mdxs,com.chaozh.iReader.dj,com.sankuai.meituan.dispatch.crowdsource,com.chaozh.iReaderFree,com.cootek.crazyreader,com.sankuai.meituan.meituanwaimaibusiness,com.lalamove.huolala.driver,com.faloo.BookReader4Android,com.jjwxc.reader,io.legado.app.release,com.baidu.input,com.sankuai.meituan.dispatch.homebrew,com.cmcc.cmvideo,com.lwby.breader.ad,com.snda.wifilocating,com.duoduo.child.story,me.ele.crowdsource,com.alukaxi.bqshugg.blue,com.tencent.qqpinyin,com.flyersoft.seekbooks,me.ele.napos,com.jingyao.easybike,cn.kuwo.player,com.kuaiyin.player,com.yiyou.ga,com.ninesixshop.say,com.tmri.app.main,com.lechuan.midunovel,com.tmall.wireless,com.picacomic.fregata,com.kuangxiangciweimao.novel,com.sdu.didi.psnger,com.qq.ac.android,com.bokecc.dance,com.duowan.mobile,com.kugou.android.elder,com.dongqiudi.news,com.bilibili.comic,com.huaxiaozhu.driver,com.kuaikan.comic,com.wondertek.miguaikan,com.tencent.edu,com.jd.pingou,com.tool.biqudaogexs,com.tool.txtqbydq,com.baidu.yuedu,com.relief.space.master.cleaner,com.ophone.reader.ui,com.ishansong,com.ximalaya.ting.lite,com.sfexpress.knight,com.mianfeizs.book,com.didapinche.booking,com.jryg.driver,com.tadu.read,com.autonavi.minimap,com.sdu.didi.gsui,com.baidu.BaiduMap,com.tencent.wemeet.app,com.tencent.map,com.ifreetalk.ftalk,com.kuaidi.daijia.driver,com.xiwei.logistics,com.xinchuzu.driver,com.youku.phone,com.gallery.player,com.xiaomi.calendar,com.android.providers.downloads.ui,com.miui.cit'
peridot/fps_local.config	fps_group.list60	'com.android.incallui,com.android.camera,com.mfashiongallery.emag,com.miui.tsmclient,com.miui.huanji,com.xiaomi.scanner,com.miui.compass,com.autonavi.minimap,com.sdu.didi.gsui,com.baidu.BaiduMap,com.tencent.wemeet.app,com.tencent.map,com.ifreetalk.ftalk,com.kuaidi.daijia.driver,com.xiwei.logistics,com.xinchuzu.driver'
peridot_intl/fps_local.config	fps_smart_group.list60	'com.android.incallui,com.sohu.inputmethod.sogou.xiaomi,com.baidu.input_mi,com.android.deskclock,com.iflytek.inputmethod.miui,com.duokan.reader,com.android.camera,com.xiaomi.market,com.miui.cleanmaster,com.mfashiongallery.emag,com.android.calendar,com.miui.player,com.android.soundrecorder,com.miui.tsmclient,com.miui.fm,com.miui.huanji,com.android.nfc,com.xiaomi.scanner,com.mipay.wallet,com.miui.yellowpage,com.android.providers.downloads,com.miui.virtualsim,com.xiaomi.aiasst.service,com.miui.miservice,com.miui.compass,com.milink.service,com.miui.packageinstaller,com.google.android.apps.maps,ru.yandex.yandexmaps,com.gallery.player,com.xiaomi.calendar,com.android.providers.downloads.ui,com.miui.cit'
peridot_intl/fps_local.config	fps_group.list60	'com.android.incallui,com.android.camera,com.mfashiongallery.emag,com.miui.tsmclient,com.miui.huanji,com.xiaomi.scanner,com.miui.compass,com.google.android.apps.maps,ru.yandex.yandexmaps'
piano/fps_local.config	fps_smart_group.list60	'com.android.incallui,com.sohu.inputmethod.sogou.xiaomi,com.baidu.input_mi,com.android.deskclock,com.iflytek.inputmethod.miui,com.duokan.reader,com.android.camera,com.xiaomi.market,com.miui.cleanmaster,com.mfashiongallery.emag,com.android.calendar,com.miui.player,com.android.soundrecorder,com.miui.tsmclient,com.miui.fm,com.miui.huanji,com.android.nfc,com.xiaomi.scanner,com.mipay.wallet,com.miui.yellowpage,com.android.providers.downloads,com.miui.virtualsim,com.xiaomi.aiasst.service,com.miui.bugreport,com.miui.compass,com.milink.service,com.miui.packageinstaller,com.youku.phone,tv.danmaku.bilibilihd,tv.danmaku.bili,com.alibaba.android.rimet,com.tencent.wemeet.app,com.duowan.kiwi,com.sohu.inputmethod.sogou.xiaomi,air.tv.douyu.android,com.iflytek.inputmethod.miui,com.dragon.read,com.netease.cloudmusic,com.chaoxing.mobile,com.kmxs.reader,com.baidu.input_mi,com.tencent.qqmusic,com.kugou.android,tv.hanju.lite,com.sinyee.babybus.recommendapp,com.zhongduomei.rrmj.society,com.tencent.edu,com.ximalaya.ting.android,com.google.android.youtube,com.youku.pad,com.qiyi.video.child,com.hongen.app.word,com.tencent.weread,com.xiaohei.xiaoheiapps,org.xinkb.blackboard.android,com.yuantiku.tutor,com.shusheng.JoJoRead,com.miui.securityinputmethod,com.duokan.reader,cn.com.langeasy.LangEasyLexis,com.sohu.inputmethod.sogou,com.duoduo.child.story,com.sinyee.babybus.world,com.cmcc.cmvideo,com.maimemo.android.momo,com.youdao.dict,com.lemon.lv,com.qidian.QDReader,com.iflytek.inputmethod,com.huahuo.hhspfilms,com.app.moontv,com.xs.fm,com.eg.android.AlipayGphone,com.shanbay.sentence,com.bestv.app,com.shuqi.controller,com.example.notes.kyjsb,com.dianshijia.tvlive,com.jp1.xg1,com.duokan.hdreader,com.kuaikan.comic,com.sinyee.babybus.chants,com.videogo,com.jiongji.andriod.card,io.legado.app.release,cn.cntvhd,com.mxtech.videoplayer.ad,com.chaozh.iReaderFree,com.tencent.qqmusicpad,com.bb.happykids,com.jjwxc.reader,com.chuyiapp.cy,com.chaozh.iReader.dj,com.sw.battery1,com.starmoon.smfilms,cn.kuwo.player,com.yueyou.adreader,com.dianshijia.newlive,com.zhpphls.banma,com.xfp.kit,com.csd.newyunketang,com.bilibili.comic,com.huli.hlfilms,com.xs.video.bayi,com.xingxingsp.xxspfilms,com.sevenVideo.app.android,com.kkzy.browser,com.qihoo360.mobilesafe,com.qq.reader,com.android.providers.downloads.ui,com.miui.cit'
piano/fps_local.config	fps_smart_group.list90	'com.android.browser,com.miui.gallery,com.xiaomi.mihomemanager,com.miui.newhome,com.miui.weather2,com.miui.hybrid,com.xiaomi.smarthome,com.android.quicksearchbox,com.android.fileexplorer,com.xiaomi.gamecenter,com.xiaomi.vipaccount,com.miui.cloudservice,com.android.email,com.xiaomi.wearable,com.xiaomi.youpin,com.mi.health,cn.wps.moffice_eng.xiaomi.lite,com.xiaomi.hm.health,com.ss.android.article.news,com.baidu.netdisk,com.baidu.searchbox,com.xingin.xhs,com.ss.android.article.lite,com.quark.browser,com.tencent.mtt,com.UCMobile,com.taobao.taobao,com.xunmeng.pinduoduo,com.baidu.homework,com.sina.weibo,cn.eeo.classin,com.xunlei.downloadprovider,com.baidu.searchbox.lite,com.hexin.plat.android,com.taobao.live,com.zhihu.android,com.kuaiduizuoye.scan,cn.xuexi.android,com.tvbc.maiduidui,com.android.chrome,com.jingdong.app.mall,com.sup.android.superb,com.eastmoney.android.berlin,com.microsoft.emmx,com.tencent.news,com.mampod.ergedd,com.gotokeep.keep,com.estrongs.android.pop,com.lofter.android,com.tencent.karaoke,com.able.wisdomtree,com.alicloud.databox,com.netease.edu.ucmooc,com.sankuai.meituan.meituanwaimaibusiness,com.excean.gspace,com.hujiang.cctalk,com.tencent.wework,cn.xiaochuankeji.tieba,com.fluidtouch.noteshelf2,com.xiwang.zaixian,com.A17zuoye.mobile.homework,com.flexcil.flexcilnote,com.xiaoe.client,com.netease.mhxyhtb,com.baidu.tieba,com.yizhilu.qh,com.fenbi.android.solar,com.taptap,com.zuoyebang.airclass,com.taobao.idlefish,com.x8zs.sandbox,uni.UNIB957356,com.dongao.kaoqian.phone,com.yiyou.ga,com.playgame.havefun,com.handsgo.jiakao.android,com.gkid.crazyrope,com.yidian.zxpad,com.fenbi.android.leo,com.bokecc.dance,edu.www.qsxt,net.huanci.hsj,com.sankuai.meituan,com.android.pcmode,com.adsk.sketchbook,com.qihoo.browser,com.qq.ac.android,mark.via,com.xiaomi.bluetooth,com.duowan.mobile,cn.soulapp.android,com.yinghuadongman.app,com.mihoyo.hyperion,com.gbits.atm.leiting,com.netease.a13.avg,com.vmos.pro,com.tencent.start,com.netease.newsreader.activity,com.ss.android.auto,com.huatu.handheld_huatu,com.haixue.app.android.HaixueAcademy.h4,com.xuanke.kaochong,net.chinaedu.alioth,com.edu24ol.newclass,com.yuncheapp.android.pearl,com.yongshi.tenojo.ys,com.eoffcn.mobile,me.ele.napos,com.chaoge.athena_android,com.ifttt.ifttt,org.mozilla.firefox,com.excean.splay,com.twitter.android,com.android.dazhihui,com.levelinfinite.apexlegendsmobile'
piano/fps_local.config	fps_group.list60	'com.android.incallui,com.android.camera,com.mfashiongallery.emag,com.miui.tsmclient,com.miui.huanji,com.xiaomi.scanner,com.miui.compass,cn.com.langeasy.LangEasyLexis,io.legado.app.release,com.qihoo360.mobilesafe,com.qq.reader'
piano_intl/fps_local.config	fps_smart_group.list60	'com.bilibili.comic,com.tencent.wemeet.app,com.android.incallui,com.sohu.inputmethod.sogou.xiaomi,com.baidu.input_mi,com.android.deskclock,com.iflytek.inputmethod.miui,com.miui.video,com.duokan.reader,com.android.camera,com.xiaomi.market,com.miui.cleanmaster,com.mfashiongallery.emag,com.android.calendar,com.miui.player,com.android.soundrecorder,com.miui.tsmclient,com.miui.fm,com.miui.huanji,com.android.nfc,com.xiaomi.scanner,com.mipay.wallet,com.miui.yellowpage,com.android.providers.downloads,com.miui.virtualsim,com.xiaomi.aiasst.service,com.miui.bugreport,com.miui.compass,com.milink.service,com.miui.packageinstaller,com.miui.mediaviewer,com.google.android.youtube,com.zhiliaoapp.musically,com.ss.android.ugc.trill,com.google.android.googlequicksearchbox,com.truecaller,org.telegram.messenger,com.mxtech.videoplayer.ad,com.netflix.mediaclient,in.startv.hotstar,in.startv.hotstaronly,com.snapchat.android,com.viber.voip,com.google.android.apps.maps,com.zhiliaoapp.musically.go,com.vanced.android.youtube,com.google.android.apps.docs,us.zoom.videomeetings,com.google.android.gm,com.playit.videoplayer,in.mohalla.sharechat,com.nemo.vidmate,com.kwai.video,com.google.android.apps.tachyon,com.gallery.player,in.mohalla.video,com.shopee.id,com.microsoft.teams,com.funnypuri.client,com.jio.jioplay.tv,com.kwai.bulldog,wp.wattpad,com.google.android.apps.youtube.music,com.google.android.apps.youtube.kids,com.spotify.music,com.flipkart.android,com.waze,com.lemon.lvoverseas,ru.yandex.yandexnavi,com.amazon.avod.thirdpartyclient,tv.twitch.android.app,com.meesho.supply,com.pinterest,com.app.dream11Pro,com.tv.v18.viola,ru.yandex.taximeter,com.graymatrix.did,com.google.android.apps.youtube.mango,com.avito.android,com.phonepe.app,video.tiki,com.lazada.android,com.alibaba.aliexpresshd,trendyol.com,org.videolan.vlc,in.amazon.mShop.android.shopping,com.firsttouchgames.dls7,com.aero,ir.medu.shad,org.xbet.client1,com.lenovo.anyshare.gps,com.next.innovation.takatak,com.google.android.apps.nbu.paisa.user,com.wildberries.ru,video.like,com.kwai.kuaishou.video.live,com.amazon.mShop.android.shopping,com.moonvideo.android.resso,com.google.android.apps.classroom,com.microsoft.office.outlook,com.camerasideas.instashot,com.ubercab.driver,com.prisbank.app,com.starmakerinteractive.starmaker,free.tube.premium.advanced.tuber,com.gojek.partner,mobi.mangatoon.novel,mobi.mangatoon.novel.portuguese,com.sonyliv,sg.bigo.live,com.nexstreaming.app.kinemasterfree,in.mohalla.video.lite,com.shopee.br,com.mercadolibre,com.zzkko,net.one97.paytm,com.cardfeed.video_public,com.naver.linewebtoon,world.social.group.video.share,com.adv.videoplayer.app,com.bstar.intl,com.pratilipi.mobile.android,com.ss.android.ugc.aweme,com.huya.nimo,com.tencent.qqlivei18n,com.duolingo,com.whereismytrain.android,com.whereismytraingadi.trainstatus.livetrainlocation,com.disney.disneyplus,com.shopee.my,com.iqiyi.i18n,ru.ozon.app.android,com.hbo.hbonow,ru.yandex.yandexmaps,com.duokan.phone.remotecontroller,com.shopee.ph,org.jw.jwlibrary.mobile,ir.resaneh1.iptv,video.player.videoplayer,com.jio.myjio,com.vidio.android,com.tokopedia.tkpd,com.unacademyapp,com.msf.angelmobile,com.eterno.shortvideos,com.ak.ta.dainikbhaskar.activity,com.skype.raider,com.google.android.apps.magazines,jp.ne.ibis.ibispaintx.app,sinet.startup.inDriver,com.myntra.android,com.offshore.pikashow,ru.dublgis.dgismobile,in.startv.hotstar.dplus,com.sahibinden,com.dywx.larkplayer,co.brainly,com.bsbportal.music,com.mxtech.videoplayer.beta,com.flatfish.cal.privacy,com.maleo.bussimulatorid,com.taxsee.driver,com.viki.android,com.ubercab,mobi.mangatoon.comics.aphone,xyz.penpencil.physicswala,org.readera,com.jio.media.jiobeats,ir.divar,com.cisco.webex.meetings,com.instander.android,com.olacabs.oladriver,com.vuclip.viu,com.olx.southasia,com.grab.merchant,com.amazon.mp3,com.shadow.blackhole,mrt.battery.health,com.pay4vend.pay4vend,idm.internet.download.manager,in.upstox.app,com.video.fun.app,com.application.zomato,com.schibsted.bomnegocio.androidApp,com.jio.media.ondemand,com.dragon.read,tv.danmaku.bilibilihd,tv.danmaku.bili,com.tencent.qqlive,com.miui.cit,com.xiaomi.calendar,com.android.providers.downloads.ui'
piano_intl/fps_local.config	fps_smart_group.list90	'com.mi.globalbrowser,com.android.browser,com.miui.gallery,com.xiaomi.mihomemanager,com.miui.newhome,com.miui.weather2,com.miui.hybrid,com.xiaomi.smarthome,com.android.quicksearchbox,com.android.fileexplorer,com.xiaomi.gamecenter,com.xiaomi.vipaccount,com.miui.cloudservice,com.android.email,com.xiaomi.wearable,com.xiaomi.youpin,com.mi.health,cn.wps.moffice_eng.xiaomi.lite,com.xiaomi.hm.health,com.whatsapp,com.facebook.katana,com.instagram.android,com.android.chrome,com.google.android.inputmethod.latin,com.facebook.orca,com.facebook.lite,com.gbwhatsapp,com.vkontakte.android,com.whatsapp.w4b,com.twitter.android,com.android.vending,com.imo.android.imoim,ru.yandex.searchplugin,com.mint.keyboard,ru.ok.android,jp.naver.line.android,com.yandex.browser,org.telegram.plus,com.discord,com.touchtype.swiftkey,com.zing.zalo,com.fmwhatsapp,com.UCMobile.intl,com.yowhatsapp,com.WhatsApp2Plus,com.opera.browser,com.opera.mini.native,com.google.android.apps.inputmethod.hindi,com.binance.dev,com.imo.android.imoimbeta,com.snaptube.premium,com.eterno,com.google.android.apps.translate,com.imo.android.imoimhd,com.celltick.lockscreen,ir.ilmili.telegraph,com.clusterdev.malayalamkeyboard,com.facebook.mlite,com.brave.browser,com.michatapp.im,com.obwhatsapp,com.microsoft.office.word,org.mozilla.firefox,com.bit.androsmart.kbinapp,com.tinder,com.emoji.coolkeyboard,im.thebot.messenger,com.picsart.studio,com.simejikeyboard,com.instapro.android,com.linkedin.android,com.alightcreative.motion,com.grindrapp.android,com.uc.browser.en,com.adobe.reader,com.ziipin.softkeyboard.saudi,com.vng.inputmethod.labankey,com.reddit.frontpage,com.yy.hiyo,com.wrx.wazirx,site.realanime.animlov.animlov,com.perm.kate_new_6,com.instagram.lite,re.sova.five,com.badoo.mobile,com.gbwhatsapp3,com.hamrokeyboard,com.fontskeyboard.fonts,org.thunderdog.challegram,com.litatom.app,com.sec.android.app.sbrowser,com.canva.editor,com.instapro.app,com.vtosters.android,com.yandex.zen,com.jtwhatsapp,com.teslacoilsw.launcher,com.android.htmlviewer,blackrussia.online,com.cricbuzz.android,com.nextbillion.groww,com.hsv.freeadblockerbrowser,lk.bhasha.helakuru,com.microsoft.office.officehubrow,sun.way2sms.hyd.com,org.thoughtcrime.securesms,org.vidogram.messenger,com.blueWAplus,com.hb.dialer.free,net.metaquotes.metatrader4,info.sunista.app,org.telegram.messenger.web,com.gojek.app,com.youdao.hindict,com.google.android.packageinstaller,com.intsig.camscanner,com.jb.emoji.gokeyboard,com.ziipin.softkeyboard.dz,com.ss.android.article.news'
piano_intl/fps_local.config	fps_group.list60	'com.android.incallui,com.miui.video,com.android.camera,com.mfashiongallery.emag,com.miui.tsmclient,com.miui.huanji,com.xiaomi.scanner,com.miui.compass,com.miui.mediaviewer,com.google.android.youtube,com.zhiliaoapp.musically,com.ss.android.ugc.trill,com.mxtech.videoplayer.ad,com.netflix.mediaclient,in.startv.hotstar,in.startv.hotstaronly,com.google.android.apps.maps,com.zhiliaoapp.musically.go,com.vanced.android.youtube,com.playit.videoplayer,in.mohalla.sharechat,com.nemo.vidmate,com.kwai.video,com.gallery.player,in.mohalla.video,com.funnypuri.client,com.jio.jioplay.tv,com.kwai.bulldog,wp.wattpad,com.google.android.apps.youtube.music,com.google.android.apps.youtube.kids,com.spotify.music,com.waze,ru.yandex.yandexnavi,com.amazon.avod.thirdpartyclient,tv.twitch.android.app,com.tv.v18.viola,ru.yandex.taximeter,com.graymatrix.did,com.google.android.apps.youtube.mango,video.tiki,org.videolan.vlc,com.aero,com.next.innovation.takatak,video.like,com.kwai.kuaishou.video.live,com.moonvideo.android.resso,com.starmakerinteractive.starmaker,free.tube.premium.advanced.tuber,mobi.mangatoon.novel,mobi.mangatoon.novel.portuguese,com.sonyliv,sg.bigo.live,com.nexstreaming.app.kinemasterfree,in.mohalla.video.lite,net.one97.paytm,com.cardfeed.video_public,com.naver.linewebtoon,world.social.group.video.share,com.adv.videoplayer.app,com.bstar.intl,com.pratilipi.mobile.android,com.ss.android.ugc.aweme,com.huya.nimo,com.tencent.qqlivei18n,com.disney.disneyplus,com.iqiyi.i18n,com.hbo.hbonow,org.jw.jwlibrary.mobile,ir.resaneh1.iptv,video.player.videoplayer,com.jio.myjio,com.vidio.android,com.eterno.shortvideos,com.skype.raider,com.google.android.apps.magazines,sinet.startup.inDriver,ru.dublgis.dgismobile,in.startv.hotstar.dplus,com.dywx.larkplayer,com.bsbportal.music,com.mxtech.videoplayer.beta,com.viki.android,mobi.mangatoon.comics.aphone,org.readera,com.jio.media.jiobeats,com.vuclip.viu,com.amazon.mp3,com.shadow.blackhole,com.video.fun.app,com.jio.media.ondemand'
pond/fps_local.config	fps_smart_group.list90	'com.miui.home,com.miui.gallery,com.android.mms,com.android.contacts,com.android.settings,com.miui.weather2,com.miui.notes,com.android.fileexplorer,com.xiaomi.misettings'
pond/fps_local.config	fps_group.list90	'com.miui.home,com.miui.gallery,com.android.mms,com.miui.weather2,com.android.calendar,com.mfashiongallery.emag,com.miui.notes,com.android.fileexplorer,com.sdu.didi.gsui'
pond/fps_local.config	fps_group.list120	'com.android.deskclock,com.android.contacts,com.miui.calculator,com.android.settings,com.xiaomi.misettings'
pond_intl/fps_local.config	fps_smart_group.list90	'com.miui.home,com.google.android.contacts,com.android.settings,com.miui.player,com.android.thememanager,com.mi.android.globalFileexplorer,com.miui.weather2,com.whatsapp,org.telegram.messenger,com.xiaomi.misettings,com.milink.service,com.miui.notification'
pond_intl/fps_local.config	fps_group.list90	'com.miui.home,com.google.android.contacts,com.miui.player,com.android.soundrecorder,com.android.thememanager,com.mi.android.globalFileexplorer,com.miui.weather2,com.whatsapp,org.telegram.messenger,com.milink.service,com.miui.notification'
pond_intl/fps_local.config	fps_group.list120	'com.google.android.apps.messaging,com.android.settings,com.android.deskclock,com.miui.calculator,com.xiaomi.misettings'
popsicle/fps_local.config	fps_smart_group.list60	'com.android.incallui,com.android.camera,com.xiaomi.scanner,com.miui.mediaviewer,com.ss.android.ugc.aweme,com.ss.android.ugc.aweme.lite,com.kuaishou.nebula,com.smile.gifmaker,com.baidu.haokan'
popsicle/fps_local.config	fps_smart_group.list90	'com.ss.android.article.news,com.xunmeng.pinduoduo,com.taobao.taobao,com.ss.android.article.lite,com.baidu.searchbox,com.UCMobile,com.youku.phone,com.ss.android.ugc.live,com.taobao.live,com.jingdong.app.mall,com.sohu.inputmethod.sogou,com.quark.browser,com.sdu.didi.gsui,com.iflytek.inputmethod,com.sankuai.meituan,com.sup.android.superb,com.kugou.android,com.netease.cloudmusic,com.taobao.litetao,com.tencent.karaoke,com.baidu.netdisk,com.hexin.plat.android,com.taobao.idlefish,com.tencent.qqmusic,com.chaoxing.mobile,com.ximalaya.ting.android,com.eastmoney.android.berlin,com.baidu.homework,cn.wps.moffice_eng,com.xs.fm,com.tencent.wemeet.app,com.yuncheapp.android.pearl,com.sankuai.meituan.dispatch.crowdsource,com.xunlei.downloadprovider,com.sankuai.meituan.meituanwaimaibusiness,com.lemon.lv,com.lalamove.huolala.driver,com.faloo.BookReader4Android,com.jjwxc.reader,com.baidu.searchbox.tomas,com.achievo.vipshop,me.ele,com.baidu.input,com.sankuai.meituan.dispatch.homebrew,com.lphtsccft,com.sogou.activity.src,com.cmcc.cmvideo,com.handsgo.jiakao.android,com.snda.wifilocating,cn.youth.news,com.able.wisdomtree,com.tencent.weishi,com.duoduo.child.story,com.sankuai.meituan.takeoutnew,com.meta.box,me.ele.crowdsource,com.alukaxi.bqshugg.blue,com.example.xrk,com.tencent.qqpinyin,com.flyersoft.seekbooks,me.ele.napos,com.tencent.qqsports,com.lofter.android,com.taobao.qianniu,com.xunmeng.merchant,com.tencent.qt.qtl,com.youdao.dict,com.jingyao.easybike,com.alibaba.wireless,cn.kuwo.player,com.kuaiyin.player,com.yiyou.ga,com.cainiao.wireless,com.android.dazhihui,com.ninesixshop.say,com.tmri.app.main,android.zhibo8,com.jiongji.andriod.card,com.picacomic.fregata,com.gf.client,com.fenbi.android.servant,com.kuangxiangciweimao.novel,com.unionpay,com.soft.blued,com.sdu.didi.psnger,com.cubic.autohome,com.maimemo.android.momo,com.kuaiduizuoye.scan,com.guotai.dazhihui,com.fenbi.android.zhaojiao,com.qq.ac.android,com.chinamworld.main,com.bokecc.dance,com.fenbi.android.solar,com.guzhen.xiucai,com.tencent.tim,com.glodon.drawingexplorer,com.dianping.v1,com.duowan.mobile,com.gotokeep.keep,com.icbc,com.excelliance.dualaid,com.mt.mtxx.mtxx,com.t3go.driver,com.ifreetalk.ftalk,com.android.haitong,com.kugou.android.elder,com.mihoyo.hyperion,com.hundsun.winner.pazq,mark.via,com.kuaidi.daijia.driver,com.android.bankabc,com.bilibili.comic,me.yidui,com.hipu.yidian,com.xiwei.logistics,com.huaxiaozhu.driver,com.xinchuzu.driver,com.jxedt,com.shanbay.sentence,com.kuaikan.comic,com.zxscnew,com.wondertek.miguaikan,com.taptap,com.chinamworld.bocmbci,com.excean.gspace,com.tencent.gamehelper.smoba,com.galaxy.stock,com.tencent.edu,com.jd.pingou,cmb.pb,cn.com.langeasy.LangEasyLexis,com.whatsapp,com.ss.android.ugc.livelite,com.abxsss.app,com.tsingzone.questionbank,com.x8zs.sandbox,com.relief.space.master.cleaner,com.mampod.ergedd,com.zjwh.android_wh_physicalfitness,com.sinovatech.unicom.ui,com.zjy.ykt,com.xt.retouch,com.ishansong,com.wepie.weplay,com.qsmy.walkmonkey,com.ximalaya.ting.lite,com.MobileTicket,com.cmschina.stock,com.sfexpress.knight,com.sinyee.babybus.recommendapp,com.didapinche.booking,com.netease.edu.ucmooc,com.eastmoney.android.fund,com.kwai.videoeditor,com.jryg.driver,com.sohu.inputmethod.sogou.xiaomi,com.android.browser,com.baidu.input_mi,com.android.deskclock,com.iflytek.inputmethod.miui,com.miui.gallery,com.duokan.reader,com.miui.newhome,com.xiaomi.market,com.miui.cleanmaster,com.mfashiongallery.emag,com.android.calendar,com.miui.player,com.miui.hybrid,com.xiaomi.smarthome,com.android.quicksearchbox,com.android.soundrecorder,com.android.fileexplorer,com.xiaomi.gamecenter,com.xiaomi.vipaccount,com.miui.fm,com.miui.huanji,com.miui.yellowpage,com.miui.cloudservice,com.android.email,com.android.providers.downloads,com.miui.virtualsim,com.xiaomi.wearable,com.xiaomi.aiasst.service,com.miui.bugreport,com.miui.compass,com.milink.service,com.miui.packageinstaller,com.xiaomi.youpin,com.mi.health,cn.wps.moffice_eng.xiaomi.lite,com.xiaomi.hm.health'
popsicle/fps_local.config	fps_group.list60	'com.android.incallui,com.android.camera,com.xiaomi.scanner,com.miui.mediaviewer'
prague/fps_local.config	fps_smart_group.list60	'com.ss.android.article.news,com.miui.cit,com.tmall.wireless,com.jingdong.app.mall,com.taobao.live,com.xunmeng.pinduoduo,com.qq.ac.android,com.milink.service,com.tencent.qqpinyin,com.baidu.input,com.iflytek.inputmethod,com.sohu.inputmethod.sogou,com.lechuan.mdxs,com.taobao.taobao,com.UCMobile,com.tencent.wemeet.app,com.chaozh.iReader.dj,com.sankuai.meituan.dispatch.crowdsource,com.chaozh.iReaderFree,com.cootek.crazyreader,com.sankuai.meituan.meituanwaimaibusiness,com.lalamove.huolala.driver,com.faloo.BookReader4Android,com.jjwxc.reader,io.legado.app.release,com.sankuai.meituan.dispatch.homebrew,com.hpbr.bosszhipin,com.lwby.breader.ad,com.snda.wifilocating,com.duoduo.child.story,me.ele.crowdsource,com.alukaxi.bqshugg.blue,com.tencent.map,com.flyersoft.seekbooks,me.ele.napos,com.jingyao.easybike,cn.kuwo.player,com.yiyou.ga,com.ninesixshop.say,com.tmri.app.main,com.lechuan.midunovel,com.comics.bika,com.kuangxiangciweimao.novel,com.sdu.didi.psnger,com.bokecc.dance,com.duowan.mobile,com.ifreetalk.ftalk,com.kugou.android.elder,com.kuaidi.daijia.driver,com.dongqiudi.news,com.bilibili.comic,com.xiwei.logistics,com.huaxiaozhu.driver,com.xinchuzu.driver,com.jd.pingou,com.tool.biqudaogexs,com.tool.txtqbydq,com.baidu.yuedu,com.relief.space.master.cleaner,com.mampod.ergedd,com.ophone.reader.ui,com.ishansong,com.ximalaya.ting.lite,com.sfexpress.knight,com.mianfeizs.book,com.didapinche.booking,com.jryg.driver,com.tadu.read,com.android.incallui,com.android.camera,com.autonavi.minimap,com.sdu.didi.gsui,com.baidu.BaiduMap,com.duokan.reader,tv.danmaku.bili,com.dragon.read,com.kmxs.reader,com.eg.android.AlipayGphone,com.kugou.android,com.netease.cloudmusic,com.lechuan.mdwz,com.tencent.karaoke,com.qidian.QDReader,com.shuqi.controller,com.tencent.qqmusic,com.duokan.free,com.qq.reader,com.yueyou.adreader,com.ximalaya.ting.android,com.tencent.weread,com.android.deskclock,com.mfashiongallery.emag,com.miui.fm,com.miui.huanji,com.android.nfc,com.xiaomi.scanner,com.miui.yellowpage,com.miui.compass,com.miui.miservice,com.miui.player,com.kuaiyin.player,com.tencent.edu,com.wondertek.miguaikan,com.cmcc.cmvideo,com.kuaikan.comic,com.xs.fm,com.youku.phone,com.sup.android.superb,com.phoenix.read,com.dz.hmjc,com.jz.xydj,com.diotc.qojfqkj,com.taige.miaokan,com.taige.mygold,com.ss.android.yumme.video,cn.missevan,com.eggflower.read,cn.kuwo.tingshu.lite,com.picacomic.fregata,com.sohu.inputmethod.sogou.xiaomi,com.baidu.input_mi,com.iflytek.inputmethod.miui,com.instagram.android,com.google.android.googlequicksearchbox,org.telegram.messenger,iflix.play,com.tencent.videolite.android,cn.amazon.mShop.android,com.shopee.my,com.amazon.mShop.android.shopping,us.zoom.videomeetings'
prague/fps_local.config	fps_smart_group.list60_game	'com.feiyu.luobo4.mi,com.bf.sgs.hdexp.mi,com.mfp.jelly.xiaomi,com.easygame2022.sheepmatchcn.mi,com.zy.game.painter2.mi,com.jingpinddz.cy.mi,com.lew.game.monster.mi,com.zf.myds.mi,com.mengmi.majiang.mi,com.tencent.tmgp.hqxy,com.feiyu.hcollege.mi,com.k7k7.goujihd,com.k7k7.goujihd.mi,com.fy.wdnc.mi,com.jd.game.cwllk.mi,com.djddz.km,com.ex.jpkbfc.mi,com.lywx.lyxq.mi,com.yh.zdxhz.mi,com.yh.zdxhz,com.zy.game.fkdgz.mi,com.dz.game.sqhx.mi,com.jd.game.cutfruit.mi,com.lew.game.qmppl.mi,com.duole.guandanhd.mi,com.ylly.xczzd.mi,com.pokercity.ddz.mi,com.rh.jtxqj.mi,com.xzh.ttwxq.mi,com.supercell.clashofclans,com.tencent.tmgp.supercell.clashofclans,com.supercell.clashroyale,com.tencent.tmgp.supercell.clashroyale,com.blizzard.wtcg.hearthstone,com.ironhidegames.android.kingdomrush.alliance,com.kingdomrush4.mi,com.ea.game.pvz2_row,com.popcap.pvz2cthdxm,com.tencent.tmgp.road7.ddtdmxandroid,com.road7.ddtdmxandroid.mi,com.co.zjhy.mi,com.volvapps.ef3.x.mi,com.ahlh.sgzhd.mi,com.my.cooking.chef.kitchen.craze.fever.mi'
prague/fps_local.config	fps_group.list60	'com.miui.huanji,com.miui.cit,com.baidu.input,com.iflytek.inputmethod,com.sohu.inputmethod.sogou,com.tencent.wemeet.app,com.ifreetalk.ftalk,com.kuaidi.daijia.driver,com.xiwei.logistics,com.xinchuzu.driver,com.mampod.ergedd,com.android.incallui,com.android.camera,com.mfashiongallery.emag,com.xiaomi.scanner,com.miui.compass,com.autonavi.minimap,com.sdu.didi.gsui,com.baidu.BaiduMap,com.tencent.map'
pudding/fps_local.config	fps_smart_group.list60	'com.android.incallui,com.android.camera,com.xiaomi.scanner,com.miui.mediaviewer,com.ss.android.ugc.aweme,com.ss.android.ugc.aweme.lite,com.kuaishou.nebula,com.smile.gifmaker,com.baidu.haokan'
pudding/fps_local.config	fps_smart_group.list90	'com.ss.android.article.news,com.xunmeng.pinduoduo,com.taobao.taobao,com.ss.android.article.lite,com.baidu.searchbox,com.UCMobile,com.youku.phone,com.ss.android.ugc.live,com.taobao.live,com.jingdong.app.mall,com.sohu.inputmethod.sogou,com.quark.browser,com.sdu.didi.gsui,com.iflytek.inputmethod,com.sankuai.meituan,com.sup.android.superb,com.kugou.android,com.netease.cloudmusic,com.taobao.litetao,com.tencent.karaoke,com.baidu.netdisk,com.hexin.plat.android,com.taobao.idlefish,com.tencent.qqmusic,com.chaoxing.mobile,com.ximalaya.ting.android,com.eastmoney.android.berlin,com.baidu.homework,cn.wps.moffice_eng,com.xs.fm,com.tencent.wemeet.app,com.yuncheapp.android.pearl,com.sankuai.meituan.dispatch.crowdsource,com.xunlei.downloadprovider,com.sankuai.meituan.meituanwaimaibusiness,com.lemon.lv,com.lalamove.huolala.driver,com.faloo.BookReader4Android,com.jjwxc.reader,com.baidu.searchbox.tomas,com.achievo.vipshop,me.ele,com.baidu.input,com.sankuai.meituan.dispatch.homebrew,com.lphtsccft,com.sogou.activity.src,com.cmcc.cmvideo,com.handsgo.jiakao.android,com.snda.wifilocating,cn.youth.news,com.able.wisdomtree,com.tencent.weishi,com.duoduo.child.story,com.sankuai.meituan.takeoutnew,com.meta.box,me.ele.crowdsource,com.alukaxi.bqshugg.blue,com.example.xrk,com.tencent.qqpinyin,com.flyersoft.seekbooks,me.ele.napos,com.tencent.qqsports,com.lofter.android,com.taobao.qianniu,com.xunmeng.merchant,com.tencent.qt.qtl,com.youdao.dict,com.jingyao.easybike,com.alibaba.wireless,cn.kuwo.player,com.kuaiyin.player,com.yiyou.ga,com.cainiao.wireless,com.android.dazhihui,com.ninesixshop.say,com.tmri.app.main,android.zhibo8,com.jiongji.andriod.card,com.picacomic.fregata,com.gf.client,com.fenbi.android.servant,com.kuangxiangciweimao.novel,com.unionpay,com.soft.blued,com.sdu.didi.psnger,com.cubic.autohome,com.maimemo.android.momo,com.kuaiduizuoye.scan,com.guotai.dazhihui,com.fenbi.android.zhaojiao,com.qq.ac.android,com.chinamworld.main,com.bokecc.dance,com.fenbi.android.solar,com.guzhen.xiucai,com.tencent.tim,com.glodon.drawingexplorer,com.dianping.v1,com.duowan.mobile,com.gotokeep.keep,com.icbc,com.excelliance.dualaid,com.mt.mtxx.mtxx,com.t3go.driver,com.ifreetalk.ftalk,com.android.haitong,com.kugou.android.elder,com.mihoyo.hyperion,com.hundsun.winner.pazq,mark.via,com.kuaidi.daijia.driver,com.android.bankabc,com.bilibili.comic,me.yidui,com.hipu.yidian,com.xiwei.logistics,com.huaxiaozhu.driver,com.xinchuzu.driver,com.jxedt,com.shanbay.sentence,com.kuaikan.comic,com.zxscnew,com.wondertek.miguaikan,com.taptap,com.chinamworld.bocmbci,com.excean.gspace,com.tencent.gamehelper.smoba,com.galaxy.stock,com.tencent.edu,com.jd.pingou,cmb.pb,cn.com.langeasy.LangEasyLexis,com.whatsapp,com.ss.android.ugc.livelite,com.abxsss.app,com.tsingzone.questionbank,com.x8zs.sandbox,com.relief.space.master.cleaner,com.mampod.ergedd,com.zjwh.android_wh_physicalfitness,com.sinovatech.unicom.ui,com.zjy.ykt,com.xt.retouch,com.ishansong,com.wepie.weplay,com.qsmy.walkmonkey,com.ximalaya.ting.lite,com.MobileTicket,com.cmschina.stock,com.sfexpress.knight,com.sinyee.babybus.recommendapp,com.didapinche.booking,com.netease.edu.ucmooc,com.eastmoney.android.fund,com.kwai.videoeditor,com.jryg.driver,com.sohu.inputmethod.sogou.xiaomi,com.android.browser,com.baidu.input_mi,com.android.deskclock,com.iflytek.inputmethod.miui,com.miui.gallery,com.duokan.reader,com.miui.newhome,com.xiaomi.market,com.miui.cleanmaster,com.mfashiongallery.emag,com.android.calendar,com.miui.player,com.miui.hybrid,com.xiaomi.smarthome,com.android.quicksearchbox,com.android.soundrecorder,com.android.fileexplorer,com.xiaomi.gamecenter,com.xiaomi.vipaccount,com.miui.fm,com.miui.huanji,com.miui.yellowpage,com.miui.cloudservice,com.android.email,com.android.providers.downloads,com.miui.virtualsim,com.xiaomi.wearable,com.xiaomi.aiasst.service,com.miui.bugreport,com.miui.compass,com.milink.service,com.miui.packageinstaller,com.xiaomi.youpin,com.mi.health,cn.wps.moffice_eng.xiaomi.lite,com.xiaomi.hm.health'
pudding/fps_local.config	fps_group.list60	'com.android.incallui,com.android.camera,com.xiaomi.scanner,com.miui.mediaviewer'
pudding_intl/fps_local.config	fps_smart_group.list60	'com.android.incallui,com.android.camera,com.xiaomi.scanner,com.miui.mediaviewer'
pudding_intl/fps_local.config	fps_smart_group.list90	'com.google.android.youtube,com.zhiliaoapp.musically,com.ss.android.ugc.trill,com.google.android.googlequicksearchbox,com.truecaller,com.mxtech.videoplayer.ad,com.netflix.mediaclient,in.startv.hotstar,in.startv.hotstaronly,com.viber.voip,com.google.android.apps.maps,com.zhiliaoapp.musically.go,com.vanced.android.youtube,com.google.android.apps.docs,us.zoom.videomeetings,com.google.android.gm,com.playit.videoplayer,in.mohalla.sharechat,ru.yandex.searchplugin,com.nemo.vidmate,com.kwai.video,com.google.android.apps.tachyon,com.gallery.player,in.mohalla.video,com.shopee.id,com.microsoft.teams,com.funnypuri.client,org.telegram.plus,cn.wps.moffice_eng,com.jio.jioplay.tv,com.kwai.bulldog,wp.wattpad,com.google.android.apps.youtube.music,com.google.android.apps.youtube.kids,com.spotify.music,com.flipkart.android,com.waze,com.lemon.lvoverseas,ru.yandex.yandexnavi,com.amazon.avod.thirdpartyclient,tv.twitch.android.app,com.meesho.supply,com.pinterest,com.app.dream11Pro,com.tv.v18.viola,ru.yandex.taximeter,com.graymatrix.did,com.google.android.apps.youtube.mango,com.avito.android,com.phonepe.app,video.tiki,com.lazada.android,com.alibaba.aliexpresshd,trendyol.com,org.videolan.vlc,in.amazon.mShop.android.shopping,com.firsttouchgames.dls7,com.aero,ir.medu.shad,org.xbet.client1,com.binance.dev,com.lenovo.anyshare.gps,com.next.innovation.takatak,com.google.android.apps.nbu.paisa.user,com.wildberries.ru,video.like,com.imo.android.imoimbeta,com.kwai.kuaishou.video.live,com.snaptube.premium,com.eterno,com.amazon.mShop.android.shopping,com.moonvideo.android.resso,com.google.android.apps.translate,com.google.android.apps.classroom,com.imo.android.imoimhd,com.microsoft.office.outlook,com.camerasideas.instashot,com.ubercab.driver,ir.ilmili.telegraph,com.prisbank.app,com.starmakerinteractive.starmaker,free.tube.premium.advanced.tuber,com.gojek.partner,com.facebook.mlite,mobi.mangatoon.novel,mobi.mangatoon.novel.portuguese,com.brave.browser,com.sonyliv,sg.bigo.live,com.michatapp.im,com.nexstreaming.app.kinemasterfree,in.mohalla.video.lite,com.shopee.br,com.obwhatsapp,com.mercadolibre,com.zzkko,net.one97.paytm,com.google.android.apps.tachyon,org.mozilla.firefox,com.cardfeed.video_public,com.tinder,com.naver.linewebtoon,world.social.group.video.share,im.thebot.messenger,com.adv.videoplayer.app,com.picsart.studio,com.instapro.android,com.bstar.intl,com.linkedin.android,com.pratilipi.mobile.android,com.ss.android.ugc.aweme,com.huya.nimo,com.tencent.qqlivei18n,com.duolingo,com.whereismytraingadi.trainstatus.livetrainlocation,com.whereismytrain.android,com.alightcreative.motion,com.grindrapp.android,com.disney.disneyplus,com.shopee.my,com.uc.browser.en,com.iqiyi.i18n,com.adobe.reader,ru.ozon.app.android,com.reddit.frontpage,com.hbo.hbonow,ru.yandex.yandexmaps,com.yy.hiyo,com.wrx.wazirx,com.duokan.phone.remotecontroller,com.perm.kate_new_6,com.shopee.ph,org.jw.jwlibrary.mobile,ir.resaneh1.iptv,video.player.videoplayer,com.instagram.lite,com.jio.myjio,com.vidio.android,com.tokopedia.tkpd,com.unacademyapp,re.sova.five,com.msf.angelmobile,com.eterno.shortvideos,com.ak.ta.dainikbhaskar.activity,com.badoo.mobile,com.skype.raider,com.google.android.apps.magazines,jp.ne.ibis.ibispaintx.app,sinet.startup.inDriver,com.gbwhatsapp3,com.myntra.android,com.offshore.pikashow,ru.dublgis.dgismobile,in.startv.hotstar.dplus,com.sahibinden,com.dywx.larkplayer,co.brainly,com.bsbportal.music,com.mxtech.videoplayer.beta,org.thunderdog.challegram,com.litatom.app,com.sec.android.app.sbrowser,com.flatfish.cal.privacy,com.maleo.bussimulatorid,com.taxsee.driver,com.canva.editor,com.viki.android,com.instapro.app,com.vtosters.android,com.yandex.zen,com.ubercab,mobi.mangatoon.comics.aphone,com.jtwhatsapp,xyz.penpencil.physicswala,blackrussia.online,org.readera,com.cricbuzz.android,com.jio.media.jiobeats,com.nextbillion.groww,ir.divar,com.cisco.webex.meetings,org.thoughtcrime.securesms,org.vidogram.messenger,com.blueWAplus,com.instander.android,com.olacabs.oladriver,com.vuclip.viu,org.telegram.messenger.web,com.gojek.app,com.olx.southasia,com.youdao.hindict,com.grab.merchant,com.intsig.camscanner,com.amazon.mp3,com.shadow.blackhole,mrt.battery.health,com.pay4vend.pay4vend,idm.internet.download.manager,in.upstox.app,com.video.fun.app,com.application.zomato,com.schibsted.bomnegocio.androidApp,com.jio.media.ondemand,com.yandex.browser,com.UCMobile.intl,com.opera.browser,com.opera.mini.native,com.hsv.freeadblockerbrowser,com.sohu.inputmethod.sogou.xiaomi,com.android.browser,com.baidu.input_mi,com.android.deskclock,com.iflytek.inputmethod.miui,com.miui.gallery,com.duokan.reader,com.miui.newhome,com.xiaomi.market,com.miui.cleanmaster,com.mfashiongallery.emag,com.android.calendar,com.miui.player,com.miui.hybrid,com.xiaomi.smarthome,com.android.quicksearchbox,com.android.soundrecorder,com.android.fileexplorer,com.xiaomi.gamecenter,com.xiaomi.vipaccount,com.miui.fm,com.miui.huanji,com.miui.yellowpage,com.miui.cloudservice,com.android.email,com.android.providers.downloads,com.miui.virtualsim,com.xiaomi.wearable,com.xiaomi.aiasst.service,com.miui.bugreport,com.miui.compass,com.milink.service,com.miui.packageinstaller,com.xiaomi.youpin,com.mi.health,cn.wps.moffice_eng.xiaomi.lite,com.xiaomi.hm.health'
pudding_intl/fps_local.config	fps_group.list60	'com.android.incallui,com.android.camera,com.xiaomi.scanner,com.miui.mediaviewer'
rodin/fps_local.config	fps_smart_group.list60	'com.ss.android.article.news,com.miui.cit,com.tmall.wireless,com.jingdong.app.mall,com.taobao.live,com.tencent.mtt,com.xunmeng.pinduoduo,com.qq.ac.android,com.milink.service,com.tencent.qqpinyin,com.baidu.input,com.iflytek.inputmethod,com.sohu.inputmethod.sogou,com.lechuan.mdxs,com.taobao.taobao,com.UCMobile,com.tencent.wemeet.app,com.chaozh.iReader.dj,com.sankuai.meituan.dispatch.crowdsource,com.chaozh.iReaderFree,com.cootek.crazyreader,com.sankuai.meituan.meituanwaimaibusiness,com.lalamove.huolala.driver,com.faloo.BookReader4Android,com.jjwxc.reader,io.legado.app.release,com.sankuai.meituan.dispatch.homebrew,com.hpbr.bosszhipin,com.lwby.breader.ad,com.snda.wifilocating,com.duoduo.child.story,me.ele.crowdsource,com.alukaxi.bqshugg.blue,com.tencent.map,com.flyersoft.seekbooks,me.ele.napos,com.jingyao.easybike,cn.kuwo.player,com.yiyou.ga,com.ninesixshop.say,com.tmri.app.main,com.lechuan.midunovel,com.comics.bika,com.kuangxiangciweimao.novel,com.sdu.didi.psnger,com.bokecc.dance,com.duowan.mobile,com.ifreetalk.ftalk,com.kugou.android.elder,com.kuaidi.daijia.driver,com.dongqiudi.news,com.bilibili.comic,com.xiwei.logistics,com.huaxiaozhu.driver,com.xinchuzu.driver,com.jd.pingou,com.tool.biqudaogexs,com.tool.txtqbydq,com.baidu.yuedu,com.relief.space.master.cleaner,com.mampod.ergedd,com.ophone.reader.ui,com.ishansong,com.ximalaya.ting.lite,com.sfexpress.knight,com.mianfeizs.book,com.didapinche.booking,com.jryg.driver,com.tadu.read,com.android.incallui,com.android.camera,com.autonavi.minimap,com.sdu.didi.gsui,com.baidu.BaiduMap,com.duokan.reader,tv.danmaku.bili,com.dragon.read,com.kmxs.reader,com.eg.android.AlipayGphone,com.kugou.android,com.netease.cloudmusic,com.lechuan.mdwz,com.tencent.karaoke,com.qidian.QDReader,com.shuqi.controller,com.tencent.qqmusic,com.duokan.free,com.qq.reader,com.yueyou.adreader,com.ximalaya.ting.android,com.tencent.weread,com.android.deskclock,com.miui.cleanmaster,com.mfashiongallery.emag,com.android.calendar,com.android.soundrecorder,com.miui.tsmclient,com.miui.fm,com.miui.huanji,com.android.nfc,com.xiaomi.scanner,com.mipay.wallet,com.miui.yellowpage,com.android.providers.downloads.ui,com.miui.virtualsim,com.xiaomi.aiasst.service,com.miui.compass,com.miui.miservice,com.miui.packageinstaller,com.miui.player,com.kuaiyin.player,com.tencent.edu,com.wondertek.miguaikan,com.cmcc.cmvideo,com.kuaikan.comic,com.xs.fm,com.youku.phone'
rodin/fps_local.config	fps_group.list60	'com.miui.huanji,com.miui.cit,com.baidu.input,com.iflytek.inputmethod,com.sohu.inputmethod.sogou,com.tencent.wemeet.app,com.ifreetalk.ftalk,com.kuaidi.daijia.driver,com.xiwei.logistics,com.xinchuzu.driver,com.mampod.ergedd,com.android.incallui,com.android.camera,com.mfashiongallery.emag,com.miui.tsmclient,com.xiaomi.scanner,com.miui.compass,com.autonavi.minimap,com.sdu.didi.gsui,com.baidu.BaiduMap,com.tencent.map'
rodin_id/fps_local.config	fps_smart_group.list60	'com.android.deskclock,com.android.camera,com.miui.player,com.miui.cleanmaster,com.android.soundrecorder,com.miui.cleaner,com.xiaomi.calendar,com.google.android.calendar,com.android.calendar,com.android.incallui,com.netflix.mediaclient,com.google.android.apps.maps,com.xiaomi.scanner,com.google.android.googlequicksearchbox,com.truecaller,org.telegram.messenger,com.snapchat.android,com.viber.voip,com.google.android.apps.docs,com.google.android.apps.tachyon,com.shopee.id,com.microsoft.teams,com.flipkart.android,com.meesho.supply,com.pinterest,com.app.dream11Pro,com.avito.android,com.phonepe.app,com.alibaba.aliexpresshd,trendyol.com,ir.medu.shad,org.xbet.client1,com.google.android.apps.nbu.paisa.user,com.wildberries.ru,com.amazon.mShop.android.shopping,com.google.android.apps.classroom,com.microsoft.office.outlook,com.camerasideas.instashot,com.ubercab.driver,com.prisbank.app,com.gojek.partner,com.shopee.br,com.mercadolibre,com.zzkko,com.duolingo,com.whereismytrain.android,com.whereismytraingadi.trainstatus.livetrainlocation,com.shopee.my,com.tokopedia.tkpd,com.unacademyapp,com.msf.angelmobile,com.ak.ta.dainikbhaskar.activity,jp.ne.ibis.ibispaintx.app,com.myntra.android,com.offshore.pikashow,com.sahibinden,co.brainly,com.flatfish.cal.privacy,com.ubercab,xyz.penpencil.physicswala,ir.divar,com.cisco.webex.meetings,com.instander.android,com.olacabs.oladriver,com.vuclip.viu,com.olx.southasia,com.whatsapp,com.facebook.katana,com.instagram.android,com.android.chrome,com.facebook.orca,com.facebook.lite,com.gbwhatsapp,com.vkontakte.android,com.whatsapp.w4b,com.twitter.android,com.android.vending,com.imo.android.imoim,ru.ok.android,jp.naver.line.android,com.yandex.browser,org.telegram.plus,cn.wps.moffice_eng,com.discord,com.zing.zalo,com.fmwhatsapp,com.UCMobile.intl,com.yowhatsapp,com.WhatsApp2Plus,com.opera.browser,com.opera.mini.native,com.binance.dev,com.imo.android.imoimbeta,com.eterno,com.google.android.apps.translate,com.imo.android.imoimhd,ir.ilmili.telegraph,com.facebook.mlite,com.brave.browser,com.michatapp.im,com.obwhatsapp,org.mozilla.firefox,im.thebot.messenger,com.picsart.studio,com.linkedin.android,com.alightcreative.motion,com.grindrapp.android,com.uc.browser.en,com.reddit.frontpage,com.yy.hiyo,com.perm.kate_new_6,com.instagram.lite,re.sova.five,com.badoo.mobile,com.gbwhatsapp3,org.thunderdog.challegram,com.litatom.app,com.sec.android.app.sbrowser,com.canva.editor,com.instapro.app,com.vtosters.android,com.yandex.zen,com.jtwhatsapp,blackrussia.online,com.cricbuzz.android,com.nextbillion.groww,org.thoughtcrime.securesms,org.vidogram.messenger,com.blueWAplus,org.telegram.messenger.web,com.gojek.app,com.intsig.camscanner,mrt.battery.health,com.pay4vend.pay4vend,idm.internet.download.manager,in.upstox.app,com.application.zomato,com.schibsted.bomnegocio.androidApp'
rodin_id/fps_local.config	fps_group.list60	'com.android.camera,com.android.incallui,com.netflix.mediaclient,com.google.android.apps.maps,com.xiaomi.scanner'
rodin_intl/fps_local.config	fps_smart_group.list60	'com.android.deskclock,com.android.camera,com.miui.player,com.miui.cleanmaster,com.android.soundrecorder,com.miui.cleaner,com.xiaomi.calendar,com.google.android.calendar,com.android.calendar,com.android.incallui,com.netflix.mediaclient,com.google.android.apps.maps,ru.yandex.yandexmaps,com.xiaomi.scanner,com.google.android.googlequicksearchbox,com.truecaller,org.telegram.messenger,com.snapchat.android,com.viber.voip,com.google.android.apps.docs,us.zoom.videomeetings,com.google.android.gm,com.google.android.apps.tachyon,com.shopee.id,com.microsoft.teams,com.flipkart.android,com.lemon.lvoverseas,com.meesho.supply,com.pinterest,com.app.dream11Pro,com.avito.android,com.phonepe.app,com.lazada.android,com.alibaba.aliexpresshd,trendyol.com,in.amazon.mShop.android.shopping,com.firsttouchgames.dls7,ir.medu.shad,org.xbet.client1,com.lenovo.anyshare.gps,com.google.android.apps.nbu.paisa.user,com.wildberries.ru,com.amazon.mShop.android.shopping,com.google.android.apps.classroom,com.microsoft.office.outlook,com.camerasideas.instashot,com.ubercab.driver,com.prisbank.app,com.gojek.partner,com.shopee.br,com.mercadolibre,com.zzkko,com.duolingo,com.whereismytrain.android,com.whereismytraingadi.trainstatus.livetrainlocation,com.shopee.my,ru.ozon.app.android,com.duokan.phone.remotecontroller,com.shopee.ph,com.tokopedia.tkpd,com.unacademyapp,com.msf.angelmobile,com.ak.ta.dainikbhaskar.activity,jp.ne.ibis.ibispaintx.app,com.myntra.android,com.offshore.pikashow,com.sahibinden,co.brainly,com.flatfish.cal.privacy,com.maleo.bussimulatorid,com.taxsee.driver,com.ubercab,xyz.penpencil.physicswala,ir.divar,com.cisco.webex.meetings,com.instander.android,com.olacabs.oladriver,com.vuclip.viu,com.olx.southasia,mrt.battery.health,com.pay4vend.pay4vend,idm.internet.download.manager,in.upstox.app,com.application.zomato,com.schibsted.bomnegocio.androidApp,com.whatsapp'
rodin_intl/fps_local.config	fps_group.list60	'com.android.camera,com.android.incallui,com.netflix.mediaclient,com.google.android.apps.maps,com.xiaomi.scanner'
rothko/fps_local.config	fps_smart_group.list60	'com.ss.android.article.news,com.miui.cit,com.tmall.wireless,com.jingdong.app.mall,com.taobao.live,com.xunmeng.pinduoduo,com.qq.ac.android,com.milink.service,com.tencent.qqpinyin,com.baidu.input,com.iflytek.inputmethod,com.sohu.inputmethod.sogou,com.lechuan.mdxs,com.taobao.taobao,com.UCMobile,com.tencent.wemeet.app,com.chaozh.iReader.dj,com.sankuai.meituan.dispatch.crowdsource,com.chaozh.iReaderFree,com.cootek.crazyreader,com.sankuai.meituan.meituanwaimaibusiness,com.lalamove.huolala.driver,com.faloo.BookReader4Android,com.jjwxc.reader,io.legado.app.release,com.sankuai.meituan.dispatch.homebrew,com.hpbr.bosszhipin,com.lwby.breader.ad,com.snda.wifilocating,com.duoduo.child.story,me.ele.crowdsource,com.alukaxi.bqshugg.blue,com.tencent.map,com.flyersoft.seekbooks,me.ele.napos,com.jingyao.easybike,cn.kuwo.player,com.yiyou.ga,com.ninesixshop.say,com.tmri.app.main,com.lechuan.midunovel,com.comics.bika,com.kuangxiangciweimao.novel,com.sdu.didi.psnger,com.bokecc.dance,com.duowan.mobile,com.ifreetalk.ftalk,com.kugou.android.elder,com.kuaidi.daijia.driver,com.dongqiudi.news,com.bilibili.comic,com.xiwei.logistics,com.huaxiaozhu.driver,com.xinchuzu.driver,com.jd.pingou,com.tool.biqudaogexs,com.tool.txtqbydq,com.baidu.yuedu,com.relief.space.master.cleaner,com.mampod.ergedd,com.ophone.reader.ui,com.ishansong,com.ximalaya.ting.lite,com.sfexpress.knight,com.mianfeizs.book,com.didapinche.booking,com.jryg.driver,com.tadu.read,com.android.incallui,com.android.camera,com.autonavi.minimap,com.sdu.didi.gsui,com.baidu.BaiduMap,com.duokan.reader,tv.danmaku.bili,com.dragon.read,com.kmxs.reader,com.eg.android.AlipayGphone,com.kugou.android,com.netease.cloudmusic,com.lechuan.mdwz,com.tencent.karaoke,com.qidian.QDReader,com.shuqi.controller,com.tencent.qqmusic,com.duokan.free,com.qq.reader,com.yueyou.adreader,com.ximalaya.ting.android,com.tencent.weread,com.android.deskclock,com.miui.cleanmaster,com.mfashiongallery.emag,com.android.calendar,com.android.soundrecorder,com.miui.fm,com.miui.huanji,com.android.nfc,com.xiaomi.scanner,com.mipay.wallet,com.miui.yellowpage,com.android.providers.downloads.ui,com.miui.virtualsim,com.xiaomi.aiasst.service,com.miui.compass,com.miui.miservice,com.miui.packageinstaller,com.miui.player,com.kuaiyin.player,com.tencent.edu,com.wondertek.miguaikan,com.cmcc.cmvideo,com.kuaikan.comic,com.xs.fm,com.youku.phone'
rothko/fps_local.config	fps_group.list60	'com.miui.huanji,com.miui.cit,com.baidu.input,com.iflytek.inputmethod,com.sohu.inputmethod.sogou,com.tencent.wemeet.app,com.ifreetalk.ftalk,com.kuaidi.daijia.driver,com.xiwei.logistics,com.xinchuzu.driver,com.mampod.ergedd,com.android.incallui,com.android.camera,com.mfashiongallery.emag,com.xiaomi.scanner,com.miui.compass,com.autonavi.minimap,com.sdu.didi.gsui,com.baidu.BaiduMap,com.tencent.map'
rothko_id/fps_local.config	fps_smart_group.list60	'com.android.deskclock,com.android.camera,com.miui.player,com.miui.cleanmaster,com.android.soundrecorder,com.miui.cleaner,com.xiaomi.calendar,com.google.android.calendar,com.android.calendar,com.android.incallui,com.netflix.mediaclient,com.google.android.apps.maps,com.xiaomi.scanner,com.google.android.googlequicksearchbox,com.truecaller,org.telegram.messenger,com.snapchat.android,com.viber.voip,com.google.android.apps.docs,com.google.android.apps.tachyon,com.shopee.id,com.microsoft.teams,com.flipkart.android,com.meesho.supply,com.pinterest,com.app.dream11Pro,com.avito.android,com.phonepe.app,com.alibaba.aliexpresshd,trendyol.com,ir.medu.shad,org.xbet.client1,com.google.android.apps.nbu.paisa.user,com.wildberries.ru,com.amazon.mShop.android.shopping,com.google.android.apps.classroom,com.microsoft.office.outlook,com.camerasideas.instashot,com.ubercab.driver,com.prisbank.app,com.gojek.partner,com.shopee.br,com.mercadolibre,com.zzkko,com.duolingo,com.whereismytrain.android,com.whereismytraingadi.trainstatus.livetrainlocation,com.shopee.my,com.tokopedia.tkpd,com.unacademyapp,com.msf.angelmobile,com.ak.ta.dainikbhaskar.activity,jp.ne.ibis.ibispaintx.app,com.myntra.android,com.offshore.pikashow,com.sahibinden,co.brainly,com.flatfish.cal.privacy,com.ubercab,xyz.penpencil.physicswala,ir.divar,com.cisco.webex.meetings,com.instander.android,com.olacabs.oladriver,com.vuclip.viu,com.olx.southasia,com.whatsapp,com.facebook.katana,com.instagram.android,com.android.chrome,com.facebook.orca,com.facebook.lite,com.gbwhatsapp,com.vkontakte.android,com.whatsapp.w4b,com.twitter.android,com.android.vending,com.imo.android.imoim,ru.ok.android,jp.naver.line.android,com.yandex.browser,org.telegram.plus,cn.wps.moffice_eng,com.discord,com.zing.zalo,com.fmwhatsapp,com.UCMobile.intl,com.yowhatsapp,com.WhatsApp2Plus,com.opera.browser,com.opera.mini.native,com.binance.dev,com.imo.android.imoimbeta,com.eterno,com.google.android.apps.translate,com.imo.android.imoimhd,ir.ilmili.telegraph,com.facebook.mlite,com.brave.browser,com.michatapp.im,com.obwhatsapp,org.mozilla.firefox,im.thebot.messenger,com.picsart.studio,com.linkedin.android,com.alightcreative.motion,com.grindrapp.android,com.uc.browser.en,com.reddit.frontpage,com.yy.hiyo,com.perm.kate_new_6,com.instagram.lite,re.sova.five,com.badoo.mobile,com.gbwhatsapp3,org.thunderdog.challegram,com.litatom.app,com.sec.android.app.sbrowser,com.canva.editor,com.instapro.app,com.vtosters.android,com.yandex.zen,com.jtwhatsapp,blackrussia.online,com.cricbuzz.android,com.nextbillion.groww,org.thoughtcrime.securesms,org.vidogram.messenger,com.blueWAplus,org.telegram.messenger.web,com.gojek.app,com.intsig.camscanner,mrt.battery.health,com.pay4vend.pay4vend,idm.internet.download.manager,in.upstox.app,com.application.zomato,com.schibsted.bomnegocio.androidApp'
rothko_id/fps_local.config	fps_group.list60	'com.android.camera,com.android.incallui,com.netflix.mediaclient,com.google.android.apps.maps,com.xiaomi.scanner'
rothko_intl/fps_local.config	fps_smart_group.list60	'com.android.deskclock,com.android.camera,com.miui.player,com.miui.cleanmaster,com.android.soundrecorder,com.miui.cleaner,com.xiaomi.calendar,com.google.android.calendar,com.android.calendar,com.android.incallui,com.netflix.mediaclient,com.google.android.apps.maps,ru.yandex.yandexmaps,com.xiaomi.scanner,com.google.android.googlequicksearchbox,com.truecaller,org.telegram.messenger,com.snapchat.android,com.viber.voip,com.google.android.apps.docs,us.zoom.videomeetings,com.google.android.gm,com.google.android.apps.tachyon,com.shopee.id,com.microsoft.teams,com.flipkart.android,com.lemon.lvoverseas,com.meesho.supply,com.pinterest,com.app.dream11Pro,com.avito.android,com.phonepe.app,com.lazada.android,com.alibaba.aliexpresshd,trendyol.com,in.amazon.mShop.android.shopping,com.firsttouchgames.dls7,ir.medu.shad,org.xbet.client1,com.lenovo.anyshare.gps,com.google.android.apps.nbu.paisa.user,com.wildberries.ru,com.amazon.mShop.android.shopping,com.google.android.apps.classroom,com.microsoft.office.outlook,com.camerasideas.instashot,com.ubercab.driver,com.prisbank.app,com.gojek.partner,com.shopee.br,com.mercadolibre,com.zzkko,com.duolingo,com.whereismytrain.android,com.whereismytraingadi.trainstatus.livetrainlocation,com.shopee.my,ru.ozon.app.android,com.duokan.phone.remotecontroller,com.shopee.ph,com.tokopedia.tkpd,com.unacademyapp,com.msf.angelmobile,com.ak.ta.dainikbhaskar.activity,jp.ne.ibis.ibispaintx.app,com.myntra.android,com.offshore.pikashow,com.sahibinden,co.brainly,com.flatfish.cal.privacy,com.maleo.bussimulatorid,com.taxsee.driver,com.ubercab,xyz.penpencil.physicswala,ir.divar,com.cisco.webex.meetings,com.instander.android,com.olacabs.oladriver,com.vuclip.viu,com.olx.southasia,mrt.battery.health,com.pay4vend.pay4vend,idm.internet.download.manager,in.upstox.app,com.application.zomato,com.schibsted.bomnegocio.androidApp,com.whatsapp'
rothko_intl/fps_local.config	fps_group.list60	'com.android.camera,com.android.incallui,com.netflix.mediaclient,com.google.android.apps.maps,com.xiaomi.scanner'
ruan_intl/fps_local.config	fps_smart_group.list60	'com.android.incallui,com.sohu.inputmethod.sogou.xiaomi,com.baidu.input_mi,com.android.deskclock,com.iflytek.inputmethod.miui,com.duokan.reader,com.android.camera,com.xiaomi.market,com.miui.cleanmaster,com.mfashiongallery.emag,com.android.calendar,com.miui.player,com.android.soundrecorder,com.miui.tsmclient,com.miui.fm,com.miui.huanji,com.android.nfc,com.xiaomi.scanner,com.mipay.wallet,com.miui.yellowpage,com.android.providers.downloads,com.miui.virtualsim,com.xiaomi.aiasst.service,com.miui.miservice,com.miui.compass,com.milink.service,com.miui.packageinstaller,com.google.android.apps.maps,ru.yandex.yandexmaps,com.gallery.player,com.android.providers.downloads.ui,com.miui.cit,com.dragon.read,tv.danmaku.bilibilihd,tv.danmaku.bili,com.tencent.qqlive,com.tencent.androidqqmail,com.tencent.wemeet.app'
ruan_intl/fps_local.config	fps_smart_group.list90	'com.android.browser,com.miui.gallery,com.xiaomi.mihomemanager,com.miui.newhome,com.miui.weather2,com.miui.hybrid,com.xiaomi.smarthome,com.android.quicksearchbox,com.android.fileexplorer,com.xiaomi.gamecenter,com.xiaomi.vipaccount,com.miui.cloudservice,com.android.email,com.xiaomi.wearable,com.xiaomi.youpin,com.mi.health,cn.wps.moffice_eng.xiaomi.lite,com.xiaomi.hm.health,com.mi.globalbrowser,com.ss.android.article.news'
ruan_intl/fps_local.config	fps_group.list60	'com.android.incallui,com.android.camera,com.mfashiongallery.emag,com.miui.tsmclient,com.miui.huanji,com.xiaomi.scanner,com.miui.compass,com.google.android.apps.maps,ru.yandex.yandexmaps'
ruyi/fps_local.config	fps_smart_group.list60	'com.android.incallui,com.sohu.inputmethod.sogou.xiaomi,com.baidu.input_mi,com.android.deskclock,com.iflytek.inputmethod.miui,com.duokan.reader,com.android.camera,com.xiaomi.market,com.miui.cleanmaster,com.mfashiongallery.emag,com.android.calendar,com.miui.player,com.android.soundrecorder,com.miui.fm,com.miui.huanji,com.xiaomi.scanner,com.miui.yellowpage,com.android.providers.downloads,com.miui.virtualsim,com.xiaomi.aiasst.service,com.miui.miservice,com.miui.compass,com.milink.service,com.miui.packageinstaller,tv.danmaku.bili,com.dragon.read,com.kmxs.reader,com.eg.android.AlipayGphone,com.sohu.inputmethod.sogou,com.iflytek.inputmethod,com.kugou.android,com.netease.cloudmusic,com.lechuan.mdwz,com.tencent.karaoke,com.qidian.QDReader,com.shuqi.controller,com.tencent.qqmusic,com.duokan.free,com.qq.reader,com.yueyou.adreader,com.ximalaya.ting.android,com.tencent.weread,com.xs.fm,com.lechuan.mdxs,com.chaozh.iReader.dj,com.sankuai.meituan.dispatch.crowdsource,com.chaozh.iReaderFree,com.cootek.crazyreader,com.sankuai.meituan.meituanwaimaibusiness,com.lalamove.huolala.driver,com.faloo.BookReader4Android,com.jjwxc.reader,io.legado.app.release,com.baidu.input,com.sankuai.meituan.dispatch.homebrew,com.cmcc.cmvideo,com.lwby.breader.ad,com.snda.wifilocating,com.duoduo.child.story,me.ele.crowdsource,com.alukaxi.bqshugg.blue,com.tencent.qqpinyin,com.flyersoft.seekbooks,me.ele.napos,com.jingyao.easybike,cn.kuwo.player,com.kuaiyin.player,com.yiyou.ga,com.ninesixshop.say,com.tmri.app.main,com.lechuan.midunovel,com.tmall.wireless,com.picacomic.fregata,com.kuangxiangciweimao.novel,com.sdu.didi.psnger,com.qq.ac.android,com.bokecc.dance,com.duowan.mobile,com.kugou.android.elder,com.dongqiudi.news,com.bilibili.comic,com.huaxiaozhu.driver,com.kuaikan.comic,com.wondertek.miguaikan,com.tencent.edu,com.jd.pingou,com.tool.biqudaogexs,com.tool.txtqbydq,com.baidu.yuedu,com.relief.space.master.cleaner,com.ophone.reader.ui,com.ishansong,com.ximalaya.ting.lite,com.sfexpress.knight,com.mianfeizs.book,com.didapinche.booking,com.jryg.driver,com.tadu.read,com.autonavi.minimap,com.sdu.didi.gsui,com.baidu.BaiduMap,com.tencent.wemeet.app,com.tencent.map,com.ifreetalk.ftalk,com.kuaidi.daijia.driver,com.xiwei.logistics,com.xinchuzu.driver,com.gallery.player,com.xiaomi.calendar,com.android.providers.downloads.ui,com.miui.cit,com.xunmeng.pinduoduo,com.taobao.taobao,com.UCMobile,com.taobao.live,com.jingdong.app.mall,com.hpbr.bosszhipin,com.ss.android.article.lite,com.youku.phone,com.quark.browser,com.baidu.searchbox.lite,com.sankuai.meituan,com.sup.android.superb,com.taobao.litetao,com.baidu.netdisk,com.hexin.plat.android,cn.xiaochuankeji.tieba,com.taobao.idlefish,com.chaoxing.mobile,com.eastmoney.android.berlin,com.baidu.homework,com.jifen.qukan,cn.wps.moffice_eng,cn.soulapp.android,com.yuncheapp.android.pearl,cn.xiaochuankeji.zuiyouLite,com.xunlei.downloadprovider,com.lemon.lv,com.baidu.searchbox.tomas,com.achievo.vipshop,me.ele,com.lphtsccft,com.sogou.activity.src,com.hupu.games,com.handsgo.jiakao.android,com.yidian.xiaomi,cn.youth.news,com.able.wisdomtree,com.sankuai.meituan.takeoutnew,com.meta.box,com.weico.international,com.ss.android.auto,com.example.xrk,com.tencent.qqsports,com.lofter.android,com.taobao.qianniu,com.xunmeng.merchant,com.tencent.qt.qtl,com.youdao.dict,com.alibaba.wireless,com.wuba,com.shizhuang.duapp,com.cashtoutiao,com.cainiao.wireless,com.android.dazhihui,com.facebook.katana,android.zhibo8,com.gf.client,com.fenbi.android.servant,com.unionpay,com.soft.blued,com.maimemo.android.momo,com.kuaiduizuoye.scan,com.guotai.dazhihui,com.fenbi.android.zhaojiao,com.qihoo.browser,com.chinamworld.main,com.fenbi.android.solar,com.guzhen.xiucai,com.glodon.drawingexplorer,com.dianping.v1,com.gotokeep.keep,com.icbc,com.ucmobile.lite,com.excelliance.dualaid,com.mt.mtxx.mtxx,com.t3go.driver,com.android.haitong,com.mihoyo.hyperion,com.hundsun.winner.pazq,mark.via,com.android.bankabc,com.p1.mobile.putong,me.yidui,com.hipu.yidian,com.smzdm.client.android,com.jxedt,com.shanbay.sentence,com.zxscnew,com.xueqiu.android,com.taptap,com.chinamworld.bocmbci,com.excean.gspace,com.tencent.gamehelper.smoba,com.galaxy.stock,cmb.pb,cn.com.langeasy.LangEasyLexis,com.sina.news,com.whatsapp,com.abxsss.app,com.tsingzone.questionbank,com.x8zs.sandbox,com.zjwh.android_wh_physicalfitness,com.sinovatech.unicom.ui,com.zjy.ykt,com.xt.retouch,com.zhaopin.social,com.wepie.weplay,com.qsmy.walkmonkey,com.MobileTicket,com.cmschina.stock,gov.pianzong.androidnga,com.sinyee.babybus.recommendapp,com.netease.edu.ucmooc,com.eastmoney.android.fund,com.kwai.videoeditor,com.microsoft.emmx,com.youdao.translator,com.baidu.baidutranslate,com.cat.readall,com.yiche.autoeasy,com.yiche.price,com.uxin.kilaaudio,com.ss.android.article.news'
ruyi/fps_local.config	fps_smart_group.list60_fold	'com.tencent.mm,com.tencent.mobileqq,com.baidu.searchbox,com.sina.weibo,com.xingin.xhs,cn.xuexi.android,com.alibaba.android.rimet,com.tencent.news,com.zhihu.android,com.baidu.tieba,com.tencent.wework,com.immomo.momo,com.douban.frodo,com.jiongji.andriod.card,com.cubic.autohome,com.netease.newsreader.activity,com.twitter.android,com.tencent.tim,com.ifeng.news2'
ruyi/fps_local.config	fps_group.list60	'com.android.incallui,com.android.camera,com.mfashiongallery.emag,com.miui.huanji,com.xiaomi.scanner,com.miui.compass,com.autonavi.minimap,com.sdu.didi.gsui,com.baidu.BaiduMap,com.tencent.wemeet.app,com.tencent.map,com.ifreetalk.ftalk,com.kuaidi.daijia.driver,com.xiwei.logistics,com.xinchuzu.driver'
ruyi_intl/fps_local.config	fps_smart_group.list60	'com.google.android.youtube,com.zhiliaoapp.musically,com.ss.android.ugc.trill,com.facebook.lite,com.google.android.googlequicksearchbox,com.truecaller,com.mxtech.videoplayer.ad,com.netflix.mediaclient,in.startv.hotstar,com.viber.voip,com.google.android.apps.maps,com.zhiliaoapp.musically.go,com.vanced.android.youtube,com.google.android.apps.docs,com.android.vending,us.zoom.videomeetings,com.google.android.gm,com.playit.videoplayer,in.mohalla.sharechat,com.imo.android.imoim,ru.yandex.searchplugin,com.nemo.vidmate,com.kwai.video,com.google.android.apps.meetings,com.gallery.player,in.mohalla.video,com.yandex.browser,com.shopee.id,com.microsoft.teams,com.funnypuri.client,org.telegram.plus,cn.wps.moffice_eng,com.jio.jioplay.tv,com.kwai.bulldog,com.discord,wp.wattpad,com.google.android.apps.youtube.music,com.google.android.apps.youtube.kids,com.spotify.music,com.flipkart.android,com.waze,com.zing.zalo,com.fmwhatsapp,com.lemon.lvoverseas,ru.yandex.yandexnavi,com.amazon.avod.thirdpartyclient,tv.twitch.android.app,com.meesho.supply,com.UCMobile.intl,com.pinterest,com.app.dream11Pro,com.tv.v18.viola,ru.yandex.taximeter,com.yowhatsapp,com.WhatsApp2Plus,com.graymatrix.did,com.google.android.apps.youtube.mango,com.avito.android,com.opera.browser,com.phonepe.app,video.tiki,com.opera.mini.native,com.lazada.android,com.alibaba.aliexpresshd,trendyol.com,org.videolan.vlc,in.amazon.mShop.android.shopping,com.firsttouchgames.dls7,com.aero,ir.medu.shad,org.xbet.client1,com.binance.dev,com.lenovo.anyshare.gps,com.next.innovation.takatak,com.google.android.apps.nbu.paisa.user,com.wildberries.ru,video.like,com.imo.android.imoimbeta,com.kwai.kuaishou.video.live,com.snaptube.premium,com.eterno,com.amazon.mShop.android.shopping,com.moonvideo.android.resso,com.google.android.apps.translate,com.google.android.apps.classroom,com.imo.android.imoimhd,com.microsoft.office.outlook,com.camerasideas.instashot,com.ubercab.driver,ir.ilmili.telegraph,ru.sberbankmobile,com.starmakerinteractive.starmaker,free.tube.premium.advanced.tuber,com.gojek.partner,com.facebook.mlite,mobi.mangatoon.novel,com.brave.browser,com.sonyliv,sg.bigo.live,com.michatapp.im,com.nexstreaming.app.kinemasterfree,in.mohalla.video.lite,com.shopee.br,com.obwhatsapp,com.mercadolibre,com.zzkko,net.one97.paytm,com.google.android.apps.tachyon,org.mozilla.firefox,com.cardfeed.video_public,com.tinder,com.naver.linewebtoon,world.social.group.video.share,im.thebot.messenger,com.adv.videoplayer.app,com.picsart.studio,com.instapro.android,com.bstar.intl,com.linkedin.android,com.pratilipi.mobile.android,com.ss.android.ugc.aweme,com.huya.nimo,com.tencent.qqlivei18n,com.duolingo,com.whereismytrain.android,com.alightcreative.motion,com.grindrapp.android,com.disney.disneyplus,com.shopee.my,com.uc.browser.en,com.iqiyi.i18n,com.adobe.reader,ru.ozon.app.android,com.reddit.frontpage,com.hbo.hbonow,ru.yandex.yandexmaps,com.yy.hiyo,com.wrx.wazirx,com.duokan.phone.remotecontroller,com.perm.kate_new_6,com.shopee.ph,org.jw.jwlibrary.mobile,ir.resaneh1.iptv,video.player.videoplayer,com.instagram.lite,com.jio.myjio,com.vidio.android,com.tokopedia.tkpd,com.unacademyapp,re.sova.five,com.msf.angelmobile,com.eterno.shortvideos,com.ak.ta.dainikbhaskar.activity,com.badoo.mobile,com.skype.raider,com.google.android.apps.magazines,jp.ne.ibis.ibispaintx.app,sinet.startup.inDriver,com.gbwhatsapp3,com.myntra.android,com.offshore.pikashow,ru.dublgis.dgismobile,in.startv.hotstar.dplus,com.sahibinden,com.dywx.larkplayer,co.brainly,com.bsbportal.music,com.mxtech.videoplayer.beta,org.thunderdog.challegram,com.litatom.app,com.sec.android.app.sbrowser,com.flatfish.cal.privacy,com.maleo.bussimulatorid,com.taxsee.driver,com.canva.editor,com.viki.android,com.instapro.app,com.vtosters.android,com.yandex.zen,com.ubercab,mobi.mangatoon.comics.aphone,com.jtwhatsapp,xyz.penpencil.physicswala,blackrussia.online,org.readera,com.cricbuzz.android,com.jio.media.jiobeats,com.nextbillion.groww,ir.divar,com.cisco.webex.meetings,org.thoughtcrime.securesms,org.vidogram.messenger,com.blueWAplus,com.instander.android,com.olacabs.oladriver,com.vuclip.viu,org.telegram.messenger.web,com.gojek.app,com.olx.southasia,com.youdao.hindict,com.grab.merchant,com.intsig.camscanner,com.amazon.mp3,com.shadow.blackhole,mrt.battery.health,com.pay4vend.pay4vend,idm.internet.download.manager,in.upstox.app,com.video.fun.app,com.application.zomato,com.schibsted.bomnegocio.androidApp,com.jio.media.ondemand,com.android.incallui,com.sohu.inputmethod.sogou.xiaomi,com.baidu.input_mi,com.android.deskclock,com.iflytek.inputmethod.miui,com.duokan.reader,com.android.camera,com.xiaomi.market,com.miui.cleanmaster,com.mfashiongallery.emag,com.android.calendar,com.miui.player,com.android.soundrecorder,com.miui.fm,com.miui.huanji,com.xiaomi.scanner,com.miui.yellowpage,com.android.providers.downloads,com.miui.virtualsim,com.xiaomi.aiasst.service,com.miui.miservice,com.miui.compass,com.milink.service,com.miui.packageinstaller,com.xiaomi.calendar,com.android.providers.downloads.ui,com.miui.cit'
ruyi_intl/fps_local.config	fps_group.list60	'com.google.android.youtube,com.zhiliaoapp.musically,com.ss.android.ugc.trill,com.mxtech.videoplayer.ad,com.netflix.mediaclient,in.startv.hotstar,com.google.android.apps.maps,com.zhiliaoapp.musically.go,com.vanced.android.youtube,us.zoom.videomeetings,com.google.android.gm,com.playit.videoplayer,in.mohalla.sharechat,ru.yandex.searchplugin,com.nemo.vidmate,com.kwai.video,com.gallery.player,in.mohalla.video,com.funnypuri.client,com.jio.jioplay.tv,com.kwai.bulldog,wp.wattpad,com.google.android.apps.youtube.music,com.google.android.apps.youtube.kids,com.spotify.music,com.waze,com.lemon.lvoverseas,ru.yandex.yandexnavi,com.amazon.avod.thirdpartyclient,tv.twitch.android.app,com.tv.v18.viola,ru.yandex.taximeter,com.graymatrix.did,com.google.android.apps.youtube.mango,video.tiki,org.videolan.vlc,com.aero,com.lenovo.anyshare.gps,com.next.innovation.takatak,video.like,com.kwai.kuaishou.video.live,com.snaptube.premium,com.moonvideo.android.resso,com.starmakerinteractive.starmaker,free.tube.premium.advanced.tuber,mobi.mangatoon.novel,com.sonyliv,sg.bigo.live,com.nexstreaming.app.kinemasterfree,in.mohalla.video.lite,net.one97.paytm,com.google.android.apps.tachyon,com.cardfeed.video_public,com.naver.linewebtoon,world.social.group.video.share,com.adv.videoplayer.app,com.instapro.android,com.bstar.intl,com.pratilipi.mobile.android,com.ss.android.ugc.aweme,com.huya.nimo,com.tencent.qqlivei18n,com.disney.disneyplus,com.iqiyi.i18n,com.adobe.reader,com.hbo.hbonow,ru.yandex.yandexmaps,com.wrx.wazirx,com.duokan.phone.remotecontroller,org.jw.jwlibrary.mobile,ir.resaneh1.iptv,video.player.videoplayer,com.jio.myjio,com.vidio.android,com.eterno.shortvideos,com.skype.raider,com.google.android.apps.magazines,sinet.startup.inDriver,ru.dublgis.dgismobile,in.startv.hotstar.dplus,com.dywx.larkplayer,com.bsbportal.music,com.mxtech.videoplayer.beta,com.maleo.bussimulatorid,com.taxsee.driver,com.viki.android,mobi.mangatoon.comics.aphone,org.readera,com.jio.media.jiobeats,com.vuclip.viu,com.amazon.mp3,com.shadow.blackhole,com.video.fun.app,com.jio.media.ondemand,com.android.incallui,com.android.camera,com.mfashiongallery.emag,com.miui.huanji,com.xiaomi.scanner,com.miui.compass'
somalia/fps_local.config	fps_smart_group.list90	'com.sankuai.meituan,com.zhihu.android,com.baidu.tieba,com.android.calendar,com.android.deskclock,com.android.systemui,com.sohu.inputmethod.sogou.xiaomi,com.baidu.input_mi,com.iflytek.inputmethod.miui,com.xiaomi.market,com.mipay.wallet,com.android.providers.downloads,com.miui.compass,com.milink.service,com.mfashiongallery.emag'
somalia/fps_local.config	fps_smart_group.list120	'com.xiaomi.misettings,com.miui.home,com.miui.gallery,com.android.contacts,com.android.mms,com.xiaomi.mihomemanager,com.miui.newhome,com.miui.calculator,com.miui.securitycenter,com.android.settings,com.miui.weather2,com.miui.notes,com.miui.hybrid,com.xiaomi.smarthome,com.xiaomi.shop,com.android.quicksearchbox,com.android.thememanager,com.android.fileexplorer,com.miui.voiceassist,com.android.phone,com.miui.notification,com.xiaomi.gamecenter,com.miui.securityadd,com.android.updater,com.xiaomi.account,com.xiaomi.vipaccount,com.miui.cloudservice,com.android.email,com.miui.personalassistant,com.ss.android.lark.kami,com.xiaomi.wearable,com.jeejen.family.miui,com.miui.securitycore,com.lbe.security.miui,com.xiaomi.youpin,com.mi.health,cn.wps.moffice_eng.xiaomi.lite,com.xiaomi.hm.health,com.tencent.mm,com.xunmeng.pinduoduo,com.ss.android.article.lite,com.baidu.searchbox,com.UCMobile,com.tencent.mtt,com.xingin.xhs,com.taobao.live,com.jingdong.app.mall,com.quark.browser,cn.xuexi.android,com.alibaba.android.rimet,com.tencent.news,com.baidu.searchbox.lite,com.sup.android.superb,com.taobao.litetao,com.baidu.netdisk,com.hexin.plat.android,cn.xiaochuankeji.tieba,com.taobao.idlefish,com.tencent.wework,com.chaoxing.mobile,com.eastmoney.android.berlin,com.baidu.homework,com.jifen.qukan,cn.wps.moffice_eng,cn.soulapp.android,com.immomo.momo,com.yuncheapp.android.pearl,cn.xiaochuankeji.zuiyouLite,com.xunlei.downloadprovider,com.lemon.lv,com.netease.newsreader.activity,com.baidu.searchbox.tomas,com.achievo.vipshop,me.ele,com.lphtsccft,com.hpbr.bosszhipin,com.sogou.activity.src,com.hupu.games,com.handsgo.jiakao.android,com.douban.frodo,com.yidian.xiaomi,cn.youth.news,com.able.wisdomtree,com.sankuai.meituan.takeoutnew,com.meta.box,com.weico.international,com.ss.android.auto,com.example.xrk,com.tencent.qqsports,com.lofter.android,com.taobao.qianniu,com.xunmeng.merchant,com.tencent.qt.qtl,com.youdao.dict,com.alibaba.wireless,com.wuba,com.shizhuang.duapp,com.cashtoutiao,com.cainiao.wireless,com.android.dazhihui,com.facebook.katana,android.zhibo8,com.jiongji.andriod.card,com.gf.client,com.fenbi.android.servant,com.unionpay,com.soft.blued,com.cubic.autohome,com.maimemo.android.momo,com.kuaiduizuoye.scan,com.guotai.dazhihui,com.fenbi.android.zhaojiao,com.qihoo.browser,com.chinamworld.main,com.fenbi.android.solar,com.twitter.android,com.guzhen.xiucai,com.tencent.tim,com.glodon.drawingexplorer,com.dianping.v1,com.gotokeep.keep,com.icbc,com.ucmobile.lite,com.excelliance.dualaid,com.mt.mtxx.mtxx,com.t3go.driver,com.android.haitong,com.mihoyo.hyperion,com.hundsun.winner.pazq,com.ifeng.news2,mark.via,com.android.bankabc,com.p1.mobile.putong,me.yidui,com.hipu.yidian,com.smzdm.client.android,com.jxedt,com.shanbay.sentence,com.zxscnew,com.xueqiu.android,com.taptap,com.chinamworld.bocmbci,com.excean.gspace,com.tencent.gamehelper.smoba,com.galaxy.stock,cmb.pb,cn.com.langeasy.LangEasyLexis,com.sina.news,com.abxsss.app,com.tsingzone.questionbank,com.x8zs.sandbox,com.zjwh.android_wh_physicalfitness,com.sinovatech.unicom.ui,com.zjy.ykt,com.xt.retouch,com.zhaopin.social,com.wepie.weplay,com.qsmy.walkmonkey,com.MobileTicket,com.cmschina.stock,gov.pianzong.androidnga,com.sinyee.babybus.recommendapp,com.netease.edu.ucmooc,com.eastmoney.android.fund,com.kwai.videoeditor,com.xiaomi.calculator,com.whatsapp,com.miui.tsmclient,com.android.provision'
somalia/fps_local.config	fps_group.list90	'com.tencent.mobileqq,com.ss.android.article.news,com.sina.weibo,com.sankuai.meituan,com.zhihu.android,com.baidu.tieba'
somalia/fps_local.config	fps_group.list120	'com.xiaomi.misettings,tv.danmaku.bili,me.yidui,me.ele.napos,me.ele.crowdsource,me.ele,mark.via,io.legado.app.release,gov.pianzong.androidnga,com.zxscnew,com.zjy.ykt,com.zjwh.android_wh_physicalfitness,com.zhaopin.social,com.yuncheapp.android.pearl,com.yueyou.adreader,com.youdao.dict,com.yiyou.ga,com.yidian.xiaomi,com.xunmeng.pinduoduo,com.xunmeng.merchant,com.xunlei.downloadprovider,com.xueqiu.android,com.xt.retouch,com.xs.fm,com.xingin.xhs,com.ximalaya.ting.lite,com.ximalaya.ting.android,com.xiaomi.youpin,com.xiaomi.wearable,com.xiaomi.vipaccount,com.xiaomi.smarthome,com.xiaomi.shop,com.xiaomi.mihomemanager,com.xiaomi.market,com.xiaomi.hm.health,com.xiaomi.gamecenter,com.xiaomi.calendar,com.xiaomi.calculator,com.xiaomi.aiasst.service,com.xiaomi.account,com.x8zs.sandbox,com.wuba,com.wondertek.miguaikan,com.whatsapp,com.wepie.weplay,com.weico.international,com.unionpay,com.ucmobile.lite,com.UCMobile,com.twitter.android,com.tsingzone.questionbank,com.tool.txtqbydq,com.tool.biqudaogexs,com.tmri.app.main,com.tmall.wireless,com.tencent.wework,com.tencent.weread,com.tencent.tim,com.tencent.qt.qtl,com.tencent.qqsports,com.tencent.qqpinyin,com.tencent.qqmusic,com.tencent.news,com.tencent.mtt,com.tencent.mm,com.tencent.karaoke,com.tencent.gamehelper.smoba,com.tencent.edu,com.taptap,com.taobao.taobao,com.taobao.qianniu,com.taobao.live,com.taobao.litetao,com.taobao.idlefish,com.tadu.read,com.t3go.driver,com.sup.android.superb,com.ss.android.lark.kami,com.ss.android.auto,com.ss.android.article.lite,com.sohu.inputmethod.sogou.xiaomi,com.sohu.inputmethod.sogou,com.sogou.activity.src,com.soft.blued,com.snda.wifilocating,com.smzdm.client.android,com.sinyee.babybus.recommendapp,com.sinovatech.unicom.ui,com.sina.news,com.shuqi.controller,com.shizhuang.duapp,com.shanbay.sentence,com.sfexpress.knight,com.sdu.didi.psnger,com.sankuai.meituan.takeoutnew,com.sankuai.meituan.meituanwaimaibusiness,com.sankuai.meituan.dispatch.homebrew,com.sankuai.meituan.dispatch.crowdsource,com.relief.space.master.cleaner,com.quark.browser,com.qsmy.walkmonkey,com.qq.reader,com.qq.ac.android,com.qihoo.browser,com.qidian.QDReader,com.picacomic.fregata,com.p1.mobile.putong,com.ophone.reader.ui,com.ninesixshop.say,com.netease.newsreader.activity,com.netease.edu.ucmooc,com.netease.cloudmusic,com.mt.mtxx.mtxx,com.MobileTicket,com.miui.yellowpage,com.miui.weather2,com.miui.voiceassist,com.miui.virtualsim,com.miui.securitycore,com.miui.securitycenter,com.miui.securityadd,com.miui.player,com.miui.personalassistant,com.miui.packageinstaller,com.miui.notification,com.miui.notes,com.miui.newhome,com.miui.miservice,com.miui.hybrid,com.miui.home,com.miui.gallery,com.miui.fm,com.miui.cloudservice,com.miui.cleanmaster,com.miui.cit,com.miui.calculator,com.mipay.wallet,com.milink.service,com.mihoyo.hyperion,com.mianfeizs.book,com.mi.health,com.meta.box,com.maimemo.android.momo,com.lwby.breader.ad,com.lphtsccft,com.lofter.android,com.lemon.lv,com.lechuan.midunovel,com.lechuan.mdxs,com.lechuan.mdwz,com.lbe.security.miui,com.lalamove.huolala.driver,com.kwai.videoeditor,com.kugou.android.elder,com.kugou.android,com.kuangxiangciweimao.novel,com.kuaiyin.player,com.kuaikan.comic,com.kuaiduizuoye.scan,com.kmxs.reader,com.jxedt,com.jryg.driver,com.jjwxc.reader,com.jiongji.andriod.card,com.jingyao.easybike,com.jingdong.app.mall,com.jifen.qukan,com.jeejen.family.miui,com.jd.pingou,com.ishansong,com.immomo.momo,com.iflytek.inputmethod.miui,com.iflytek.inputmethod,com.ifeng.news2,com.icbc,com.hupu.games,com.hundsun.winner.pazq,com.huaxiaozhu.driver,com.hpbr.bosszhipin,com.hipu.yidian,com.hexin.plat.android,com.handsgo.jiakao.android,com.guzhen.xiucai,com.guotai.dazhihui,com.gotokeep.keep,com.glodon.drawingexplorer,com.gf.client,com.gallery.player,com.galaxy.stock,com.flyersoft.seekbooks,com.fenbi.android.zhaojiao,com.fenbi.android.solar,com.fenbi.android.servant,com.faloo.BookReader4Android,com.facebook.katana,com.excelliance.dualaid,com.excean.gspace,com.example.xrk,com.eg.android.AlipayGphone,com.eastmoney.android.fund,com.eastmoney.android.berlin,com.duowan.mobile,com.duokan.reader,com.duokan.free,com.duoduo.child.story,com.dragon.read,com.douban.frodo,com.dongqiudi.news,com.didapinche.booking,com.dianping.v1,com.cubic.autohome,com.cootek.crazyreader,com.cmschina.stock,com.cmcc.cmvideo,com.chinamworld.main,com.chinamworld.bocmbci,com.chaozh.iReaderFree,com.chaozh.iReader.dj,com.chaoxing.mobile,com.cashtoutiao,com.cainiao.wireless,com.bokecc.dance,com.bilibili.comic,com.baidu.yuedu,com.baidu.searchbox.tomas,com.baidu.searchbox.lite,com.baidu.searchbox,com.baidu.netdisk,com.baidu.input_mi,com.baidu.input,com.baidu.homework,com.android.updater,com.android.thememanager,com.android.soundrecorder,com.android.settings,com.android.quicksearchbox,com.android.providers.downloads.ui,com.android.providers.downloads,com.android.phone,com.android.nfc,com.android.mms,com.android.haitong,com.android.fileexplorer,com.android.email,com.android.deskclock,com.android.dazhihui,com.android.contacts,com.android.calendar,com.android.browser,com.android.bankabc,com.alukaxi.bqshugg.blue,com.alibaba.wireless,com.alibaba.android.rimet,com.achievo.vipshop,com.abxsss.app,com.able.wisdomtree,cn.youth.news,cn.xuexi.android,cn.xiaochuankeji.zuiyouLite,cn.xiaochuankeji.tieba,cn.wps.moffice_eng.xiaomi.lite,cn.wps.moffice_eng,cn.soulapp.android,cn.kuwo.player,cn.com.langeasy.LangEasyLexis,cmb.pb,android.zhibo8'
somalia_intl/fps_local.config	fps_smart_group.list120	'com.google.android.inputmethod.latin,com.twitter.android,com.mint.keyboard,com.touchtype.swiftkey,com.android.htmlviewer,com.bit.androsmart.kbinapp,com.celltick.lockscreen,com.clusterdev.malayalamkeyboard,com.emoji.coolkeyboard,com.fontskeyboard.fonts,com.google.android.apps.inputmethod.hindi,com.google.android.packageinstaller,com.hamrokeyboard,com.hb.dialer.free,com.hsv.freeadblockerbrowser,com.jb.emoji.gokeyboard,com.microsoft.office.officehubrow,com.microsoft.office.word,com.simejikeyboard,com.tencent.mm,com.teslacoilsw.launcher,com.vng.inputmethod.labankey,com.ziipin.softkeyboard.dz,com.ziipin.softkeyboard.saudi,info.sunista.app,lk.bhasha.helakuru,net.metaquotes.metatrader4,site.realanime.animlov.animlov,sun.way2sms.hyd.com,com.miui.calculator,com.xiaomi.calculator,com.miui.home,com.android.systemui,com.miui.gallery,com.android.contacts,com.android.mms,com.xiaomi.mihomemanager,com.miui.newhome,com.miui.securitycenter,com.android.settings,com.xiaomi.misettings,com.miui.weather2,com.miui.notes,com.miui.hybrid,com.xiaomi.smarthome,com.xiaomi.shop,com.android.quicksearchbox,com.android.thememanager,com.android.fileexplorer,com.miui.voiceassist,com.android.phone,com.miui.notification,com.xiaomi.gamecenter,com.miui.securityadd,com.android.updater,com.xiaomi.account,com.xiaomi.vipaccount,com.miui.cloudservice,com.android.email,com.miui.personalassistant,com.ss.android.lark.kami,com.xiaomi.wearable,com.jeejen.family.miui,com.miui.securitycore,com.lbe.security.miui,com.xiaomi.youpin,com.mi.health,cn.wps.moffice_eng.xiaomi.lite,com.xiaomi.hm.health,com.mi.android.globallauncher'
somalia_intl/fps_local.config	fps_group.list120	'com.whatsapp,com.facebook.katana,com.instagram.android,com.android.chrome,com.google.android.inputmethod.latin,com.facebook.orca,com.facebook.lite,com.google.android.googlequicksearchbox,com.truecaller,org.telegram.messenger,com.gbwhatsapp,com.vkontakte.android,com.whatsapp.w4b,com.snapchat.android,com.viber.voip,com.google.android.apps.docs,com.twitter.android,com.android.vending,com.imo.android.imoim,com.mint.keyboard,ru.ok.android,com.google.android.apps.meetings,jp.naver.line.android,com.yandex.browser,com.shopee.id,com.microsoft.teams,org.telegram.plus,cn.wps.moffice_eng,com.discord,com.flipkart.android,com.touchtype.swiftkey,com.zing.zalo,com.fmwhatsapp,com.meesho.supply,com.UCMobile.intl,com.pinterest,com.app.dream11Pro,com.yowhatsapp,com.WhatsApp2Plus,com.avito.android,com.opera.browser,com.phonepe.app,com.opera.mini.native,com.alibaba.aliexpresshd,trendyol.com,com.android.htmlviewer,ir.medu.shad,org.xbet.client1,com.binance.dev,com.bit.androsmart.kbinapp,com.google.android.apps.nbu.paisa.user,com.wildberries.ru,com.imo.android.imoimbeta,com.eterno,com.amazon.mShop.android.shopping,com.google.android.apps.translate,com.google.android.apps.classroom,com.imo.android.imoimhd,com.microsoft.office.outlook,com.celltick.lockscreen,com.camerasideas.instashot,com.ubercab.driver,ir.ilmili.telegraph,ru.sberbankmobile,com.clusterdev.malayalamkeyboard,com.gojek.partner,com.facebook.mlite,com.brave.browser,com.michatapp.im,com.shopee.br,com.obwhatsapp,com.mercadolibre,com.emoji.coolkeyboard,com.zzkko,com.google.android.apps.tachyon,org.mozilla.firefox,com.fontskeyboard.fonts,com.google.android.apps.inputmethod.hindi,im.thebot.messenger,com.picsart.studio,com.google.android.packageinstaller,com.linkedin.android,com.duolingo,com.whereismytrain.android,com.alightcreative.motion,com.grindrapp.android,com.shopee.my,com.uc.browser.en,com.hamrokeyboard,com.hb.dialer.free,com.reddit.frontpage,com.yy.hiyo,com.hsv.freeadblockerbrowser,com.perm.kate_new_6,com.instagram.lite,com.tokopedia.tkpd,com.unacademyapp,re.sova.five,com.msf.angelmobile,com.ak.ta.dainikbhaskar.activity,com.badoo.mobile,jp.ne.ibis.ibispaintx.app,com.gbwhatsapp3,com.myntra.android,com.offshore.pikashow,com.jb.emoji.gokeyboard,com.sahibinden,com.microsoft.office.officehubrow,co.brainly,org.thunderdog.challegram,com.litatom.app,com.sec.android.app.sbrowser,com.flatfish.cal.privacy,com.canva.editor,com.instapro.app,com.vtosters.android,com.yandex.zen,com.ubercab,com.jtwhatsapp,xyz.penpencil.physicswala,com.microsoft.office.word,com.simejikeyboard,blackrussia.online,com.cricbuzz.android,com.nextbillion.groww,ir.divar,com.cisco.webex.meetings,com.tencent.mm,com.teslacoilsw.launcher,com.vng.inputmethod.labankey,com.ziipin.softkeyboard.dz,org.thoughtcrime.securesms,org.vidogram.messenger,com.blueWAplus,com.ziipin.softkeyboard.saudi,com.instander.android,info.sunista.app,com.olacabs.oladriver,lk.bhasha.helakuru,org.telegram.messenger.web,com.gojek.app,com.olx.southasia,com.youdao.hindict,net.metaquotes.metatrader4,com.grab.merchant,com.intsig.camscanner,site.realanime.animlov.animlov,sun.way2sms.hyd.com,com.prisbank.app,com.whereismytraingadi.trainstatus.livetrainlocation,mrt.battery.health,com.pay4vend.pay4vend,idm.internet.download.manager,in.upstox.app,com.application.zomato,com.schibsted.bomnegocio.androidApp,com.gallery.player,com.miui.calculator,com.xiaomi.calculator,com.android.calendar,com.xiaomi.calendar,com.android.providers.downloads,com.android.providers.downloads.ui,com.miui.cit,com.miui.home,com.sohu.inputmethod.sogou.xiaomi,com.android.browser,com.android.systemui,com.baidu.input_mi,com.android.deskclock,com.iflytek.inputmethod.miui,com.miui.gallery,com.android.contacts,com.duokan.reader,com.android.mms,com.xiaomi.mihomemanager,com.miui.newhome,com.miui.securitycenter,com.android.settings,com.xiaomi.misettings,com.miui.weather2,com.xiaomi.market,com.miui.notes,com.miui.cleanmaster,com.miui.player,com.miui.hybrid,com.xiaomi.smarthome,com.xiaomi.shop,com.android.quicksearchbox,com.android.soundrecorder,com.android.thememanager,com.android.fileexplorer,com.miui.voiceassist,com.android.phone,com.miui.notification,com.xiaomi.gamecenter,com.miui.securityadd,com.android.updater,com.xiaomi.account,com.xiaomi.vipaccount,com.miui.fm,com.android.nfc,com.mipay.wallet,com.miui.yellowpage,com.miui.cloudservice,com.android.email,com.miui.personalassistant,com.ss.android.lark.kami,com.miui.virtualsim,com.xiaomi.wearable,com.xiaomi.aiasst.service,com.jeejen.family.miui,com.miui.miservice,com.milink.service,com.miui.securitycore,com.miui.packageinstaller,com.lbe.security.miui,com.xiaomi.youpin,com.mi.health,cn.wps.moffice_eng.xiaomi.lite,com.xiaomi.hm.health,com.mi.android.globallauncher'
spark_intl/fps_local.config	fps_smart_group.list60	''
spark_intl/fps_local.config	fps_smart_group.list90	'com.miui.home,com.android.settings,com.xiaomi.misettings,com.miui.gallery,com.android.deskclock,com.miui.videoplayer,com.mi.globalbrowser,com.miui.calculator,com.android.soundrecorder,com.facebook.orca,org.telegram.messenger,com.whatsapp,com.mi.android.globalFileexplorer,com.milink.service,com.miui.notification,com.android.htmlviewer,com.android.thememanager'
spark_intl/fps_local.config	fps_smart_group.list120	''
spark_intl/fps_local.config	fps_group.list60	''
spark_intl/fps_local.config	fps_group.list90	'com.miui.home,com.android.settings,com.xiaomi.misettings,com.miui.gallery,com.android.deskclock,com.miui.videoplayer,com.mi.globalbrowser,com.miui.calculator,com.android.soundrecorder,com.google.android.youtube,com.facebook.orca,org.telegram.messenger,com.google.android.apps.youtube.kids,com.whatsapp,com.brave.browser,jp.ne.ibis.ibispaintx.app,com.whatsapp.w4b,com.mi.android.globalFileexplorer,com.milink.service,com.miui.notification,com.android.htmlviewer,com.android.thememanager'
spinel_intl/fps_local.config	fps_smart_group.list60	'cn.amazon.mShop.android,com.android.incallui,com.sohu.inputmethod.sogou.xiaomi,com.baidu.input_mi,com.android.deskclock,com.iflytek.inputmethod.miui,com.miui.video,com.duokan.reader,com.android.camera,com.mfashiongallery.emag,com.miui.player,com.miui.tsmclient,com.miui.fm,com.miui.huanji,com.android.nfc,com.xiaomi.scanner,com.miui.yellowpage,com.miui.miservice,com.miui.compass,com.milink.service,com.miui.mediaviewer,com.google.android.youtube,com.whatsapp,com.facebook.katana,com.instagram.android,com.android.chrome,com.zhiliaoapp.musically,com.ss.android.ugc.trill,com.facebook.orca,com.facebook.lite,com.google.android.googlequicksearchbox,com.truecaller,org.telegram.messenger,com.gbwhatsapp,com.mxtech.videoplayer.ad,com.vkontakte.android,com.netflix.mediaclient,com.whatsapp.w4b,in.startv.hotstar,in.startv.hotstaronly,com.snapchat.android,com.viber.voip,com.google.android.apps.maps,com.zhiliaoapp.musically.go,com.vanced.android.youtube,com.google.android.apps.docs,com.twitter.android,com.android.vending,us.zoom.videomeetings,com.google.android.gm,com.playit.videoplayer,in.mohalla.sharechat,com.imo.android.imoim,ru.yandex.searchplugin,com.nemo.vidmate,com.kwai.video,ru.ok.android,com.google.android.apps.tachyon,jp.naver.line.android,com.gallery.player,in.mohalla.video,com.yandex.browser,com.shopee.id,com.microsoft.teams,com.funnypuri.client,org.telegram.plus,cn.wps.moffice_eng,com.jio.jioplay.tv,com.kwai.bulldog,com.discord,wp.wattpad,com.google.android.apps.youtube.music,com.google.android.apps.youtube.kids,com.spotify.music,com.flipkart.android,com.waze,com.zing.zalo,com.fmwhatsapp,com.lemon.lvoverseas,ru.yandex.yandexnavi,com.amazon.avod.thirdpartyclient,tv.twitch.android.app,com.meesho.supply,com.UCMobile.intl,com.pinterest,com.app.dream11Pro,com.tv.v18.viola,ru.yandex.taximeter,com.yowhatsapp,com.WhatsApp2Plus,com.graymatrix.did,com.google.android.apps.youtube.mango,com.avito.android,com.opera.browser,com.phonepe.app,video.tiki,com.opera.mini.native,com.lazada.android,com.alibaba.aliexpresshd,trendyol.com,org.videolan.vlc,in.amazon.mShop.android.shopping,com.firsttouchgames.dls7,com.aero,ir.medu.shad,org.xbet.client1,com.binance.dev,com.lenovo.anyshare.gps,com.next.innovation.takatak,com.google.android.apps.nbu.paisa.user,com.wildberries.ru,video.like,com.imo.android.imoimbeta,com.kwai.kuaishou.video.live,com.snaptube.premium,com.eterno,com.amazon.mShop.android.shopping,com.moonvideo.android.resso,com.google.android.apps.translate,com.google.android.apps.classroom,com.imo.android.imoimhd,com.microsoft.office.outlook,com.camerasideas.instashot,com.ubercab.driver,ir.ilmili.telegraph,com.prisbank.app,com.starmakerinteractive.starmaker,free.tube.premium.advanced.tuber,com.gojek.partner,com.facebook.mlite,mobi.mangatoon.novel,mobi.mangatoon.novel.portuguese,com.brave.browser,com.sonyliv,sg.bigo.live,com.michatapp.im,com.nexstreaming.app.kinemasterfree,in.mohalla.video.lite,com.shopee.br,com.obwhatsapp,com.mercadolibre,com.zzkko,net.one97.paytm,com.google.android.apps.tachyon,org.mozilla.firefox,com.cardfeed.video_public,com.tinder,com.naver.linewebtoon,world.social.group.video.share,im.thebot.messenger,com.adv.videoplayer.app,com.picsart.studio,com.instapro.android,com.bstar.intl,com.linkedin.android,com.pratilipi.mobile.android,com.ss.android.ugc.aweme,com.huya.nimo,com.tencent.qqlivei18n,com.duolingo,com.whereismytrain.android,com.whereismytraingadi.trainstatus.livetrainlocation,com.alightcreative.motion,com.grindrapp.android,com.disney.disneyplus,com.shopee.my,com.uc.browser.en,com.iqiyi.i18n,com.adobe.reader,ru.ozon.app.android,com.reddit.frontpage,com.hbo.hbonow,ru.yandex.yandexmaps,com.yy.hiyo,com.wrx.wazirx,com.duokan.phone.remotecontroller,com.perm.kate_new_6,com.shopee.ph,org.jw.jwlibrary.mobile,ir.resaneh1.iptv,video.player.videoplayer,com.instagram.lite,com.jio.myjio,com.vidio.android,com.tokopedia.tkpd,com.unacademyapp,re.sova.five,com.msf.angelmobile,com.eterno.shortvideos,com.ak.ta.dainikbhaskar.activity,com.badoo.mobile,com.skype.raider,com.google.android.apps.magazines,jp.ne.ibis.ibispaintx.app,sinet.startup.inDriver,com.gbwhatsapp3,com.myntra.android,com.offshore.pikashow,ru.dublgis.dgismobile,in.startv.hotstar.dplus,com.sahibinden,com.dywx.larkplayer,co.brainly,com.bsbportal.music,com.mxtech.videoplayer.beta,org.thunderdog.challegram,com.litatom.app,com.sec.android.app.sbrowser,com.flatfish.cal.privacy,com.maleo.bussimulatorid,com.taxsee.driver,com.canva.editor,com.viki.android,com.instapro.app,com.vtosters.android,com.yandex.zen,com.ubercab,mobi.mangatoon.comics.aphone,com.jtwhatsapp,xyz.penpencil.physicswala,blackrussia.online,org.readera,com.cricbuzz.android,com.jio.media.jiobeats,com.nextbillion.groww,ir.divar,com.cisco.webex.meetings,org.thoughtcrime.securesms,org.vidogram.messenger,com.blueWAplus,com.instander.android,com.olacabs.oladriver,com.vuclip.viu,org.telegram.messenger.web,com.gojek.app,com.olx.southasia,com.youdao.hindict,com.grab.merchant,com.intsig.camscanner,com.amazon.mp3,com.shadow.blackhole,mrt.battery.health,com.pay4vend.pay4vend,idm.internet.download.manager,in.upstox.app,com.video.fun.app,com.application.zomato,com.schibsted.bomnegocio.androidApp,com.jio.media.ondemand'
spinel_intl/fps_local.config	fps_group.list60	'com.android.incallui,com.miui.video,com.android.camera,com.mfashiongallery.emag,com.miui.tsmclient,com.miui.huanji,com.xiaomi.scanner,com.miui.compass,com.miui.mediaviewer,com.google.android.youtube,com.zhiliaoapp.musically,com.ss.android.ugc.trill,com.mxtech.videoplayer.ad,com.netflix.mediaclient,in.startv.hotstar,in.startv.hotstaronly,com.google.android.apps.maps,com.zhiliaoapp.musically.go,com.vanced.android.youtube,us.zoom.videomeetings,com.google.android.gm,com.playit.videoplayer,in.mohalla.sharechat,ru.yandex.searchplugin,com.nemo.vidmate,com.kwai.video,com.gallery.player,in.mohalla.video,com.funnypuri.client,com.jio.jioplay.tv,com.kwai.bulldog,wp.wattpad,com.google.android.apps.youtube.music,com.google.android.apps.youtube.kids,com.spotify.music,com.waze,com.lemon.lvoverseas,ru.yandex.yandexnavi,com.amazon.avod.thirdpartyclient,tv.twitch.android.app,com.tv.v18.viola,ru.yandex.taximeter,com.graymatrix.did,com.google.android.apps.youtube.mango,video.tiki,com.lazada.android,org.videolan.vlc,in.amazon.mShop.android.shopping,com.firsttouchgames.dls7,com.aero,com.lenovo.anyshare.gps,com.next.innovation.takatak,video.like,com.kwai.kuaishou.video.live,com.snaptube.premium,com.moonvideo.android.resso,com.starmakerinteractive.starmaker,free.tube.premium.advanced.tuber,mobi.mangatoon.novel,mobi.mangatoon.novel.portuguese,com.sonyliv,sg.bigo.live,com.nexstreaming.app.kinemasterfree,in.mohalla.video.lite,net.one97.paytm,com.google.android.apps.tachyon,com.cardfeed.video_public,com.tinder,com.naver.linewebtoon,world.social.group.video.share,com.adv.videoplayer.app,com.instapro.android,com.bstar.intl,com.pratilipi.mobile.android,com.ss.android.ugc.aweme,com.huya.nimo,com.tencent.qqlivei18n,com.disney.disneyplus,com.iqiyi.i18n,com.adobe.reader,ru.ozon.app.android,com.hbo.hbonow,ru.yandex.yandexmaps,com.wrx.wazirx,com.duokan.phone.remotecontroller,com.shopee.ph,org.jw.jwlibrary.mobile,ir.resaneh1.iptv,video.player.videoplayer,com.jio.myjio,com.vidio.android,com.eterno.shortvideos,com.skype.raider,com.google.android.apps.magazines,sinet.startup.inDriver,ru.dublgis.dgismobile,in.startv.hotstar.dplus,com.dywx.larkplayer,com.bsbportal.music,com.mxtech.videoplayer.beta,com.maleo.bussimulatorid,com.taxsee.driver,com.viki.android,mobi.mangatoon.comics.aphone,org.readera,com.jio.media.jiobeats,com.vuclip.viu,com.amazon.mp3,com.shadow.blackhole,com.video.fun.app,com.jio.media.ondemand'
spring/fps_local.config	fps_smart_group.list60	'com.android.incallui,com.sohu.inputmethod.sogou.xiaomi,com.baidu.input_mi,com.android.deskclock,com.iflytek.inputmethod.miui,com.duokan.reader,com.android.camera,com.xiaomi.market,com.miui.cleanmaster,com.mfashiongallery.emag,com.android.calendar,com.miui.player,com.android.soundrecorder,com.miui.tsmclient,com.miui.fm,com.miui.huanji,com.android.nfc,com.xiaomi.scanner,com.mipay.wallet,com.miui.yellowpage,com.android.providers.downloads,com.miui.virtualsim,com.xiaomi.aiasst.service,com.miui.miservice,com.miui.compass,com.milink.service,com.miui.packageinstaller,tv.danmaku.bili,com.dragon.read,com.kmxs.reader,com.eg.android.AlipayGphone,com.sohu.inputmethod.sogou,com.iflytek.inputmethod,com.kugou.android,com.netease.cloudmusic,com.lechuan.mdwz,com.tencent.karaoke,com.qidian.QDReader,com.shuqi.controller,com.tencent.qqmusic,com.duokan.free,com.qq.reader,com.yueyou.adreader,com.ximalaya.ting.android,com.tencent.weread,com.xs.fm,com.lechuan.mdxs,com.chaozh.iReader.dj,com.sankuai.meituan.dispatch.crowdsource,com.chaozh.iReaderFree,com.cootek.crazyreader,com.sankuai.meituan.meituanwaimaibusiness,com.lalamove.huolala.driver,com.faloo.BookReader4Android,com.jjwxc.reader,io.legado.app.release,com.baidu.input,com.sankuai.meituan.dispatch.homebrew,com.cmcc.cmvideo,com.lwby.breader.ad,com.snda.wifilocating,com.duoduo.child.story,me.ele.crowdsource,com.alukaxi.bqshugg.blue,com.tencent.qqpinyin,com.flyersoft.seekbooks,me.ele.napos,com.jingyao.easybike,cn.kuwo.player,com.kuaiyin.player,com.yiyou.ga,com.ninesixshop.say,com.tmri.app.main,com.lechuan.midunovel,com.tmall.wireless,com.picacomic.fregata,com.kuangxiangciweimao.novel,com.sdu.didi.psnger,com.qq.ac.android,com.bokecc.dance,com.duowan.mobile,com.kugou.android.elder,com.dongqiudi.news,com.bilibili.comic,com.huaxiaozhu.driver,com.kuaikan.comic,com.wondertek.miguaikan,com.tencent.edu,com.jd.pingou,com.tool.biqudaogexs,com.tool.txtqbydq,com.baidu.yuedu,com.relief.space.master.cleaner,com.ophone.reader.ui,com.ishansong,com.ximalaya.ting.lite,com.sfexpress.knight,com.mianfeizs.book,com.didapinche.booking,com.jryg.driver,com.tadu.read,com.autonavi.minimap,com.sdu.didi.gsui,com.baidu.BaiduMap,com.tencent.wemeet.app,com.tencent.map,com.ifreetalk.ftalk,com.kuaidi.daijia.driver,com.xiwei.logistics,com.xinchuzu.driver,com.gallery.player,com.xiaomi.calendar,com.android.providers.downloads.ui,com.miui.cit,com.sina.weibo,com.android.browser,com.tencent.mobileqq,com.taobao.taobao,com.ss.android.article.news,com.miui.bugreport'
spring/fps_local.config	fps_group.list60	'com.android.incallui,com.android.camera,com.mfashiongallery.emag,com.miui.tsmclient,com.miui.huanji,com.xiaomi.scanner,com.miui.compass,com.autonavi.minimap,com.sdu.didi.gsui,com.baidu.BaiduMap,com.tencent.wemeet.app,com.tencent.map,com.ifreetalk.ftalk,com.kuaidi.daijia.driver,com.xiwei.logistics,com.xinchuzu.driver'
spring_id/fps_local.config	fps_smart_group.list60	'com.android.incallui,com.sohu.inputmethod.sogou.xiaomi,com.baidu.input_mi,com.android.deskclock,com.iflytek.inputmethod.miui,com.duokan.reader,com.android.camera,com.xiaomi.market,com.miui.cleanmaster,com.mfashiongallery.emag,com.android.calendar,com.miui.player,com.android.soundrecorder,com.miui.tsmclient,com.miui.fm,com.miui.huanji,com.android.nfc,com.xiaomi.scanner,com.mipay.wallet,com.miui.yellowpage,com.android.providers.downloads,com.miui.virtualsim,com.xiaomi.aiasst.service,com.miui.miservice,com.miui.compass,com.milink.service,com.miui.packageinstaller,com.google.android.apps.maps,ru.yandex.yandexmaps,com.gallery.player,com.xiaomi.calendar,com.android.providers.downloads.ui,com.miui.cit,com.whatsapp,com.google.android.gm,com.amazon.mShop.android.shopping,com.instagram.android,com.android.chrome,com.miui.bugreport,in.startv.hotstar'
spring_id/fps_local.config	fps_group.list60	'com.android.incallui,com.android.camera,com.mfashiongallery.emag,com.miui.tsmclient,com.miui.huanji,com.xiaomi.scanner,com.miui.compass,com.google.android.apps.maps,ru.yandex.yandexmaps'
spring_intl/fps_local.config	fps_smart_group.list60	'com.android.incallui,com.sohu.inputmethod.sogou.xiaomi,com.baidu.input_mi,com.android.deskclock,com.iflytek.inputmethod.miui,com.duokan.reader,com.android.camera,com.xiaomi.market,com.miui.cleanmaster,com.mfashiongallery.emag,com.android.calendar,com.miui.player,com.android.soundrecorder,com.miui.tsmclient,com.miui.fm,com.miui.huanji,com.android.nfc,com.xiaomi.scanner,com.mipay.wallet,com.miui.yellowpage,com.android.providers.downloads,com.miui.virtualsim,com.xiaomi.aiasst.service,com.miui.miservice,com.miui.compass,com.milink.service,com.miui.packageinstaller,com.google.android.apps.maps,ru.yandex.yandexmaps,com.gallery.player,com.xiaomi.calendar,com.android.providers.downloads.ui,com.miui.cit,com.whatsapp,com.google.android.gm,com.amazon.mShop.android.shopping,com.instagram.android,com.android.chrome,com.miui.bugreport'
spring_intl/fps_local.config	fps_group.list60	'com.android.incallui,com.android.camera,com.mfashiongallery.emag,com.miui.tsmclient,com.miui.huanji,com.xiaomi.scanner,com.miui.compass,com.google.android.apps.maps,ru.yandex.yandexmaps'
steppe/fps_local.config	fps_smart_group.list120	'com.xiaomi.misettings,com.miui.home,com.miui.gallery,com.android.contacts,com.android.mms,com.xiaomi.mihomemanager,com.miui.newhome,com.miui.calculator,com.miui.securitycenter,com.android.settings,com.miui.weather2,com.miui.notes,com.miui.hybrid,com.xiaomi.smarthome,com.xiaomi.shop,com.android.quicksearchbox,com.android.thememanager,com.android.fileexplorer,com.miui.voiceassist,com.android.phone,com.miui.notification,com.xiaomi.gamecenter,com.miui.securityadd,com.android.updater,com.xiaomi.account,com.xiaomi.vipaccount,com.miui.cloudservice,com.android.email,com.miui.personalassistant,com.ss.android.lark.kami,com.xiaomi.wearable,com.jeejen.family.miui,com.miui.securitycore,com.lbe.security.miui,com.xiaomi.youpin,com.mi.health,cn.wps.moffice_eng.xiaomi.lite,com.xiaomi.hm.health,com.tencent.mm,com.xunmeng.pinduoduo,com.ss.android.article.lite,com.baidu.searchbox,com.UCMobile,com.tencent.mtt,com.xingin.xhs,com.taobao.live,com.jingdong.app.mall,com.quark.browser,cn.xuexi.android,com.alibaba.android.rimet,com.tencent.news,com.zhihu.android,com.baidu.searchbox.lite,com.sankuai.meituan,com.sup.android.superb,com.baidu.tieba,com.taobao.litetao,com.baidu.netdisk,com.hexin.plat.android,cn.xiaochuankeji.tieba,com.taobao.idlefish,com.tencent.wework,com.chaoxing.mobile,com.eastmoney.android.berlin,com.baidu.homework,com.jifen.qukan,cn.wps.moffice_eng,cn.soulapp.android,com.immomo.momo,com.yuncheapp.android.pearl,cn.xiaochuankeji.zuiyouLite,com.xunlei.downloadprovider,com.lemon.lv,com.netease.newsreader.activity,com.baidu.searchbox.tomas,com.achievo.vipshop,me.ele,com.lphtsccft,com.hpbr.bosszhipin,com.sogou.activity.src,com.hupu.games,com.handsgo.jiakao.android,com.douban.frodo,com.yidian.xiaomi,cn.youth.news,com.able.wisdomtree,com.sankuai.meituan.takeoutnew,com.meta.box,com.weico.international,com.ss.android.auto,com.example.xrk,com.tencent.qqsports,com.lofter.android,com.taobao.qianniu,com.xunmeng.merchant,com.tencent.qt.qtl,com.youdao.dict,com.alibaba.wireless,com.wuba,com.shizhuang.duapp,com.cashtoutiao,com.cainiao.wireless,com.android.dazhihui,com.facebook.katana,android.zhibo8,com.jiongji.andriod.card,com.gf.client,com.fenbi.android.servant,com.unionpay,com.soft.blued,com.cubic.autohome,com.maimemo.android.momo,com.kuaiduizuoye.scan,com.guotai.dazhihui,com.fenbi.android.zhaojiao,com.qihoo.browser,com.chinamworld.main,com.fenbi.android.solar,com.twitter.android,com.guzhen.xiucai,com.tencent.tim,com.glodon.drawingexplorer,com.dianping.v1,com.gotokeep.keep,com.icbc,com.ucmobile.lite,com.excelliance.dualaid,com.mt.mtxx.mtxx,com.t3go.driver,com.android.haitong,com.mihoyo.hyperion,com.hundsun.winner.pazq,com.ifeng.news2,mark.via,com.android.bankabc,com.p1.mobile.putong,me.yidui,com.hipu.yidian,com.smzdm.client.android,com.jxedt,com.shanbay.sentence,com.zxscnew,com.xueqiu.android,com.taptap,com.chinamworld.bocmbci,com.excean.gspace,com.tencent.gamehelper.smoba,com.galaxy.stock,cmb.pb,cn.com.langeasy.LangEasyLexis,com.sina.news,com.abxsss.app,com.tsingzone.questionbank,com.x8zs.sandbox,com.zjwh.android_wh_physicalfitness,com.sinovatech.unicom.ui,com.zjy.ykt,com.xt.retouch,com.zhaopin.social,com.wepie.weplay,com.qsmy.walkmonkey,com.MobileTicket,com.cmschina.stock,gov.pianzong.androidnga,com.sinyee.babybus.recommendapp,com.netease.edu.ucmooc,com.eastmoney.android.fund,com.kwai.videoeditor,com.xiaomi.calculator,com.whatsapp'
steppe/fps_local.config	fps_group.list120	'com.xiaomi.misettings,tv.danmaku.bili,me.yidui,me.ele.napos,me.ele.crowdsource,me.ele,mark.via,io.legado.app.release,gov.pianzong.androidnga,com.zxscnew,com.zjy.ykt,com.zjwh.android_wh_physicalfitness,com.zhihu.android,com.zhaopin.social,com.yuncheapp.android.pearl,com.yueyou.adreader,com.youdao.dict,com.yiyou.ga,com.yidian.xiaomi,com.xunmeng.pinduoduo,com.xunmeng.merchant,com.xunlei.downloadprovider,com.xueqiu.android,com.xt.retouch,com.xs.fm,com.xingin.xhs,com.ximalaya.ting.lite,com.ximalaya.ting.android,com.xiaomi.youpin,com.xiaomi.wearable,com.xiaomi.vipaccount,com.xiaomi.smarthome,com.xiaomi.shop,com.xiaomi.mihomemanager,com.xiaomi.market,com.xiaomi.hm.health,com.xiaomi.gamecenter,com.xiaomi.calendar,com.xiaomi.calculator,com.xiaomi.aiasst.service,com.xiaomi.account,com.x8zs.sandbox,com.wuba,com.wondertek.miguaikan,com.whatsapp,com.wepie.weplay,com.weico.international,com.unionpay,com.ucmobile.lite,com.UCMobile,com.twitter.android,com.tsingzone.questionbank,com.tool.txtqbydq,com.tool.biqudaogexs,com.tmri.app.main,com.tmall.wireless,com.tencent.wework,com.tencent.weread,com.tencent.tim,com.tencent.qt.qtl,com.tencent.qqsports,com.tencent.qqpinyin,com.tencent.qqmusic,com.tencent.news,com.tencent.mtt,com.tencent.mobileqq,com.tencent.mm,com.tencent.karaoke,com.tencent.gamehelper.smoba,com.tencent.edu,com.taptap,com.taobao.taobao,com.taobao.qianniu,com.taobao.live,com.taobao.litetao,com.taobao.idlefish,com.tadu.read,com.t3go.driver,com.sup.android.superb,com.ss.android.lark.kami,com.ss.android.auto,com.ss.android.article.news,com.ss.android.article.lite,com.sohu.inputmethod.sogou.xiaomi,com.sohu.inputmethod.sogou,com.sogou.activity.src,com.soft.blued,com.snda.wifilocating,com.smzdm.client.android,com.sinyee.babybus.recommendapp,com.sinovatech.unicom.ui,com.sina.weibo,com.sina.news,com.shuqi.controller,com.shizhuang.duapp,com.shanbay.sentence,com.sfexpress.knight,com.sdu.didi.psnger,com.sankuai.meituan.takeoutnew,com.sankuai.meituan.meituanwaimaibusiness,com.sankuai.meituan.dispatch.homebrew,com.sankuai.meituan.dispatch.crowdsource,com.sankuai.meituan,com.relief.space.master.cleaner,com.quark.browser,com.qsmy.walkmonkey,com.qq.reader,com.qq.ac.android,com.qihoo.browser,com.qidian.QDReader,com.picacomic.fregata,com.p1.mobile.putong,com.ophone.reader.ui,com.ninesixshop.say,com.netease.newsreader.activity,com.netease.edu.ucmooc,com.netease.cloudmusic,com.mt.mtxx.mtxx,com.MobileTicket,com.miui.yellowpage,com.miui.weather2,com.miui.voiceassist,com.miui.virtualsim,com.miui.securitycore,com.miui.securitycenter,com.miui.securityadd,com.miui.player,com.miui.personalassistant,com.miui.packageinstaller,com.miui.notification,com.miui.notes,com.miui.newhome,com.miui.miservice,com.miui.hybrid,com.miui.home,com.miui.gallery,com.miui.fm,com.miui.cloudservice,com.miui.cleanmaster,com.miui.cit,com.miui.calculator,com.mipay.wallet,com.milink.service,com.mihoyo.hyperion,com.mianfeizs.book,com.mi.health,com.meta.box,com.maimemo.android.momo,com.lwby.breader.ad,com.lphtsccft,com.lofter.android,com.lemon.lv,com.lechuan.midunovel,com.lechuan.mdxs,com.lechuan.mdwz,com.lbe.security.miui,com.lalamove.huolala.driver,com.kwai.videoeditor,com.kugou.android.elder,com.kugou.android,com.kuangxiangciweimao.novel,com.kuaiyin.player,com.kuaikan.comic,com.kuaiduizuoye.scan,com.kmxs.reader,com.jxedt,com.jryg.driver,com.jjwxc.reader,com.jiongji.andriod.card,com.jingyao.easybike,com.jingdong.app.mall,com.jifen.qukan,com.jeejen.family.miui,com.jd.pingou,com.ishansong,com.immomo.momo,com.iflytek.inputmethod.miui,com.iflytek.inputmethod,com.ifeng.news2,com.icbc,com.hupu.games,com.hundsun.winner.pazq,com.huaxiaozhu.driver,com.hpbr.bosszhipin,com.hipu.yidian,com.hexin.plat.android,com.handsgo.jiakao.android,com.guzhen.xiucai,com.guotai.dazhihui,com.gotokeep.keep,com.glodon.drawingexplorer,com.gf.client,com.gallery.player,com.galaxy.stock,com.flyersoft.seekbooks,com.fenbi.android.zhaojiao,com.fenbi.android.solar,com.fenbi.android.servant,com.faloo.BookReader4Android,com.facebook.katana,com.excelliance.dualaid,com.excean.gspace,com.example.xrk,com.eg.android.AlipayGphone,com.eastmoney.android.fund,com.eastmoney.android.berlin,com.duowan.mobile,com.duokan.reader,com.duokan.free,com.duoduo.child.story,com.dragon.read,com.douban.frodo,com.dongqiudi.news,com.didapinche.booking,com.dianping.v1,com.cubic.autohome,com.cootek.crazyreader,com.cmschina.stock,com.cmcc.cmvideo,com.chinamworld.main,com.chinamworld.bocmbci,com.chaozh.iReaderFree,com.chaozh.iReader.dj,com.chaoxing.mobile,com.cashtoutiao,com.cainiao.wireless,com.bokecc.dance,com.bilibili.comic,com.baidu.yuedu,com.baidu.tieba,com.baidu.searchbox.tomas,com.baidu.searchbox.lite,com.baidu.searchbox,com.baidu.netdisk,com.baidu.input_mi,com.baidu.input,com.baidu.homework,com.android.updater,com.android.thememanager,com.android.soundrecorder,com.android.settings,com.android.quicksearchbox,com.android.providers.downloads.ui,com.android.providers.downloads,com.android.phone,com.android.nfc,com.android.mms,com.android.haitong,com.android.fileexplorer,com.android.email,com.android.deskclock,com.android.dazhihui,com.android.contacts,com.android.calendar,com.android.browser,com.android.bankabc,com.alukaxi.bqshugg.blue,com.alibaba.wireless,com.alibaba.android.rimet,com.achievo.vipshop,com.abxsss.app,com.able.wisdomtree,cn.youth.news,cn.xuexi.android,cn.xiaochuankeji.zuiyouLite,cn.xiaochuankeji.tieba,cn.wps.moffice_eng.xiaomi.lite,cn.wps.moffice_eng,cn.soulapp.android,cn.kuwo.player,cn.com.langeasy.LangEasyLexis,cmb.pb,android.zhibo8'
steppe_intl/fps_local.config	fps_smart_group.list120	'com.google.android.inputmethod.latin,com.twitter.android,com.mint.keyboard,com.touchtype.swiftkey,com.android.htmlviewer,com.bit.androsmart.kbinapp,com.celltick.lockscreen,com.clusterdev.malayalamkeyboard,com.emoji.coolkeyboard,com.fontskeyboard.fonts,com.google.android.apps.inputmethod.hindi,com.google.android.packageinstaller,com.hamrokeyboard,com.hb.dialer.free,com.hsv.freeadblockerbrowser,com.jb.emoji.gokeyboard,com.microsoft.office.officehubrow,com.microsoft.office.word,com.simejikeyboard,com.tencent.mm,com.teslacoilsw.launcher,com.vng.inputmethod.labankey,com.ziipin.softkeyboard.dz,com.ziipin.softkeyboard.saudi,info.sunista.app,lk.bhasha.helakuru,net.metaquotes.metatrader4,site.realanime.animlov.animlov,sun.way2sms.hyd.com,com.miui.calculator,com.xiaomi.calculator,com.miui.home,com.android.systemui,com.miui.gallery,com.android.contacts,com.android.mms,com.xiaomi.mihomemanager,com.miui.newhome,com.miui.securitycenter,com.android.settings,com.xiaomi.misettings,com.miui.weather2,com.miui.notes,com.miui.hybrid,com.xiaomi.smarthome,com.xiaomi.shop,com.android.quicksearchbox,com.android.thememanager,com.android.fileexplorer,com.miui.voiceassist,com.android.phone,com.miui.notification,com.xiaomi.gamecenter,com.miui.securityadd,com.android.updater,com.xiaomi.account,com.xiaomi.vipaccount,com.miui.cloudservice,com.android.email,com.miui.personalassistant,com.ss.android.lark.kami,com.xiaomi.wearable,com.jeejen.family.miui,com.miui.securitycore,com.lbe.security.miui,com.xiaomi.youpin,com.mi.health,cn.wps.moffice_eng.xiaomi.lite,com.xiaomi.hm.health,com.mi.android.globallauncher'
steppe_intl/fps_local.config	fps_group.list120	'com.whatsapp,com.facebook.katana,com.instagram.android,com.android.chrome,com.google.android.inputmethod.latin,com.facebook.orca,com.facebook.lite,com.google.android.googlequicksearchbox,com.truecaller,org.telegram.messenger,com.gbwhatsapp,com.vkontakte.android,com.whatsapp.w4b,com.snapchat.android,com.viber.voip,com.google.android.apps.docs,com.twitter.android,com.android.vending,com.imo.android.imoim,com.mint.keyboard,ru.ok.android,com.google.android.apps.meetings,jp.naver.line.android,com.yandex.browser,com.shopee.id,com.microsoft.teams,org.telegram.plus,cn.wps.moffice_eng,com.discord,com.flipkart.android,com.touchtype.swiftkey,com.zing.zalo,com.fmwhatsapp,com.meesho.supply,com.UCMobile.intl,com.pinterest,com.app.dream11Pro,com.yowhatsapp,com.WhatsApp2Plus,com.avito.android,com.opera.browser,com.phonepe.app,com.opera.mini.native,com.alibaba.aliexpresshd,trendyol.com,com.android.htmlviewer,ir.medu.shad,org.xbet.client1,com.binance.dev,com.bit.androsmart.kbinapp,com.google.android.apps.nbu.paisa.user,com.wildberries.ru,com.imo.android.imoimbeta,com.eterno,com.amazon.mShop.android.shopping,com.google.android.apps.translate,com.google.android.apps.classroom,com.imo.android.imoimhd,com.microsoft.office.outlook,com.celltick.lockscreen,com.camerasideas.instashot,com.ubercab.driver,ir.ilmili.telegraph,ru.sberbankmobile,com.clusterdev.malayalamkeyboard,com.gojek.partner,com.facebook.mlite,com.brave.browser,com.michatapp.im,com.shopee.br,com.obwhatsapp,com.mercadolibre,com.emoji.coolkeyboard,com.zzkko,com.google.android.apps.tachyon,org.mozilla.firefox,com.fontskeyboard.fonts,com.google.android.apps.inputmethod.hindi,im.thebot.messenger,com.picsart.studio,com.google.android.packageinstaller,com.linkedin.android,com.duolingo,com.whereismytrain.android,com.alightcreative.motion,com.grindrapp.android,com.shopee.my,com.uc.browser.en,com.hamrokeyboard,com.hb.dialer.free,com.reddit.frontpage,com.yy.hiyo,com.hsv.freeadblockerbrowser,com.perm.kate_new_6,com.instagram.lite,com.tokopedia.tkpd,com.unacademyapp,re.sova.five,com.msf.angelmobile,com.ak.ta.dainikbhaskar.activity,com.badoo.mobile,jp.ne.ibis.ibispaintx.app,com.gbwhatsapp3,com.myntra.android,com.offshore.pikashow,com.jb.emoji.gokeyboard,com.sahibinden,com.microsoft.office.officehubrow,co.brainly,org.thunderdog.challegram,com.litatom.app,com.sec.android.app.sbrowser,com.flatfish.cal.privacy,com.canva.editor,com.instapro.app,com.vtosters.android,com.yandex.zen,com.ubercab,com.jtwhatsapp,xyz.penpencil.physicswala,com.microsoft.office.word,com.simejikeyboard,blackrussia.online,com.cricbuzz.android,com.nextbillion.groww,ir.divar,com.cisco.webex.meetings,com.tencent.mm,com.teslacoilsw.launcher,com.vng.inputmethod.labankey,com.ziipin.softkeyboard.dz,org.thoughtcrime.securesms,org.vidogram.messenger,com.blueWAplus,com.ziipin.softkeyboard.saudi,com.instander.android,info.sunista.app,com.olacabs.oladriver,lk.bhasha.helakuru,org.telegram.messenger.web,com.gojek.app,com.olx.southasia,com.youdao.hindict,net.metaquotes.metatrader4,com.grab.merchant,com.intsig.camscanner,site.realanime.animlov.animlov,sun.way2sms.hyd.com,com.prisbank.app,com.whereismytraingadi.trainstatus.livetrainlocation,mrt.battery.health,com.pay4vend.pay4vend,idm.internet.download.manager,in.upstox.app,com.application.zomato,com.schibsted.bomnegocio.androidApp,com.gallery.player,com.miui.calculator,com.xiaomi.calculator,com.android.calendar,com.xiaomi.calendar,com.android.providers.downloads,com.android.providers.downloads.ui,com.miui.cit,com.miui.home,com.sohu.inputmethod.sogou.xiaomi,com.android.browser,com.android.systemui,com.baidu.input_mi,com.android.deskclock,com.iflytek.inputmethod.miui,com.miui.gallery,com.android.contacts,com.duokan.reader,com.android.mms,com.xiaomi.mihomemanager,com.miui.newhome,com.miui.securitycenter,com.android.settings,com.xiaomi.misettings,com.miui.weather2,com.xiaomi.market,com.miui.notes,com.miui.cleanmaster,com.miui.player,com.miui.hybrid,com.xiaomi.smarthome,com.xiaomi.shop,com.android.quicksearchbox,com.android.soundrecorder,com.android.thememanager,com.android.fileexplorer,com.miui.voiceassist,com.android.phone,com.miui.notification,com.xiaomi.gamecenter,com.miui.securityadd,com.android.updater,com.xiaomi.account,com.xiaomi.vipaccount,com.miui.fm,com.android.nfc,com.mipay.wallet,com.miui.yellowpage,com.miui.cloudservice,com.android.email,com.miui.personalassistant,com.ss.android.lark.kami,com.miui.virtualsim,com.xiaomi.wearable,com.xiaomi.aiasst.service,com.jeejen.family.miui,com.miui.miservice,com.milink.service,com.miui.securitycore,com.miui.packageinstaller,com.lbe.security.miui,com.xiaomi.youpin,com.mi.health,cn.wps.moffice_eng.xiaomi.lite,com.xiaomi.hm.health,com.mi.android.globallauncher'
taiko/fps_local.config	fps_smart_group.list60	'tv.danmaku.bili,com.ss.android.article.news,com.dts.freefireth,com.tencent.ig,com.mobile.legends,com.tencent.tmgp.sgame,com.tencent.tmgp.pubgmhd,com.tencent.lolm,com.tencent.tmgp.speedmobile,com.tencent.tmgp.cf,com.tencent.tmgp.cod,com.miHoYo.ys.mi,com.miHoYo.Yuanshen,com.tencent.jkchess,com.happyelements.AndroidAnimal,com.netease.party,com.netease.party.mi,com.autonavi.minimap,com.android.incallui,com.sohu.inputmethod.sogou.xiaomi,com.baidu.input_mi,com.android.deskclock,com.iflytek.inputmethod.miui,com.duokan.reader,com.android.camera,com.mfashiongallery.emag,com.miui.player,com.miui.tsmclient,com.miui.fm,com.miui.huanji,com.android.nfc,com.xiaomi.scanner,com.miui.yellowpage,com.miui.miservice,com.miui.compass,com.milink.service,com.youku.phone,com.tencent.wemeet.app,com.qiyi.video.pad,com.sohu.inputmethod.sogou.xiaomi,com.iflytek.inputmethod.miui,com.netease.cloudmusic,com.chaoxing.mobile,com.baidu.input_mi,com.tencent.qqmusic,com.kugou.android,tv.hanju.lite,com.sinyee.babybus.recommendapp,com.tencent.edu,com.ximalaya.ting.android,com.youku.pad,com.qiyi.video.child,com.hongen.app.word,com.tencent.weread,com.xiaohei.xiaoheiapps,org.xinkb.blackboard.android,com.yuantiku.tutor,com.shusheng.JoJoRead,com.miui.securityinputmethod,com.duokan.reader,cn.com.langeasy.LangEasyLexis,com.abxsss.app,com.sohu.inputmethod.sogou,com.duoduo.child.story,com.sinyee.babybus.world,com.cmcc.cmvideo,com.maimemo.android.momo,com.youdao.dict,com.lemon.lv,com.bigsea.bsfilms,com.qidian.QDReader,com.iflytek.inputmethod,com.starrysky.ssfilms,com.huahuo.hhspfilms,com.app.moontv,com.xs.fm,com.eg.android.AlipayGphone,com.shanbay.sentence,com.bestv.app,com.shuqi.controller,com.example.notes.kyjsb,com.korean.tv,com.dianshijia.tvlive,com.jp1.xg1,com.duokan.hdreader,com.kuaikan.comic,com.sinyee.babybus.chants,com.hengxing.hxfilms,com.jiongji.andriod.card,io.legado.app.release,cn.cntvhd,com.mxtech.videoplayer.ad,com.chaozh.iReaderFree,com.tencent.qqmusicpad,com.bb.happykids,com.jjwxc.reader,com.chuyiapp.cy,com.chaozh.iReader.dj,com.sw.battery1,com.starmoon.smfilms,com.digua.dgptfilms,cn.kuwo.player,com.yueyou.adreader,com.dianshijia.newlive,com.zhpphls.banma,com.xfp.kit,com.csd.newyunketang,com.bilibili.comic,com.huli.hlfilms,com.xs.video.bayi,com.xingxingsp.xxspfilms,com.sevenVideo.app.android,com.kkzy.browser,com.qihoo360.mobilesafe,com.qq.reader,com.dragon.read'
taiko/fps_local.config	fps_group.list60	'com.dts.freefireth,com.tencent.ig,com.mobile.legends,com.tencent.tmgp.sgame,com.tencent.tmgp.pubgmhd,com.tencent.lolm,com.tencent.tmgp.speedmobile,com.tencent.tmgp.cf,com.tencent.tmgp.cod,com.miHoYo.ys.mi,com.miHoYo.Yuanshen,com.tencent.jkchess,com.happyelements.AndroidAnimal,com.netease.party,com.netease.party.mi,com.android.incallui,com.android.camera,com.mfashiongallery.emag,com.miui.tsmclient,com.miui.huanji,com.xiaomi.scanner,com.miui.compass,com.qiyi.video.pad,com.youku.pad,cn.com.langeasy.LangEasyLexis,com.abxsss.app,com.bigsea.bsfilms,com.starrysky.ssfilms,com.korean.tv,com.hengxing.hxfilms,io.legado.app.release,com.digua.dgptfilms,com.qihoo360.mobilesafe,com.qq.reader'
taiko_intl/fps_local.config	fps_smart_group.list60	'tv.danmaku.bili,com.ss.android.article.news,com.dts.freefireth,com.tencent.ig,com.mobile.legends,com.tencent.tmgp.sgame,com.tencent.tmgp.pubgmhd,com.tencent.lolm,com.tencent.tmgp.speedmobile,com.tencent.tmgp.cf,com.tencent.tmgp.cod,com.miHoYo.ys.mi,com.miHoYo.Yuanshen,com.tencent.jkchess,com.happyelements.AndroidAnimal,com.netease.party,com.netease.party.mi,com.netease.cloudmusic,com.autonavi.minimap,com.tencent.wemeet.app,com.dragon.read,com.whatsapp,com.facebook.katana,com.instagram.android,com.android.chrome,com.facebook.orca,com.facebook.lite,com.google.android.googlequicksearchbox,com.truecaller,org.telegram.messenger,com.gbwhatsapp,com.vkontakte.android,com.whatsapp.w4b,in.startv.hotstar,in.startv.hotstaronly,com.snapchat.android,com.viber.voip,com.google.android.apps.maps,com.vanced.android.youtube,com.google.android.apps.docs,com.twitter.android,com.android.vending,us.zoom.videomeetings,com.google.android.gm,in.mohalla.sharechat,com.imo.android.imoim,ru.yandex.searchplugin,com.nemo.vidmate,com.kwai.video,ru.ok.android,com.google.android.apps.tachyon,jp.naver.line.android,com.yandex.browser,com.shopee.id,com.microsoft.teams,com.funnypuri.client,org.telegram.plus,cn.wps.moffice_eng,com.jio.jioplay.tv,com.discord,wp.wattpad,com.google.android.apps.youtube.music,com.spotify.music,com.flipkart.android,com.waze,com.zing.zalo,com.fmwhatsapp,com.lemon.lvoverseas,ru.yandex.yandexnavi,com.meesho.supply,com.UCMobile.intl,com.pinterest,com.app.dream11Pro,com.tv.v18.viola,ru.yandex.taximeter,com.yowhatsapp,com.WhatsApp2Plus,com.graymatrix.did,com.avito.android,com.opera.browser,com.phonepe.app,video.tiki,com.opera.mini.native,com.lazada.android,com.alibaba.aliexpresshd,trendyol.com,org.videolan.vlc,in.amazon.mShop.android.shopping,com.firsttouchgames.dls7,com.aero,ir.medu.shad,org.xbet.client1,com.binance.dev,com.lenovo.anyshare.gps,com.next.innovation.takatak,com.google.android.apps.nbu.paisa.user,com.wildberries.ru,video.like,com.imo.android.imoimbeta,com.kwai.kuaishou.video.live,com.eterno,com.amazon.mShop.android.shopping,com.moonvideo.android.resso,com.google.android.apps.translate,com.google.android.apps.classroom,com.imo.android.imoimhd,com.microsoft.office.outlook,com.camerasideas.instashot,com.ubercab.driver,ir.ilmili.telegraph,com.prisbank.app,com.starmakerinteractive.starmaker,free.tube.premium.advanced.tuber,com.gojek.partner,com.facebook.mlite,mobi.mangatoon.novel,mobi.mangatoon.novel.portuguese,com.brave.browser,com.sonyliv,sg.bigo.live,com.michatapp.im,com.nexstreaming.app.kinemasterfree,in.mohalla.video.lite,com.shopee.br,com.obwhatsapp,com.mercadolibre,com.zzkko,net.one97.paytm,org.mozilla.firefox,com.cardfeed.video_public,com.tinder,com.naver.linewebtoon,world.social.group.video.share,im.thebot.messenger,com.adv.videoplayer.app,com.picsart.studio,com.instapro.android,com.linkedin.android,com.pratilipi.mobile.android,com.huya.nimo,com.tencent.qqlivei18n,com.duolingo,com.whereismytrain.android,com.whereismytraingadi.trainstatus.livetrainlocation,com.alightcreative.motion,com.grindrapp.android,com.disney.disneyplus,com.shopee.my,com.uc.browser.en,com.iqiyi.i18n,com.adobe.reader,ru.ozon.app.android,com.reddit.frontpage,com.hbo.hbonow,ru.yandex.yandexmaps,com.yy.hiyo,com.wrx.wazirx,com.duokan.phone.remotecontroller,com.perm.kate_new_6,com.shopee.ph,org.jw.jwlibrary.mobile,ir.resaneh1.iptv,video.player.videoplayer,com.instagram.lite,com.jio.myjio,com.vidio.android,com.tokopedia.tkpd,com.unacademyapp,re.sova.five,com.msf.angelmobile,com.eterno.shortvideos,com.ak.ta.dainikbhaskar.activity,com.badoo.mobile,com.skype.raider,com.google.android.apps.magazines,jp.ne.ibis.ibispaintx.app,sinet.startup.inDriver,com.gbwhatsapp3,com.myntra.android,com.offshore.pikashow,ru.dublgis.dgismobile,com.sahibinden,com.dywx.larkplayer,co.brainly,com.bsbportal.music,com.mxtech.videoplayer.beta,org.thunderdog.challegram,com.litatom.app,com.sec.android.app.sbrowser,com.flatfish.cal.privacy,com.maleo.bussimulatorid,com.taxsee.driver,com.canva.editor,com.viki.android,com.instapro.app,com.vtosters.android,com.yandex.zen,com.ubercab,mobi.mangatoon.comics.aphone,com.jtwhatsapp,xyz.penpencil.physicswala,blackrussia.online,org.readera,com.cricbuzz.android,com.jio.media.jiobeats,com.nextbillion.groww,ir.divar,com.cisco.webex.meetings,org.thoughtcrime.securesms,org.vidogram.messenger,com.blueWAplus,com.instander.android,com.olacabs.oladriver,com.vuclip.viu,org.telegram.messenger.web,com.gojek.app,com.olx.southasia,com.youdao.hindict,com.grab.merchant,com.intsig.camscanner,com.amazon.mp3,com.shadow.blackhole,mrt.battery.health,com.pay4vend.pay4vend,idm.internet.download.manager,in.upstox.app,com.video.fun.app,com.application.zomato,com.schibsted.bomnegocio.androidApp,com.jio.media.ondemand,iflix.play,com.tencent.videolite.android,cn.amazon.mShop.android,com.android.incallui,com.facemoji.lite.xiaomi,com.android.deskclock,com.android.camera,com.miui.player,com.miui.android.fashiongallery,com.xiaomi.scanner,com.gallery.player'
taiko_intl/fps_local.config	fps_smart_group.list90	''
taiko_intl/fps_local.config	fps_group.list60	'com.dts.freefireth,com.tencent.ig,com.mobile.legends,com.tencent.tmgp.sgame,com.tencent.tmgp.pubgmhd,com.tencent.lolm,com.tencent.tmgp.speedmobile,com.tencent.tmgp.cf,com.tencent.tmgp.cod,com.miHoYo.ys.mi,com.miHoYo.Yuanshen,com.tencent.jkchess,com.happyelements.AndroidAnimal,com.netease.party,com.netease.party.mi,in.startv.hotstar,in.startv.hotstaronly,com.google.android.apps.maps,com.vanced.android.youtube,us.zoom.videomeetings,com.google.android.gm,in.mohalla.sharechat,ru.yandex.searchplugin,com.nemo.vidmate,com.kwai.video,com.gallery.player,com.funnypuri.client,com.jio.jioplay.tv,wp.wattpad,com.google.android.apps.youtube.music,com.spotify.music,com.waze,com.lemon.lvoverseas,ru.yandex.yandexnavi,com.tv.v18.viola,ru.yandex.taximeter,com.graymatrix.did,video.tiki,com.lazada.android,org.videolan.vlc,in.amazon.mShop.android.shopping,com.firsttouchgames.dls7,com.aero,com.lenovo.anyshare.gps,com.next.innovation.takatak,video.like,com.kwai.kuaishou.video.live,com.moonvideo.android.resso,com.starmakerinteractive.starmaker,free.tube.premium.advanced.tuber,mobi.mangatoon.novel,mobi.mangatoon.novel.portuguese,com.sonyliv,sg.bigo.live,com.nexstreaming.app.kinemasterfree,in.mohalla.video.lite,net.one97.paytm,com.cardfeed.video_public,com.tinder,com.naver.linewebtoon,world.social.group.video.share,com.adv.videoplayer.app,com.instapro.android,com.pratilipi.mobile.android,com.huya.nimo,com.tencent.qqlivei18n,com.disney.disneyplus,com.iqiyi.i18n,com.adobe.reader,ru.ozon.app.android,com.hbo.hbonow,ru.yandex.yandexmaps,com.wrx.wazirx,com.duokan.phone.remotecontroller,com.shopee.ph,org.jw.jwlibrary.mobile,ir.resaneh1.iptv,video.player.videoplayer,com.jio.myjio,com.vidio.android,com.eterno.shortvideos,com.skype.raider,com.google.android.apps.magazines,sinet.startup.inDriver,ru.dublgis.dgismobile,com.dywx.larkplayer,com.bsbportal.music,com.mxtech.videoplayer.beta,com.maleo.bussimulatorid,com.taxsee.driver,com.viki.android,mobi.mangatoon.comics.aphone,org.readera,com.jio.media.jiobeats,com.vuclip.viu,com.amazon.mp3,com.shadow.blackhole,com.video.fun.app,com.jio.media.ondemand,iflix.play,com.tencent.videolite.android,cn.amazon.mShop.android,com.android.incallui,com.android.camera,com.miui.android.fashiongallery,com.xiaomi.scanner'
taiko_intl/fps_local.config	fps_group.list90	''
tanzanite_intl/fps_local.config	fps_smart_group.list60	'cn.amazon.mShop.android,com.android.incallui,com.sohu.inputmethod.sogou.xiaomi,com.baidu.input_mi,com.android.deskclock,com.iflytek.inputmethod.miui,com.miui.video,com.duokan.reader,com.android.camera,com.mfashiongallery.emag,com.miui.player,com.miui.tsmclient,com.miui.fm,com.miui.huanji,com.android.nfc,com.xiaomi.scanner,com.miui.yellowpage,com.miui.miservice,com.miui.compass,com.milink.service,com.miui.mediaviewer,com.google.android.youtube,com.whatsapp,com.facebook.katana,com.instagram.android,com.android.chrome,com.zhiliaoapp.musically,com.ss.android.ugc.trill,com.facebook.orca,com.facebook.lite,com.google.android.googlequicksearchbox,com.truecaller,org.telegram.messenger,com.gbwhatsapp,com.mxtech.videoplayer.ad,com.vkontakte.android,com.netflix.mediaclient,com.whatsapp.w4b,in.startv.hotstar,in.startv.hotstaronly,com.snapchat.android,com.viber.voip,com.google.android.apps.maps,com.zhiliaoapp.musically.go,com.vanced.android.youtube,com.google.android.apps.docs,com.twitter.android,com.android.vending,us.zoom.videomeetings,com.google.android.gm,com.playit.videoplayer,in.mohalla.sharechat,com.imo.android.imoim,ru.yandex.searchplugin,com.nemo.vidmate,com.kwai.video,ru.ok.android,com.google.android.apps.tachyon,jp.naver.line.android,com.gallery.player,in.mohalla.video,com.yandex.browser,com.shopee.id,com.microsoft.teams,com.funnypuri.client,org.telegram.plus,cn.wps.moffice_eng,com.jio.jioplay.tv,com.kwai.bulldog,com.discord,wp.wattpad,com.google.android.apps.youtube.music,com.google.android.apps.youtube.kids,com.spotify.music,com.flipkart.android,com.waze,com.zing.zalo,com.fmwhatsapp,com.lemon.lvoverseas,ru.yandex.yandexnavi,com.amazon.avod.thirdpartyclient,tv.twitch.android.app,com.meesho.supply,com.UCMobile.intl,com.pinterest,com.app.dream11Pro,com.tv.v18.viola,ru.yandex.taximeter,com.yowhatsapp,com.WhatsApp2Plus,com.graymatrix.did,com.google.android.apps.youtube.mango,com.avito.android,com.opera.browser,com.phonepe.app,video.tiki,com.opera.mini.native,com.lazada.android,com.alibaba.aliexpresshd,trendyol.com,org.videolan.vlc,in.amazon.mShop.android.shopping,com.firsttouchgames.dls7,com.aero,ir.medu.shad,org.xbet.client1,com.binance.dev,com.lenovo.anyshare.gps,com.next.innovation.takatak,com.google.android.apps.nbu.paisa.user,com.wildberries.ru,video.like,com.imo.android.imoimbeta,com.kwai.kuaishou.video.live,com.snaptube.premium,com.eterno,com.amazon.mShop.android.shopping,com.moonvideo.android.resso,com.google.android.apps.translate,com.google.android.apps.classroom,com.imo.android.imoimhd,com.microsoft.office.outlook,com.camerasideas.instashot,com.ubercab.driver,ir.ilmili.telegraph,com.prisbank.app,com.starmakerinteractive.starmaker,free.tube.premium.advanced.tuber,com.gojek.partner,com.facebook.mlite,mobi.mangatoon.novel,mobi.mangatoon.novel.portuguese,com.brave.browser,com.sonyliv,sg.bigo.live,com.michatapp.im,com.nexstreaming.app.kinemasterfree,in.mohalla.video.lite,com.shopee.br,com.obwhatsapp,com.mercadolibre,com.zzkko,net.one97.paytm,com.google.android.apps.tachyon,org.mozilla.firefox,com.cardfeed.video_public,com.tinder,com.naver.linewebtoon,world.social.group.video.share,im.thebot.messenger,com.adv.videoplayer.app,com.picsart.studio,com.instapro.android,com.bstar.intl,com.linkedin.android,com.pratilipi.mobile.android,com.ss.android.ugc.aweme,com.huya.nimo,com.tencent.qqlivei18n,com.duolingo,com.whereismytrain.android,com.whereismytraingadi.trainstatus.livetrainlocation,com.alightcreative.motion,com.grindrapp.android,com.disney.disneyplus,com.shopee.my,com.uc.browser.en,com.iqiyi.i18n,com.adobe.reader,ru.ozon.app.android,com.reddit.frontpage,com.hbo.hbonow,ru.yandex.yandexmaps,com.yy.hiyo,com.wrx.wazirx,com.duokan.phone.remotecontroller,com.perm.kate_new_6,com.shopee.ph,org.jw.jwlibrary.mobile,ir.resaneh1.iptv,video.player.videoplayer,com.instagram.lite,com.jio.myjio,com.vidio.android,com.tokopedia.tkpd,com.unacademyapp,re.sova.five,com.msf.angelmobile,com.eterno.shortvideos,com.ak.ta.dainikbhaskar.activity,com.badoo.mobile,com.skype.raider,com.google.android.apps.magazines,jp.ne.ibis.ibispaintx.app,sinet.startup.inDriver,com.gbwhatsapp3,com.myntra.android,com.offshore.pikashow,ru.dublgis.dgismobile,in.startv.hotstar.dplus,com.sahibinden,com.dywx.larkplayer,co.brainly,com.bsbportal.music,com.mxtech.videoplayer.beta,org.thunderdog.challegram,com.litatom.app,com.sec.android.app.sbrowser,com.flatfish.cal.privacy,com.maleo.bussimulatorid,com.taxsee.driver,com.canva.editor,com.viki.android,com.instapro.app,com.vtosters.android,com.yandex.zen,com.ubercab,mobi.mangatoon.comics.aphone,com.jtwhatsapp,xyz.penpencil.physicswala,blackrussia.online,org.readera,com.cricbuzz.android,com.jio.media.jiobeats,com.nextbillion.groww,ir.divar,com.cisco.webex.meetings,org.thoughtcrime.securesms,org.vidogram.messenger,com.blueWAplus,com.instander.android,com.olacabs.oladriver,com.vuclip.viu,org.telegram.messenger.web,com.gojek.app,com.olx.southasia,com.youdao.hindict,com.grab.merchant,com.intsig.camscanner,com.amazon.mp3,com.shadow.blackhole,mrt.battery.health,com.pay4vend.pay4vend,idm.internet.download.manager,in.upstox.app,com.video.fun.app,com.application.zomato,com.schibsted.bomnegocio.androidApp,com.jio.media.ondemand'
tanzanite_intl/fps_local.config	fps_group.list60	'com.android.incallui,com.miui.video,com.android.camera,com.mfashiongallery.emag,com.miui.tsmclient,com.miui.huanji,com.xiaomi.scanner,com.miui.compass,com.miui.mediaviewer,com.google.android.youtube,com.zhiliaoapp.musically,com.ss.android.ugc.trill,com.mxtech.videoplayer.ad,com.netflix.mediaclient,in.startv.hotstar,in.startv.hotstaronly,com.google.android.apps.maps,com.zhiliaoapp.musically.go,com.vanced.android.youtube,us.zoom.videomeetings,com.google.android.gm,com.playit.videoplayer,in.mohalla.sharechat,ru.yandex.searchplugin,com.nemo.vidmate,com.kwai.video,com.gallery.player,in.mohalla.video,com.funnypuri.client,com.jio.jioplay.tv,com.kwai.bulldog,wp.wattpad,com.google.android.apps.youtube.music,com.google.android.apps.youtube.kids,com.spotify.music,com.waze,com.lemon.lvoverseas,ru.yandex.yandexnavi,com.amazon.avod.thirdpartyclient,tv.twitch.android.app,com.tv.v18.viola,ru.yandex.taximeter,com.graymatrix.did,com.google.android.apps.youtube.mango,video.tiki,com.lazada.android,org.videolan.vlc,in.amazon.mShop.android.shopping,com.firsttouchgames.dls7,com.aero,com.lenovo.anyshare.gps,com.next.innovation.takatak,video.like,com.kwai.kuaishou.video.live,com.snaptube.premium,com.moonvideo.android.resso,com.starmakerinteractive.starmaker,free.tube.premium.advanced.tuber,mobi.mangatoon.novel,mobi.mangatoon.novel.portuguese,com.sonyliv,sg.bigo.live,com.nexstreaming.app.kinemasterfree,in.mohalla.video.lite,net.one97.paytm,com.google.android.apps.tachyon,com.cardfeed.video_public,com.tinder,com.naver.linewebtoon,world.social.group.video.share,com.adv.videoplayer.app,com.instapro.android,com.bstar.intl,com.pratilipi.mobile.android,com.ss.android.ugc.aweme,com.huya.nimo,com.tencent.qqlivei18n,com.disney.disneyplus,com.iqiyi.i18n,com.adobe.reader,ru.ozon.app.android,com.hbo.hbonow,ru.yandex.yandexmaps,com.wrx.wazirx,com.duokan.phone.remotecontroller,com.shopee.ph,org.jw.jwlibrary.mobile,ir.resaneh1.iptv,video.player.videoplayer,com.jio.myjio,com.vidio.android,com.eterno.shortvideos,com.skype.raider,com.google.android.apps.magazines,sinet.startup.inDriver,ru.dublgis.dgismobile,in.startv.hotstar.dplus,com.dywx.larkplayer,com.bsbportal.music,com.mxtech.videoplayer.beta,com.maleo.bussimulatorid,com.taxsee.driver,com.viki.android,mobi.mangatoon.comics.aphone,org.readera,com.jio.media.jiobeats,com.vuclip.viu,com.amazon.mp3,com.shadow.blackhole,com.video.fun.app,com.jio.media.ondemand'
tornado/fps_local.config	fps_smart_group.list90	'com.sankuai.meituan,com.zhihu.android,com.baidu.tieba'
tornado/fps_local.config	fps_smart_group.list120	'com.xiaomi.misettings,com.miui.home,com.miui.gallery,com.android.contacts,com.android.mms,com.xiaomi.mihomemanager,com.miui.newhome,com.miui.calculator,com.miui.securitycenter,com.android.settings,com.miui.weather2,com.miui.notes,com.miui.hybrid,com.xiaomi.smarthome,com.xiaomi.shop,com.android.quicksearchbox,com.android.thememanager,com.android.fileexplorer,com.miui.voiceassist,com.android.phone,com.miui.notification,com.xiaomi.gamecenter,com.miui.securityadd,com.android.updater,com.xiaomi.account,com.xiaomi.vipaccount,com.miui.cloudservice,com.android.email,com.miui.personalassistant,com.ss.android.lark.kami,com.xiaomi.wearable,com.jeejen.family.miui,com.miui.securitycore,com.lbe.security.miui,com.xiaomi.youpin,com.mi.health,cn.wps.moffice_eng.xiaomi.lite,com.xiaomi.hm.health,com.tencent.mm,com.xunmeng.pinduoduo,com.ss.android.article.lite,com.baidu.searchbox,com.UCMobile,com.tencent.mtt,com.xingin.xhs,com.taobao.live,com.jingdong.app.mall,com.quark.browser,cn.xuexi.android,com.alibaba.android.rimet,com.tencent.news,com.baidu.searchbox.lite,com.sup.android.superb,com.taobao.litetao,com.baidu.netdisk,com.hexin.plat.android,cn.xiaochuankeji.tieba,com.taobao.idlefish,com.tencent.wework,com.chaoxing.mobile,com.eastmoney.android.berlin,com.baidu.homework,com.jifen.qukan,cn.wps.moffice_eng,cn.soulapp.android,com.immomo.momo,com.yuncheapp.android.pearl,cn.xiaochuankeji.zuiyouLite,com.xunlei.downloadprovider,com.lemon.lv,com.netease.newsreader.activity,com.baidu.searchbox.tomas,com.achievo.vipshop,me.ele,com.lphtsccft,com.hpbr.bosszhipin,com.sogou.activity.src,com.hupu.games,com.handsgo.jiakao.android,com.douban.frodo,com.yidian.xiaomi,cn.youth.news,com.able.wisdomtree,com.sankuai.meituan.takeoutnew,com.meta.box,com.weico.international,com.ss.android.auto,com.example.xrk,com.tencent.qqsports,com.lofter.android,com.taobao.qianniu,com.xunmeng.merchant,com.tencent.qt.qtl,com.youdao.dict,com.alibaba.wireless,com.wuba,com.shizhuang.duapp,com.cashtoutiao,com.cainiao.wireless,com.android.dazhihui,com.facebook.katana,android.zhibo8,com.jiongji.andriod.card,com.gf.client,com.fenbi.android.servant,com.unionpay,com.soft.blued,com.cubic.autohome,com.maimemo.android.momo,com.kuaiduizuoye.scan,com.guotai.dazhihui,com.fenbi.android.zhaojiao,com.qihoo.browser,com.chinamworld.main,com.fenbi.android.solar,com.twitter.android,com.guzhen.xiucai,com.tencent.tim,com.glodon.drawingexplorer,com.dianping.v1,com.gotokeep.keep,com.icbc,com.ucmobile.lite,com.excelliance.dualaid,com.mt.mtxx.mtxx,com.t3go.driver,com.android.haitong,com.mihoyo.hyperion,com.hundsun.winner.pazq,com.ifeng.news2,mark.via,com.android.bankabc,com.p1.mobile.putong,me.yidui,com.hipu.yidian,com.smzdm.client.android,com.jxedt,com.shanbay.sentence,com.zxscnew,com.xueqiu.android,com.taptap,com.chinamworld.bocmbci,com.excean.gspace,com.tencent.gamehelper.smoba,com.galaxy.stock,cmb.pb,cn.com.langeasy.LangEasyLexis,com.sina.news,com.abxsss.app,com.tsingzone.questionbank,com.x8zs.sandbox,com.zjwh.android_wh_physicalfitness,com.sinovatech.unicom.ui,com.zjy.ykt,com.xt.retouch,com.zhaopin.social,com.wepie.weplay,com.qsmy.walkmonkey,com.MobileTicket,com.cmschina.stock,gov.pianzong.androidnga,com.sinyee.babybus.recommendapp,com.netease.edu.ucmooc,com.eastmoney.android.fund,com.kwai.videoeditor,com.xiaomi.calculator,com.whatsapp'
tornado/fps_local.config	fps_group.list90	'com.tencent.mobileqq,com.ss.android.article.news,com.sina.weibo,com.sankuai.meituan,com.zhihu.android,com.baidu.tieba'
tornado/fps_local.config	fps_group.list120	'com.xiaomi.misettings,tv.danmaku.bili,me.yidui,me.ele.napos,me.ele.crowdsource,me.ele,mark.via,io.legado.app.release,gov.pianzong.androidnga,com.zxscnew,com.zjy.ykt,com.zjwh.android_wh_physicalfitness,com.zhaopin.social,com.yuncheapp.android.pearl,com.yueyou.adreader,com.youdao.dict,com.yiyou.ga,com.yidian.xiaomi,com.xunmeng.pinduoduo,com.xunmeng.merchant,com.xunlei.downloadprovider,com.xueqiu.android,com.xt.retouch,com.xs.fm,com.xingin.xhs,com.ximalaya.ting.lite,com.ximalaya.ting.android,com.xiaomi.youpin,com.xiaomi.wearable,com.xiaomi.vipaccount,com.xiaomi.smarthome,com.xiaomi.shop,com.xiaomi.mihomemanager,com.xiaomi.market,com.xiaomi.hm.health,com.xiaomi.gamecenter,com.xiaomi.calendar,com.xiaomi.calculator,com.xiaomi.aiasst.service,com.xiaomi.account,com.x8zs.sandbox,com.wuba,com.wondertek.miguaikan,com.whatsapp,com.wepie.weplay,com.weico.international,com.unionpay,com.ucmobile.lite,com.UCMobile,com.twitter.android,com.tsingzone.questionbank,com.tool.txtqbydq,com.tool.biqudaogexs,com.tmri.app.main,com.tmall.wireless,com.tencent.wework,com.tencent.weread,com.tencent.tim,com.tencent.qt.qtl,com.tencent.qqsports,com.tencent.qqpinyin,com.tencent.qqmusic,com.tencent.news,com.tencent.mtt,com.tencent.mm,com.tencent.karaoke,com.tencent.gamehelper.smoba,com.tencent.edu,com.taptap,com.taobao.taobao,com.taobao.qianniu,com.taobao.live,com.taobao.litetao,com.taobao.idlefish,com.tadu.read,com.t3go.driver,com.sup.android.superb,com.ss.android.lark.kami,com.ss.android.auto,com.ss.android.article.lite,com.sohu.inputmethod.sogou.xiaomi,com.sohu.inputmethod.sogou,com.sogou.activity.src,com.soft.blued,com.snda.wifilocating,com.smzdm.client.android,com.sinyee.babybus.recommendapp,com.sinovatech.unicom.ui,com.sina.news,com.shuqi.controller,com.shizhuang.duapp,com.shanbay.sentence,com.sfexpress.knight,com.sdu.didi.psnger,com.sankuai.meituan.takeoutnew,com.sankuai.meituan.meituanwaimaibusiness,com.sankuai.meituan.dispatch.homebrew,com.sankuai.meituan.dispatch.crowdsource,com.relief.space.master.cleaner,com.quark.browser,com.qsmy.walkmonkey,com.qq.reader,com.qq.ac.android,com.qihoo.browser,com.qidian.QDReader,com.picacomic.fregata,com.p1.mobile.putong,com.ophone.reader.ui,com.ninesixshop.say,com.netease.newsreader.activity,com.netease.edu.ucmooc,com.netease.cloudmusic,com.mt.mtxx.mtxx,com.MobileTicket,com.miui.yellowpage,com.miui.weather2,com.miui.voiceassist,com.miui.virtualsim,com.miui.securitycore,com.miui.securitycenter,com.miui.securityadd,com.miui.player,com.miui.personalassistant,com.miui.packageinstaller,com.miui.notification,com.miui.notes,com.miui.newhome,com.miui.miservice,com.miui.hybrid,com.miui.home,com.miui.gallery,com.miui.fm,com.miui.cloudservice,com.miui.cleanmaster,com.miui.cit,com.miui.calculator,com.mipay.wallet,com.milink.service,com.mihoyo.hyperion,com.mianfeizs.book,com.mi.health,com.meta.box,com.maimemo.android.momo,com.lwby.breader.ad,com.lphtsccft,com.lofter.android,com.lemon.lv,com.lechuan.midunovel,com.lechuan.mdxs,com.lechuan.mdwz,com.lbe.security.miui,com.lalamove.huolala.driver,com.kwai.videoeditor,com.kugou.android.elder,com.kugou.android,com.kuangxiangciweimao.novel,com.kuaiyin.player,com.kuaikan.comic,com.kuaiduizuoye.scan,com.kmxs.reader,com.jxedt,com.jryg.driver,com.jjwxc.reader,com.jiongji.andriod.card,com.jingyao.easybike,com.jingdong.app.mall,com.jifen.qukan,com.jeejen.family.miui,com.jd.pingou,com.ishansong,com.immomo.momo,com.iflytek.inputmethod.miui,com.iflytek.inputmethod,com.ifeng.news2,com.icbc,com.hupu.games,com.hundsun.winner.pazq,com.huaxiaozhu.driver,com.hpbr.bosszhipin,com.hipu.yidian,com.hexin.plat.android,com.handsgo.jiakao.android,com.guzhen.xiucai,com.guotai.dazhihui,com.gotokeep.keep,com.glodon.drawingexplorer,com.gf.client,com.gallery.player,com.galaxy.stock,com.flyersoft.seekbooks,com.fenbi.android.zhaojiao,com.fenbi.android.solar,com.fenbi.android.servant,com.faloo.BookReader4Android,com.facebook.katana,com.excelliance.dualaid,com.excean.gspace,com.example.xrk,com.eg.android.AlipayGphone,com.eastmoney.android.fund,com.eastmoney.android.berlin,com.duowan.mobile,com.duokan.reader,com.duokan.free,com.duoduo.child.story,com.dragon.read,com.douban.frodo,com.dongqiudi.news,com.didapinche.booking,com.dianping.v1,com.cubic.autohome,com.cootek.crazyreader,com.cmschina.stock,com.cmcc.cmvideo,com.chinamworld.main,com.chinamworld.bocmbci,com.chaozh.iReaderFree,com.chaozh.iReader.dj,com.chaoxing.mobile,com.cashtoutiao,com.cainiao.wireless,com.bokecc.dance,com.bilibili.comic,com.baidu.yuedu,com.baidu.searchbox.tomas,com.baidu.searchbox.lite,com.baidu.searchbox,com.baidu.netdisk,com.baidu.input_mi,com.baidu.input,com.baidu.homework,com.android.updater,com.android.thememanager,com.android.soundrecorder,com.android.settings,com.android.quicksearchbox,com.android.providers.downloads.ui,com.android.providers.downloads,com.android.phone,com.android.nfc,com.android.mms,com.android.haitong,com.android.fileexplorer,com.android.email,com.android.deskclock,com.android.dazhihui,com.android.contacts,com.android.calendar,com.android.browser,com.android.bankabc,com.alukaxi.bqshugg.blue,com.alibaba.wireless,com.alibaba.android.rimet,com.achievo.vipshop,com.abxsss.app,com.able.wisdomtree,cn.youth.news,cn.xuexi.android,cn.xiaochuankeji.zuiyouLite,cn.xiaochuankeji.tieba,cn.wps.moffice_eng.xiaomi.lite,cn.wps.moffice_eng,cn.soulapp.android,cn.kuwo.player,cn.com.langeasy.LangEasyLexis,cmb.pb,android.zhibo8'
tornado_intl/fps_local.config	fps_smart_group.list120	'com.google.android.inputmethod.latin,com.twitter.android,com.mint.keyboard,com.touchtype.swiftkey,com.android.htmlviewer,com.bit.androsmart.kbinapp,com.celltick.lockscreen,com.clusterdev.malayalamkeyboard,com.emoji.coolkeyboard,com.fontskeyboard.fonts,com.google.android.apps.inputmethod.hindi,com.google.android.packageinstaller,com.hamrokeyboard,com.hb.dialer.free,com.hsv.freeadblockerbrowser,com.jb.emoji.gokeyboard,com.microsoft.office.officehubrow,com.microsoft.office.word,com.simejikeyboard,com.tencent.mm,com.teslacoilsw.launcher,com.vng.inputmethod.labankey,com.ziipin.softkeyboard.dz,com.ziipin.softkeyboard.saudi,info.sunista.app,lk.bhasha.helakuru,net.metaquotes.metatrader4,site.realanime.animlov.animlov,sun.way2sms.hyd.com,com.miui.calculator,com.xiaomi.calculator,com.miui.home,com.android.systemui,com.miui.gallery,com.android.contacts,com.android.mms,com.xiaomi.mihomemanager,com.miui.newhome,com.miui.securitycenter,com.android.settings,com.xiaomi.misettings,com.miui.weather2,com.miui.notes,com.miui.hybrid,com.xiaomi.smarthome,com.xiaomi.shop,com.android.quicksearchbox,com.android.thememanager,com.android.fileexplorer,com.miui.voiceassist,com.android.phone,com.miui.notification,com.xiaomi.gamecenter,com.miui.securityadd,com.android.updater,com.xiaomi.account,com.xiaomi.vipaccount,com.miui.cloudservice,com.android.email,com.miui.personalassistant,com.ss.android.lark.kami,com.xiaomi.wearable,com.jeejen.family.miui,com.miui.securitycore,com.lbe.security.miui,com.xiaomi.youpin,com.mi.health,cn.wps.moffice_eng.xiaomi.lite,com.xiaomi.hm.health,com.mi.android.globallauncher'
tornado_intl/fps_local.config	fps_group.list120	'com.whatsapp,com.facebook.katana,com.instagram.android,com.android.chrome,com.google.android.inputmethod.latin,com.facebook.orca,com.facebook.lite,com.google.android.googlequicksearchbox,com.truecaller,org.telegram.messenger,com.gbwhatsapp,com.vkontakte.android,com.whatsapp.w4b,com.snapchat.android,com.viber.voip,com.google.android.apps.docs,com.twitter.android,com.android.vending,com.imo.android.imoim,com.mint.keyboard,ru.ok.android,com.google.android.apps.meetings,jp.naver.line.android,com.yandex.browser,com.shopee.id,com.microsoft.teams,org.telegram.plus,cn.wps.moffice_eng,com.discord,com.flipkart.android,com.touchtype.swiftkey,com.zing.zalo,com.fmwhatsapp,com.meesho.supply,com.UCMobile.intl,com.pinterest,com.app.dream11Pro,com.yowhatsapp,com.WhatsApp2Plus,com.avito.android,com.opera.browser,com.phonepe.app,com.opera.mini.native,com.alibaba.aliexpresshd,trendyol.com,com.android.htmlviewer,ir.medu.shad,org.xbet.client1,com.binance.dev,com.bit.androsmart.kbinapp,com.google.android.apps.nbu.paisa.user,com.wildberries.ru,com.imo.android.imoimbeta,com.eterno,com.amazon.mShop.android.shopping,com.google.android.apps.translate,com.google.android.apps.classroom,com.imo.android.imoimhd,com.microsoft.office.outlook,com.celltick.lockscreen,com.camerasideas.instashot,com.ubercab.driver,ir.ilmili.telegraph,ru.sberbankmobile,com.clusterdev.malayalamkeyboard,com.gojek.partner,com.facebook.mlite,com.brave.browser,com.michatapp.im,com.shopee.br,com.obwhatsapp,com.mercadolibre,com.emoji.coolkeyboard,com.zzkko,com.google.android.apps.tachyon,org.mozilla.firefox,com.fontskeyboard.fonts,com.google.android.apps.inputmethod.hindi,im.thebot.messenger,com.picsart.studio,com.google.android.packageinstaller,com.linkedin.android,com.duolingo,com.whereismytrain.android,com.alightcreative.motion,com.grindrapp.android,com.shopee.my,com.uc.browser.en,com.hamrokeyboard,com.hb.dialer.free,com.reddit.frontpage,com.yy.hiyo,com.hsv.freeadblockerbrowser,com.perm.kate_new_6,com.instagram.lite,com.tokopedia.tkpd,com.unacademyapp,re.sova.five,com.msf.angelmobile,com.ak.ta.dainikbhaskar.activity,com.badoo.mobile,jp.ne.ibis.ibispaintx.app,com.gbwhatsapp3,com.myntra.android,com.offshore.pikashow,com.jb.emoji.gokeyboard,com.sahibinden,com.microsoft.office.officehubrow,co.brainly,org.thunderdog.challegram,com.litatom.app,com.sec.android.app.sbrowser,com.flatfish.cal.privacy,com.canva.editor,com.instapro.app,com.vtosters.android,com.yandex.zen,com.ubercab,com.jtwhatsapp,xyz.penpencil.physicswala,com.microsoft.office.word,com.simejikeyboard,blackrussia.online,com.cricbuzz.android,com.nextbillion.groww,ir.divar,com.cisco.webex.meetings,com.tencent.mm,com.teslacoilsw.launcher,com.vng.inputmethod.labankey,com.ziipin.softkeyboard.dz,org.thoughtcrime.securesms,org.vidogram.messenger,com.blueWAplus,com.ziipin.softkeyboard.saudi,com.instander.android,info.sunista.app,com.olacabs.oladriver,lk.bhasha.helakuru,org.telegram.messenger.web,com.gojek.app,com.olx.southasia,com.youdao.hindict,net.metaquotes.metatrader4,com.grab.merchant,com.intsig.camscanner,site.realanime.animlov.animlov,sun.way2sms.hyd.com,com.prisbank.app,com.whereismytraingadi.trainstatus.livetrainlocation,mrt.battery.health,com.pay4vend.pay4vend,idm.internet.download.manager,in.upstox.app,com.application.zomato,com.schibsted.bomnegocio.androidApp,com.gallery.player,com.miui.calculator,com.xiaomi.calculator,com.android.calendar,com.xiaomi.calendar,com.android.providers.downloads,com.android.providers.downloads.ui,com.miui.cit,com.miui.home,com.sohu.inputmethod.sogou.xiaomi,com.android.browser,com.android.systemui,com.baidu.input_mi,com.android.deskclock,com.iflytek.inputmethod.miui,com.miui.gallery,com.android.contacts,com.duokan.reader,com.android.mms,com.xiaomi.mihomemanager,com.miui.newhome,com.miui.securitycenter,com.android.settings,com.xiaomi.misettings,com.miui.weather2,com.xiaomi.market,com.miui.notes,com.miui.cleanmaster,com.miui.player,com.miui.hybrid,com.xiaomi.smarthome,com.xiaomi.shop,com.android.quicksearchbox,com.android.soundrecorder,com.android.thememanager,com.android.fileexplorer,com.miui.voiceassist,com.android.phone,com.miui.notification,com.xiaomi.gamecenter,com.miui.securityadd,com.android.updater,com.xiaomi.account,com.xiaomi.vipaccount,com.miui.fm,com.android.nfc,com.mipay.wallet,com.miui.yellowpage,com.miui.cloudservice,com.android.email,com.miui.personalassistant,com.ss.android.lark.kami,com.miui.virtualsim,com.xiaomi.wearable,com.xiaomi.aiasst.service,com.jeejen.family.miui,com.miui.miservice,com.milink.service,com.miui.securitycore,com.miui.packageinstaller,com.lbe.security.miui,com.xiaomi.youpin,com.mi.health,cn.wps.moffice_eng.xiaomi.lite,com.xiaomi.hm.health,com.mi.android.globallauncher'
turner/fps_local.config	fps_smart_group.list60	'com.android.incallui,com.sohu.inputmethod.sogou.xiaomi,com.baidu.input_mi,com.android.deskclock,com.iflytek.inputmethod.miui,com.duokan.reader,com.android.camera,com.xiaomi.market,com.miui.cleanmaster,com.mfashiongallery.emag,com.android.calendar,com.miui.player,com.android.soundrecorder,com.miui.tsmclient,com.miui.fm,com.miui.huanji,com.android.nfc,com.xiaomi.scanner,com.mipay.wallet,com.miui.yellowpage,com.android.providers.downloads,com.miui.virtualsim,com.xiaomi.aiasst.service,com.miui.bugreport,com.miui.compass,com.milink.service,com.miui.packageinstaller,com.youku.phone,tv.danmaku.bilibilihd,tv.danmaku.bili,com.alibaba.android.rimet,com.tencent.wemeet.app,com.duowan.kiwi,com.sohu.inputmethod.sogou.xiaomi,air.tv.douyu.android,com.iflytek.inputmethod.miui,com.dragon.read,com.netease.cloudmusic,com.chaoxing.mobile,com.kmxs.reader,com.baidu.input_mi,com.tencent.qqmusic,com.kugou.android,tv.hanju.lite,com.sinyee.babybus.recommendapp,com.zhongduomei.rrmj.society,com.tencent.edu,com.ximalaya.ting.android,com.google.android.youtube,com.youku.pad,com.qiyi.video.child,com.hongen.app.word,com.tencent.weread,com.xiaohei.xiaoheiapps,org.xinkb.blackboard.android,com.yuantiku.tutor,com.shusheng.JoJoRead,com.miui.securityinputmethod,com.duokan.reader,cn.com.langeasy.LangEasyLexis,com.sohu.inputmethod.sogou,com.duoduo.child.story,com.sinyee.babybus.world,com.cmcc.cmvideo,com.maimemo.android.momo,com.youdao.dict,com.lemon.lv,com.qidian.QDReader,com.iflytek.inputmethod,com.huahuo.hhspfilms,com.app.moontv,com.xs.fm,com.eg.android.AlipayGphone,com.shanbay.sentence,com.bestv.app,com.shuqi.controller,com.example.notes.kyjsb,com.dianshijia.tvlive,com.jp1.xg1,com.duokan.hdreader,com.kuaikan.comic,com.sinyee.babybus.chants,com.videogo,com.jiongji.andriod.card,io.legado.app.release,cn.cntvhd,com.mxtech.videoplayer.ad,com.chaozh.iReaderFree,com.tencent.qqmusicpad,com.bb.happykids,com.jjwxc.reader,com.chuyiapp.cy,com.chaozh.iReader.dj,com.sw.battery1,com.starmoon.smfilms,cn.kuwo.player,com.yueyou.adreader,com.dianshijia.newlive,com.zhpphls.banma,com.xfp.kit,com.csd.newyunketang,com.bilibili.comic,com.huli.hlfilms,com.xs.video.bayi,com.xingxingsp.xxspfilms,com.sevenVideo.app.android,com.kkzy.browser,com.qihoo360.mobilesafe,com.qq.reader,com.android.providers.downloads.ui,com.miui.cit'
turner/fps_local.config	fps_smart_group.list90	'com.android.browser,com.miui.gallery,com.xiaomi.mihomemanager,com.miui.newhome,com.miui.weather2,com.miui.hybrid,com.xiaomi.smarthome,com.android.quicksearchbox,com.android.fileexplorer,com.xiaomi.gamecenter,com.xiaomi.vipaccount,com.miui.cloudservice,com.android.email,com.xiaomi.wearable,com.xiaomi.youpin,com.mi.health,cn.wps.moffice_eng.xiaomi.lite,com.xiaomi.hm.health,com.ss.android.article.news,com.baidu.netdisk,com.baidu.searchbox,com.xingin.xhs,com.ss.android.article.lite,com.quark.browser,com.tencent.mtt,com.UCMobile,com.taobao.taobao,com.xunmeng.pinduoduo,com.baidu.homework,com.sina.weibo,cn.eeo.classin,com.xunlei.downloadprovider,com.baidu.searchbox.lite,com.hexin.plat.android,com.taobao.live,com.zhihu.android,com.kuaiduizuoye.scan,cn.xuexi.android,com.tvbc.maiduidui,com.android.chrome,com.jingdong.app.mall,com.sup.android.superb,com.eastmoney.android.berlin,com.microsoft.emmx,com.tencent.news,com.mampod.ergedd,com.gotokeep.keep,com.estrongs.android.pop,com.lofter.android,com.tencent.karaoke,com.able.wisdomtree,com.alicloud.databox,com.netease.edu.ucmooc,com.sankuai.meituan.meituanwaimaibusiness,com.excean.gspace,com.hujiang.cctalk,com.tencent.wework,cn.xiaochuankeji.tieba,com.fluidtouch.noteshelf2,com.xiwang.zaixian,com.A17zuoye.mobile.homework,com.flexcil.flexcilnote,com.xiaoe.client,com.netease.mhxyhtb,com.baidu.tieba,com.yizhilu.qh,com.fenbi.android.solar,com.taptap,com.zuoyebang.airclass,com.taobao.idlefish,com.x8zs.sandbox,uni.UNIB957356,com.dongao.kaoqian.phone,com.yiyou.ga,com.playgame.havefun,com.handsgo.jiakao.android,com.gkid.crazyrope,com.yidian.zxpad,com.fenbi.android.leo,com.bokecc.dance,edu.www.qsxt,net.huanci.hsj,com.sankuai.meituan,com.android.pcmode,com.adsk.sketchbook,com.qihoo.browser,com.qq.ac.android,mark.via,com.xiaomi.bluetooth,com.duowan.mobile,cn.soulapp.android,com.yinghuadongman.app,com.mihoyo.hyperion,com.gbits.atm.leiting,com.netease.a13.avg,com.vmos.pro,com.tencent.start,com.netease.newsreader.activity,com.ss.android.auto,com.huatu.handheld_huatu,com.haixue.app.android.HaixueAcademy.h4,com.xuanke.kaochong,net.chinaedu.alioth,com.edu24ol.newclass,com.yuncheapp.android.pearl,com.yongshi.tenojo.ys,com.eoffcn.mobile,me.ele.napos,com.chaoge.athena_android,com.ifttt.ifttt,org.mozilla.firefox,com.excean.splay,com.twitter.android,com.android.dazhihui,com.levelinfinite.apexlegendsmobile,cn.wps.moffice_eng'
turner/fps_local.config	fps_group.list60	'com.android.incallui,com.android.camera,com.mfashiongallery.emag,com.miui.tsmclient,com.miui.huanji,com.xiaomi.scanner,com.miui.compass,cn.com.langeasy.LangEasyLexis,io.legado.app.release,com.qihoo360.mobilesafe,com.qq.reader'
turner_intl/fps_local.config	fps_smart_group.list60	'com.bilibili.comic,com.tencent.wemeet.app,com.android.incallui,com.sohu.inputmethod.sogou.xiaomi,com.baidu.input_mi,com.android.deskclock,com.iflytek.inputmethod.miui,com.miui.video,com.duokan.reader,com.android.camera,com.xiaomi.market,com.miui.cleanmaster,com.mfashiongallery.emag,com.android.calendar,com.miui.player,com.android.soundrecorder,com.miui.tsmclient,com.miui.fm,com.miui.huanji,com.android.nfc,com.xiaomi.scanner,com.mipay.wallet,com.miui.yellowpage,com.android.providers.downloads,com.miui.virtualsim,com.xiaomi.aiasst.service,com.miui.bugreport,com.miui.compass,com.milink.service,com.miui.packageinstaller,com.miui.mediaviewer,com.google.android.youtube,com.zhiliaoapp.musically,com.ss.android.ugc.trill,com.truecaller,org.telegram.messenger,com.mxtech.videoplayer.ad,com.netflix.mediaclient,in.startv.hotstar,in.startv.hotstaronly,com.snapchat.android,com.viber.voip,com.google.android.apps.maps,com.zhiliaoapp.musically.go,com.vanced.android.youtube,com.google.android.apps.docs,us.zoom.videomeetings,com.google.android.gm,com.playit.videoplayer,in.mohalla.sharechat,com.nemo.vidmate,com.kwai.video,com.google.android.apps.tachyon,com.gallery.player,in.mohalla.video,com.shopee.id,com.microsoft.teams,com.funnypuri.client,com.jio.jioplay.tv,com.kwai.bulldog,wp.wattpad,com.google.android.apps.youtube.music,com.google.android.apps.youtube.kids,com.spotify.music,com.flipkart.android,com.waze,com.lemon.lvoverseas,ru.yandex.yandexnavi,com.amazon.avod.thirdpartyclient,tv.twitch.android.app,com.meesho.supply,com.pinterest,com.app.dream11Pro,com.tv.v18.viola,ru.yandex.taximeter,com.graymatrix.did,com.google.android.apps.youtube.mango,com.avito.android,com.phonepe.app,video.tiki,com.lazada.android,com.alibaba.aliexpresshd,trendyol.com,org.videolan.vlc,in.amazon.mShop.android.shopping,com.firsttouchgames.dls7,com.aero,ir.medu.shad,org.xbet.client1,com.lenovo.anyshare.gps,com.next.innovation.takatak,com.google.android.apps.nbu.paisa.user,com.wildberries.ru,video.like,com.kwai.kuaishou.video.live,com.amazon.mShop.android.shopping,com.moonvideo.android.resso,com.google.android.apps.classroom,com.microsoft.office.outlook,com.camerasideas.instashot,com.ubercab.driver,com.prisbank.app,com.starmakerinteractive.starmaker,free.tube.premium.advanced.tuber,com.gojek.partner,mobi.mangatoon.novel,mobi.mangatoon.novel.portuguese,com.sonyliv,sg.bigo.live,com.nexstreaming.app.kinemasterfree,in.mohalla.video.lite,com.shopee.br,com.mercadolibre,com.zzkko,net.one97.paytm,com.cardfeed.video_public,com.naver.linewebtoon,world.social.group.video.share,com.adv.videoplayer.app,com.bstar.intl,com.pratilipi.mobile.android,com.ss.android.ugc.aweme,com.huya.nimo,com.tencent.qqlivei18n,com.duolingo,com.whereismytrain.android,com.whereismytraingadi.trainstatus.livetrainlocation,com.disney.disneyplus,com.shopee.my,com.iqiyi.i18n,ru.ozon.app.android,com.hbo.hbonow,ru.yandex.yandexmaps,com.duokan.phone.remotecontroller,com.shopee.ph,org.jw.jwlibrary.mobile,ir.resaneh1.iptv,video.player.videoplayer,com.jio.myjio,com.vidio.android,com.tokopedia.tkpd,com.unacademyapp,com.msf.angelmobile,com.eterno.shortvideos,com.ak.ta.dainikbhaskar.activity,com.skype.raider,com.google.android.apps.magazines,jp.ne.ibis.ibispaintx.app,sinet.startup.inDriver,com.myntra.android,com.offshore.pikashow,ru.dublgis.dgismobile,in.startv.hotstar.dplus,com.sahibinden,com.dywx.larkplayer,co.brainly,com.bsbportal.music,com.mxtech.videoplayer.beta,com.flatfish.cal.privacy,com.maleo.bussimulatorid,com.taxsee.driver,com.viki.android,com.ubercab,mobi.mangatoon.comics.aphone,xyz.penpencil.physicswala,org.readera,com.jio.media.jiobeats,ir.divar,com.cisco.webex.meetings,com.instander.android,com.olacabs.oladriver,com.vuclip.viu,com.olx.southasia,com.grab.merchant,com.amazon.mp3,com.shadow.blackhole,mrt.battery.health,com.pay4vend.pay4vend,idm.internet.download.manager,in.upstox.app,com.video.fun.app,com.application.zomato,com.schibsted.bomnegocio.androidApp,com.jio.media.ondemand,com.dragon.read,tv.danmaku.bilibilihd,tv.danmaku.bili,com.tencent.qqlive,com.miui.cit,com.xiaomi.calendar,com.android.providers.downloads.ui'
turner_intl/fps_local.config	fps_smart_group.list90	'com.mi.globalbrowser,com.android.browser,com.miui.gallery,com.xiaomi.mihomemanager,com.miui.newhome,com.miui.weather2,com.miui.hybrid,com.xiaomi.smarthome,com.android.quicksearchbox,com.android.fileexplorer,com.xiaomi.gamecenter,com.xiaomi.vipaccount,com.miui.cloudservice,com.android.email,com.xiaomi.wearable,com.xiaomi.youpin,com.mi.health,cn.wps.moffice_eng.xiaomi.lite,com.xiaomi.hm.health,com.whatsapp,com.facebook.katana,com.instagram.android,com.android.chrome,com.google.android.inputmethod.latin,com.facebook.orca,com.facebook.lite,com.gbwhatsapp,com.vkontakte.android,com.whatsapp.w4b,com.twitter.android,com.android.vending,com.imo.android.imoim,ru.yandex.searchplugin,com.mint.keyboard,ru.ok.android,jp.naver.line.android,com.yandex.browser,org.telegram.plus,com.discord,com.touchtype.swiftkey,com.zing.zalo,com.fmwhatsapp,com.UCMobile.intl,com.yowhatsapp,com.WhatsApp2Plus,com.opera.browser,com.opera.mini.native,com.google.android.apps.inputmethod.hindi,com.binance.dev,com.imo.android.imoimbeta,com.snaptube.premium,com.eterno,com.google.android.apps.translate,com.imo.android.imoimhd,com.celltick.lockscreen,ir.ilmili.telegraph,com.clusterdev.malayalamkeyboard,com.facebook.mlite,com.brave.browser,com.michatapp.im,com.obwhatsapp,com.microsoft.office.word,org.mozilla.firefox,com.bit.androsmart.kbinapp,com.tinder,com.emoji.coolkeyboard,im.thebot.messenger,com.picsart.studio,com.simejikeyboard,com.instapro.android,com.linkedin.android,com.alightcreative.motion,com.grindrapp.android,com.uc.browser.en,com.adobe.reader,com.ziipin.softkeyboard.saudi,com.vng.inputmethod.labankey,com.reddit.frontpage,com.yy.hiyo,com.wrx.wazirx,site.realanime.animlov.animlov,com.perm.kate_new_6,com.instagram.lite,re.sova.five,com.badoo.mobile,com.gbwhatsapp3,com.hamrokeyboard,com.fontskeyboard.fonts,org.thunderdog.challegram,com.litatom.app,com.sec.android.app.sbrowser,com.canva.editor,com.instapro.app,com.vtosters.android,com.yandex.zen,com.jtwhatsapp,com.teslacoilsw.launcher,com.android.htmlviewer,blackrussia.online,com.cricbuzz.android,com.nextbillion.groww,com.hsv.freeadblockerbrowser,lk.bhasha.helakuru,com.microsoft.office.officehubrow,sun.way2sms.hyd.com,org.thoughtcrime.securesms,org.vidogram.messenger,com.blueWAplus,com.hb.dialer.free,net.metaquotes.metatrader4,info.sunista.app,org.telegram.messenger.web,com.gojek.app,com.youdao.hindict,com.google.android.packageinstaller,com.intsig.camscanner,com.jb.emoji.gokeyboard,com.ziipin.softkeyboard.dz,com.ss.android.article.news,cn.wps.moffice_eng'
turner_intl/fps_local.config	fps_group.list60	'com.android.incallui,com.miui.video,com.android.camera,com.mfashiongallery.emag,com.miui.tsmclient,com.miui.huanji,com.xiaomi.scanner,com.miui.compass,com.miui.mediaviewer,com.google.android.youtube,com.zhiliaoapp.musically,com.ss.android.ugc.trill,com.mxtech.videoplayer.ad,com.netflix.mediaclient,in.startv.hotstar,in.startv.hotstaronly,com.google.android.apps.maps,com.zhiliaoapp.musically.go,com.vanced.android.youtube,com.playit.videoplayer,in.mohalla.sharechat,com.nemo.vidmate,com.kwai.video,com.gallery.player,in.mohalla.video,com.funnypuri.client,com.jio.jioplay.tv,com.kwai.bulldog,wp.wattpad,com.google.android.apps.youtube.music,com.google.android.apps.youtube.kids,com.spotify.music,com.waze,ru.yandex.yandexnavi,com.amazon.avod.thirdpartyclient,tv.twitch.android.app,com.tv.v18.viola,ru.yandex.taximeter,com.graymatrix.did,com.google.android.apps.youtube.mango,video.tiki,org.videolan.vlc,com.aero,com.next.innovation.takatak,video.like,com.kwai.kuaishou.video.live,com.moonvideo.android.resso,com.starmakerinteractive.starmaker,free.tube.premium.advanced.tuber,mobi.mangatoon.novel,mobi.mangatoon.novel.portuguese,com.sonyliv,sg.bigo.live,com.nexstreaming.app.kinemasterfree,in.mohalla.video.lite,net.one97.paytm,com.cardfeed.video_public,com.naver.linewebtoon,world.social.group.video.share,com.adv.videoplayer.app,com.bstar.intl,com.pratilipi.mobile.android,com.ss.android.ugc.aweme,com.huya.nimo,com.tencent.qqlivei18n,com.disney.disneyplus,com.iqiyi.i18n,com.hbo.hbonow,org.jw.jwlibrary.mobile,ir.resaneh1.iptv,video.player.videoplayer,com.jio.myjio,com.vidio.android,com.eterno.shortvideos,com.skype.raider,com.google.android.apps.magazines,sinet.startup.inDriver,ru.dublgis.dgismobile,in.startv.hotstar.dplus,com.dywx.larkplayer,com.bsbportal.music,com.mxtech.videoplayer.beta,com.viki.android,mobi.mangatoon.comics.aphone,org.readera,com.jio.media.jiobeats,com.vuclip.viu,com.amazon.mp3,com.shadow.blackhole,com.video.fun.app,com.jio.media.ondemand'
uke/fps_local.config	fps_smart_group.list60	'com.android.incallui,com.sohu.inputmethod.sogou.xiaomi,com.baidu.input_mi,com.android.deskclock,com.iflytek.inputmethod.miui,com.duokan.reader,com.android.camera,com.xiaomi.market,com.miui.cleanmaster,com.mfashiongallery.emag,com.android.calendar,com.miui.player,com.android.soundrecorder,com.miui.tsmclient,com.miui.fm,com.miui.huanji,com.android.nfc,com.xiaomi.scanner,com.mipay.wallet,com.miui.yellowpage,com.android.providers.downloads,com.miui.virtualsim,com.xiaomi.aiasst.service,com.miui.bugreport,com.miui.compass,com.milink.service,com.miui.packageinstaller,com.youku.phone,tv.danmaku.bilibilihd,tv.danmaku.bili,com.alibaba.android.rimet,com.tencent.wemeet.app,com.duowan.kiwi,com.sohu.inputmethod.sogou.xiaomi,air.tv.douyu.android,com.iflytek.inputmethod.miui,com.dragon.read,com.netease.cloudmusic,com.chaoxing.mobile,com.kmxs.reader,com.baidu.input_mi,com.tencent.qqmusic,com.kugou.android,tv.hanju.lite,com.sinyee.babybus.recommendapp,com.zhongduomei.rrmj.society,com.tencent.edu,com.ximalaya.ting.android,com.google.android.youtube,com.youku.pad,com.qiyi.video.child,com.hongen.app.word,com.tencent.weread,com.xiaohei.xiaoheiapps,org.xinkb.blackboard.android,com.yuantiku.tutor,com.shusheng.JoJoRead,com.miui.securityinputmethod,com.duokan.reader,cn.com.langeasy.LangEasyLexis,com.sohu.inputmethod.sogou,com.duoduo.child.story,com.sinyee.babybus.world,com.cmcc.cmvideo,com.maimemo.android.momo,com.youdao.dict,com.lemon.lv,com.qidian.QDReader,com.iflytek.inputmethod,com.huahuo.hhspfilms,com.app.moontv,com.xs.fm,com.eg.android.AlipayGphone,com.shanbay.sentence,com.bestv.app,com.shuqi.controller,com.example.notes.kyjsb,com.dianshijia.tvlive,com.jp1.xg1,com.duokan.hdreader,com.kuaikan.comic,com.sinyee.babybus.chants,com.videogo,com.jiongji.andriod.card,io.legado.app.release,cn.cntvhd,com.mxtech.videoplayer.ad,com.chaozh.iReaderFree,com.tencent.qqmusicpad,com.bb.happykids,com.jjwxc.reader,com.chuyiapp.cy,com.chaozh.iReader.dj,com.sw.battery1,com.starmoon.smfilms,cn.kuwo.player,com.yueyou.adreader,com.dianshijia.newlive,com.zhpphls.banma,com.xfp.kit,com.csd.newyunketang,com.bilibili.comic,com.huli.hlfilms,com.xs.video.bayi,com.xingxingsp.xxspfilms,com.sevenVideo.app.android,com.kkzy.browser,com.qihoo360.mobilesafe,com.qq.reader,com.android.providers.downloads.ui,com.miui.cit'
uke/fps_local.config	fps_smart_group.list90	'com.android.browser,com.miui.gallery,com.xiaomi.mihomemanager,com.miui.newhome,com.miui.weather2,com.miui.hybrid,com.xiaomi.smarthome,com.android.quicksearchbox,com.android.fileexplorer,com.xiaomi.gamecenter,com.xiaomi.vipaccount,com.miui.cloudservice,com.android.email,com.xiaomi.wearable,com.xiaomi.youpin,com.mi.health,cn.wps.moffice_eng.xiaomi.lite,com.xiaomi.hm.health,com.ss.android.article.news,com.baidu.netdisk,com.baidu.searchbox,com.xingin.xhs,com.ss.android.article.lite,com.quark.browser,com.UCMobile,com.taobao.taobao,com.xunmeng.pinduoduo,com.baidu.homework,com.sina.weibo,cn.eeo.classin,com.xunlei.downloadprovider,com.baidu.searchbox.lite,com.hexin.plat.android,com.taobao.live,com.zhihu.android,com.kuaiduizuoye.scan,cn.xuexi.android,com.tvbc.maiduidui,com.android.chrome,com.jingdong.app.mall,com.sup.android.superb,com.eastmoney.android.berlin,com.microsoft.emmx,com.tencent.news,com.mampod.ergedd,com.gotokeep.keep,com.estrongs.android.pop,com.lofter.android,com.tencent.karaoke,com.able.wisdomtree,com.alicloud.databox,com.netease.edu.ucmooc,com.sankuai.meituan.meituanwaimaibusiness,com.excean.gspace,com.hujiang.cctalk,com.tencent.wework,cn.xiaochuankeji.tieba,com.fluidtouch.noteshelf2,com.xiwang.zaixian,com.A17zuoye.mobile.homework,com.flexcil.flexcilnote,com.xiaoe.client,com.netease.mhxyhtb,com.baidu.tieba,com.yizhilu.qh,com.fenbi.android.solar,com.taptap,com.zuoyebang.airclass,com.taobao.idlefish,com.x8zs.sandbox,uni.UNIB957356,com.dongao.kaoqian.phone,com.yiyou.ga,com.playgame.havefun,com.handsgo.jiakao.android,com.gkid.crazyrope,com.yidian.zxpad,com.fenbi.android.leo,com.bokecc.dance,edu.www.qsxt,net.huanci.hsj,com.sankuai.meituan,com.android.pcmode,com.adsk.sketchbook,com.qihoo.browser,com.qq.ac.android,mark.via,com.xiaomi.bluetooth,com.duowan.mobile,cn.soulapp.android,com.yinghuadongman.app,com.mihoyo.hyperion,com.gbits.atm.leiting,com.netease.a13.avg,com.vmos.pro,com.tencent.start,com.netease.newsreader.activity,com.ss.android.auto,com.huatu.handheld_huatu,com.haixue.app.android.HaixueAcademy.h4,com.xuanke.kaochong,net.chinaedu.alioth,com.edu24ol.newclass,com.yuncheapp.android.pearl,com.yongshi.tenojo.ys,com.eoffcn.mobile,me.ele.napos,com.chaoge.athena_android,com.ifttt.ifttt,org.mozilla.firefox,com.excean.splay,com.twitter.android,com.android.dazhihui,com.levelinfinite.apexlegendsmobile'
uke/fps_local.config	fps_group.list60	'com.android.incallui,com.android.camera,com.mfashiongallery.emag,com.miui.tsmclient,com.miui.huanji,com.xiaomi.scanner,com.miui.compass,cn.com.langeasy.LangEasyLexis,io.legado.app.release,com.qihoo360.mobilesafe,com.qq.reader'
uke_intl/fps_local.config	fps_smart_group.list60	'com.bilibili.comic,com.tencent.wemeet.app,com.android.incallui,com.sohu.inputmethod.sogou.xiaomi,com.baidu.input_mi,com.android.deskclock,com.iflytek.inputmethod.miui,com.miui.videoplayer,com.miui.video,com.duokan.reader,com.android.camera,com.xiaomi.market,com.miui.cleanmaster,com.mfashiongallery.emag,com.android.calendar,com.miui.player,com.android.soundrecorder,com.miui.tsmclient,com.miui.fm,com.miui.huanji,com.android.nfc,com.xiaomi.scanner,com.mipay.wallet,com.miui.yellowpage,com.android.providers.downloads,com.miui.virtualsim,com.xiaomi.aiasst.service,com.miui.bugreport,com.miui.compass,com.milink.service,com.miui.packageinstaller,com.miui.mediaviewer,com.google.android.youtube,com.zhiliaoapp.musically,com.ss.android.ugc.trill,com.google.android.googlequicksearchbox,com.truecaller,org.telegram.messenger,com.mxtech.videoplayer.ad,com.netflix.mediaclient,in.startv.hotstar,in.startv.hotstaronly,com.snapchat.android,com.viber.voip,com.google.android.apps.maps,com.zhiliaoapp.musically.go,com.vanced.android.youtube,com.google.android.apps.docs,us.zoom.videomeetings,com.google.android.gm,com.playit.videoplayer,in.mohalla.sharechat,com.nemo.vidmate,com.kwai.video,com.google.android.apps.tachyon,com.gallery.player,in.mohalla.video,com.shopee.id,com.microsoft.teams,com.funnypuri.client,com.jio.jioplay.tv,com.kwai.bulldog,wp.wattpad,com.google.android.apps.youtube.music,com.google.android.apps.youtube.kids,com.spotify.music,com.flipkart.android,com.waze,com.lemon.lvoverseas,ru.yandex.yandexnavi,com.amazon.avod.thirdpartyclient,tv.twitch.android.app,com.meesho.supply,com.pinterest,com.app.dream11Pro,com.tv.v18.viola,ru.yandex.taximeter,com.graymatrix.did,com.google.android.apps.youtube.mango,com.avito.android,com.phonepe.app,video.tiki,com.lazada.android,com.alibaba.aliexpresshd,trendyol.com,org.videolan.vlc,in.amazon.mShop.android.shopping,com.firsttouchgames.dls7,com.aero,ir.medu.shad,org.xbet.client1,com.lenovo.anyshare.gps,com.next.innovation.takatak,com.google.android.apps.nbu.paisa.user,com.wildberries.ru,video.like,com.kwai.kuaishou.video.live,com.amazon.mShop.android.shopping,com.moonvideo.android.resso,com.google.android.apps.classroom,com.microsoft.office.outlook,com.camerasideas.instashot,com.ubercab.driver,com.prisbank.app,com.starmakerinteractive.starmaker,free.tube.premium.advanced.tuber,com.gojek.partner,mobi.mangatoon.novel,mobi.mangatoon.novel.portuguese,com.sonyliv,sg.bigo.live,com.nexstreaming.app.kinemasterfree,in.mohalla.video.lite,com.shopee.br,com.mercadolibre,com.zzkko,net.one97.paytm,com.cardfeed.video_public,com.naver.linewebtoon,world.social.group.video.share,com.adv.videoplayer.app,com.bstar.intl,com.pratilipi.mobile.android,com.ss.android.ugc.aweme,com.huya.nimo,com.tencent.qqlivei18n,com.duolingo,com.whereismytrain.android,com.whereismytraingadi.trainstatus.livetrainlocation,com.disney.disneyplus,com.shopee.my,com.iqiyi.i18n,ru.ozon.app.android,com.hbo.hbonow,ru.yandex.yandexmaps,com.duokan.phone.remotecontroller,com.shopee.ph,org.jw.jwlibrary.mobile,ir.resaneh1.iptv,video.player.videoplayer,com.jio.myjio,com.vidio.android,com.tokopedia.tkpd,com.unacademyapp,com.msf.angelmobile,com.eterno.shortvideos,com.ak.ta.dainikbhaskar.activity,com.skype.raider,com.google.android.apps.magazines,jp.ne.ibis.ibispaintx.app,sinet.startup.inDriver,com.myntra.android,com.offshore.pikashow,ru.dublgis.dgismobile,in.startv.hotstar.dplus,com.sahibinden,com.dywx.larkplayer,co.brainly,com.bsbportal.music,com.mxtech.videoplayer.beta,com.flatfish.cal.privacy,com.maleo.bussimulatorid,com.taxsee.driver,com.viki.android,com.ubercab,mobi.mangatoon.comics.aphone,xyz.penpencil.physicswala,org.readera,com.jio.media.jiobeats,ir.divar,com.cisco.webex.meetings,com.instander.android,com.olacabs.oladriver,com.vuclip.viu,com.olx.southasia,com.grab.merchant,com.amazon.mp3,com.shadow.blackhole,mrt.battery.health,com.pay4vend.pay4vend,idm.internet.download.manager,in.upstox.app,com.video.fun.app,com.application.zomato,com.schibsted.bomnegocio.androidApp,com.jio.media.ondemand,com.dragon.read,tv.danmaku.bilibilihd,tv.danmaku.bili,com.tencent.qqlive,com.miui.cit,com.xiaomi.calendar,com.android.providers.downloads.ui'
uke_intl/fps_local.config	fps_smart_group.list90	'com.mi.globalbrowser,com.android.browser,com.miui.gallery,com.xiaomi.mihomemanager,com.miui.newhome,com.miui.weather2,com.miui.hybrid,com.xiaomi.smarthome,com.android.quicksearchbox,com.android.fileexplorer,com.xiaomi.gamecenter,com.xiaomi.vipaccount,com.miui.cloudservice,com.android.email,com.xiaomi.wearable,com.xiaomi.youpin,com.mi.health,cn.wps.moffice_eng.xiaomi.lite,com.xiaomi.hm.health,com.whatsapp,com.facebook.katana,com.instagram.android,com.android.chrome,com.google.android.inputmethod.latin,com.facebook.orca,com.facebook.lite,com.gbwhatsapp,com.vkontakte.android,com.whatsapp.w4b,com.twitter.android,com.android.vending,com.imo.android.imoim,ru.yandex.searchplugin,com.mint.keyboard,ru.ok.android,jp.naver.line.android,com.yandex.browser,org.telegram.plus,com.discord,com.touchtype.swiftkey,com.zing.zalo,com.fmwhatsapp,com.UCMobile.intl,com.yowhatsapp,com.WhatsApp2Plus,com.opera.browser,com.opera.mini.native,com.google.android.apps.inputmethod.hindi,com.binance.dev,com.imo.android.imoimbeta,com.snaptube.premium,com.eterno,com.google.android.apps.translate,com.imo.android.imoimhd,com.celltick.lockscreen,ir.ilmili.telegraph,com.clusterdev.malayalamkeyboard,com.facebook.mlite,com.brave.browser,com.michatapp.im,com.obwhatsapp,com.microsoft.office.word,org.mozilla.firefox,com.bit.androsmart.kbinapp,com.tinder,com.emoji.coolkeyboard,im.thebot.messenger,com.picsart.studio,com.simejikeyboard,com.instapro.android,com.linkedin.android,com.alightcreative.motion,com.grindrapp.android,com.uc.browser.en,com.adobe.reader,com.ziipin.softkeyboard.saudi,com.vng.inputmethod.labankey,com.reddit.frontpage,com.yy.hiyo,com.wrx.wazirx,site.realanime.animlov.animlov,com.perm.kate_new_6,com.instagram.lite,re.sova.five,com.badoo.mobile,com.gbwhatsapp3,com.hamrokeyboard,com.fontskeyboard.fonts,org.thunderdog.challegram,com.litatom.app,com.sec.android.app.sbrowser,com.canva.editor,com.instapro.app,com.vtosters.android,com.yandex.zen,com.jtwhatsapp,com.teslacoilsw.launcher,com.android.htmlviewer,blackrussia.online,com.cricbuzz.android,com.nextbillion.groww,com.hsv.freeadblockerbrowser,lk.bhasha.helakuru,com.microsoft.office.officehubrow,sun.way2sms.hyd.com,org.thoughtcrime.securesms,org.vidogram.messenger,com.blueWAplus,com.hb.dialer.free,net.metaquotes.metatrader4,info.sunista.app,org.telegram.messenger.web,com.gojek.app,com.youdao.hindict,com.google.android.packageinstaller,com.intsig.camscanner,com.jb.emoji.gokeyboard,com.ziipin.softkeyboard.dz,com.ss.android.article.news'
uke_intl/fps_local.config	fps_group.list60	'com.android.incallui,com.miui.videoplayer,com.miui.video,com.android.camera,com.mfashiongallery.emag,com.miui.tsmclient,com.miui.huanji,com.xiaomi.scanner,com.miui.compass,com.miui.mediaviewer,com.google.android.youtube,com.zhiliaoapp.musically,com.ss.android.ugc.trill,com.mxtech.videoplayer.ad,com.netflix.mediaclient,in.startv.hotstar,in.startv.hotstaronly,com.google.android.apps.maps,com.zhiliaoapp.musically.go,com.vanced.android.youtube,com.playit.videoplayer,in.mohalla.sharechat,com.nemo.vidmate,com.kwai.video,com.gallery.player,in.mohalla.video,com.funnypuri.client,com.jio.jioplay.tv,com.kwai.bulldog,wp.wattpad,com.google.android.apps.youtube.music,com.google.android.apps.youtube.kids,com.spotify.music,com.waze,ru.yandex.yandexnavi,com.amazon.avod.thirdpartyclient,tv.twitch.android.app,com.tv.v18.viola,ru.yandex.taximeter,com.graymatrix.did,com.google.android.apps.youtube.mango,video.tiki,org.videolan.vlc,com.aero,com.next.innovation.takatak,video.like,com.kwai.kuaishou.video.live,com.moonvideo.android.resso,com.starmakerinteractive.starmaker,free.tube.premium.advanced.tuber,mobi.mangatoon.novel,mobi.mangatoon.novel.portuguese,com.sonyliv,sg.bigo.live,com.nexstreaming.app.kinemasterfree,in.mohalla.video.lite,net.one97.paytm,com.cardfeed.video_public,com.naver.linewebtoon,world.social.group.video.share,com.adv.videoplayer.app,com.bstar.intl,com.pratilipi.mobile.android,com.ss.android.ugc.aweme,com.huya.nimo,com.tencent.qqlivei18n,com.disney.disneyplus,com.iqiyi.i18n,com.hbo.hbonow,org.jw.jwlibrary.mobile,ir.resaneh1.iptv,video.player.videoplayer,com.jio.myjio,com.vidio.android,com.eterno.shortvideos,com.skype.raider,com.google.android.apps.magazines,sinet.startup.inDriver,ru.dublgis.dgismobile,in.startv.hotstar.dplus,com.dywx.larkplayer,com.bsbportal.music,com.mxtech.videoplayer.beta,com.viki.android,mobi.mangatoon.comics.aphone,org.readera,com.jio.media.jiobeats,com.vuclip.viu,com.amazon.mp3,com.shadow.blackhole,com.video.fun.app,com.jio.media.ondemand'
violin/fps_local.config	fps_smart_group.list60	'com.android.incallui,com.sohu.inputmethod.sogou.xiaomi,com.baidu.input_mi,com.iflytek.inputmethod.miui,com.duokan.reader,com.android.camera,com.mfashiongallery.emag,com.miui.player,com.android.soundrecorder,com.miui.tsmclient,com.miui.fm,com.miui.huanji,com.android.nfc,com.xiaomi.scanner,com.mipay.wallet,com.miui.yellowpage,com.android.providers.downloads,com.miui.virtualsim,com.xiaomi.aiasst.service,com.miui.miservice,com.miui.compass,com.milink.service,com.miui.packageinstaller,com.youku.phone,tv.danmaku.bilibilihd,tv.danmaku.bili,com.alibaba.android.rimet,com.tencent.wemeet.app,com.duowan.kiwi,com.sohu.inputmethod.sogou.xiaomi,air.tv.douyu.android,com.iflytek.inputmethod.miui,com.dragon.read,com.netease.cloudmusic,com.chaoxing.mobile,com.kmxs.reader,com.baidu.input_mi,com.tencent.qqmusic,com.kugou.android,tv.hanju.lite,com.sinyee.babybus.recommendapp,com.zhongduomei.rrmj.society,com.tencent.edu,com.ximalaya.ting.android,com.google.android.youtube,com.youku.pad,com.qiyi.video.child,com.hongen.app.word,com.tencent.weread,com.xiaohei.xiaoheiapps,org.xinkb.blackboard.android,com.yuantiku.tutor,com.shusheng.JoJoRead,com.miui.securityinputmethod,com.duokan.reader,cn.com.langeasy.LangEasyLexis,com.sohu.inputmethod.sogou,com.duoduo.child.story,com.sinyee.babybus.world,com.cmcc.cmvideo,com.maimemo.android.momo,com.youdao.dict,com.lemon.lv,com.qidian.QDReader,com.iflytek.inputmethod,com.huahuo.hhspfilms,com.app.moontv,com.xs.fm,com.eg.android.AlipayGphone,com.shanbay.sentence,com.bestv.app,com.shuqi.controller,com.example.notes.kyjsb,com.dianshijia.tvlive,com.jp1.xg1,com.duokan.hdreader,com.kuaikan.comic,com.sinyee.babybus.chants,com.videogo,com.jiongji.andriod.card,io.legado.app.release,cn.cntvhd,com.mxtech.videoplayer.ad,com.chaozh.iReaderFree,com.tencent.qqmusicpad,com.bb.happykids,com.jjwxc.reader,com.chuyiapp.cy,com.chaozh.iReader.dj,com.sw.battery1,com.starmoon.smfilms,cn.kuwo.player,com.yueyou.adreader,com.dianshijia.newlive,com.zhpphls.banma,com.xfp.kit,com.csd.newyunketang,com.bilibili.comic,com.huli.hlfilms,com.xs.video.bayi,com.xingxingsp.xxspfilms,com.sevenVideo.app.android,com.kkzy.browser,com.qihoo360.mobilesafe,com.qq.reader,com.android.providers.downloads.ui,com.miui.cit'
violin/fps_local.config	fps_smart_group.list90	'com.android.browser,com.xiaomi.mihomemanager,com.miui.newhome,com.miui.weather2,com.miui.hybrid,com.xiaomi.smarthome,com.android.quicksearchbox,com.android.fileexplorer,com.xiaomi.gamecenter,com.xiaomi.vipaccount,com.miui.cloudservice,com.android.email,com.xiaomi.wearable,com.xiaomi.youpin,com.mi.health,cn.wps.moffice_eng.xiaomi.lite,com.xiaomi.hm.health,com.ss.android.article.news,com.xingin.xhs,com.ss.android.article.lite,com.quark.browser,com.tencent.mtt,com.UCMobile,com.taobao.taobao,com.xunmeng.pinduoduo,com.sina.weibo,cn.eeo.classin,com.xunlei.downloadprovider,com.baidu.searchbox.lite,com.taobao.live,com.zhihu.android,cn.xuexi.android,com.tvbc.maiduidui,com.android.chrome,com.jingdong.app.mall,com.sup.android.superb,com.eastmoney.android.berlin,com.microsoft.emmx,com.tencent.news,com.mampod.ergedd,com.gotokeep.keep,com.estrongs.android.pop,com.lofter.android,com.tencent.karaoke,com.able.wisdomtree,com.alicloud.databox,com.netease.edu.ucmooc,com.sankuai.meituan.meituanwaimaibusiness,com.excean.gspace,com.hujiang.cctalk,com.tencent.wework,cn.xiaochuankeji.tieba,com.fluidtouch.noteshelf2,com.xiwang.zaixian,com.A17zuoye.mobile.homework,com.flexcil.flexcilnote,com.xiaoe.client,com.netease.mhxyhtb,com.baidu.tieba,com.yizhilu.qh,com.fenbi.android.solar,com.taptap,com.zuoyebang.airclass,com.taobao.idlefish,com.x8zs.sandbox,uni.UNIB957356,com.dongao.kaoqian.phone,com.yiyou.ga,com.playgame.havefun,com.handsgo.jiakao.android,com.gkid.crazyrope,com.yidian.zxpad,com.fenbi.android.leo,com.bokecc.dance,edu.www.qsxt,net.huanci.hsj,com.sankuai.meituan,com.android.pcmode,com.adsk.sketchbook,com.qihoo.browser,com.qq.ac.android,mark.via,com.xiaomi.bluetooth,com.duowan.mobile,cn.soulapp.android,com.yinghuadongman.app,com.mihoyo.hyperion,com.gbits.atm.leiting,com.netease.a13.avg,com.vmos.pro,com.tencent.start,com.netease.newsreader.activity,com.ss.android.auto,com.huatu.handheld_huatu,com.haixue.app.android.HaixueAcademy.h4,com.xuanke.kaochong,net.chinaedu.alioth,com.edu24ol.newclass,com.yuncheapp.android.pearl,com.yongshi.tenojo.ys,com.eoffcn.mobile,me.ele.napos,com.chaoge.athena_android,com.ifttt.ifttt,org.mozilla.firefox,com.excean.splay,com.twitter.android,com.android.dazhihui,com.levelinfinite.apexlegendsmobile'
violin/fps_local.config	fps_group.list60	'com.android.incallui,com.android.camera,com.xiaomi.scanner,cn.com.langeasy.LangEasyLexis'
warhol/fps_local.config	fps_smart_group.list60	'com.ss.android.article.news,com.miui.cit,com.tmall.wireless,com.jingdong.app.mall,com.taobao.live,com.xunmeng.pinduoduo,com.qq.ac.android,com.milink.service,com.tencent.qqpinyin,com.baidu.input,com.iflytek.inputmethod,com.sohu.inputmethod.sogou,com.lechuan.mdxs,com.taobao.taobao,com.UCMobile,com.tencent.wemeet.app,com.chaozh.iReader.dj,com.sankuai.meituan.dispatch.crowdsource,com.chaozh.iReaderFree,com.cootek.crazyreader,com.sankuai.meituan.meituanwaimaibusiness,com.lalamove.huolala.driver,com.faloo.BookReader4Android,com.jjwxc.reader,io.legado.app.release,com.sankuai.meituan.dispatch.homebrew,com.hpbr.bosszhipin,com.lwby.breader.ad,com.snda.wifilocating,com.duoduo.child.story,me.ele.crowdsource,com.alukaxi.bqshugg.blue,com.tencent.map,com.flyersoft.seekbooks,me.ele.napos,com.jingyao.easybike,cn.kuwo.player,com.yiyou.ga,com.ninesixshop.say,com.tmri.app.main,com.lechuan.midunovel,com.comics.bika,com.kuangxiangciweimao.novel,com.sdu.didi.psnger,com.bokecc.dance,com.duowan.mobile,com.ifreetalk.ftalk,com.kugou.android.elder,com.kuaidi.daijia.driver,com.dongqiudi.news,com.bilibili.comic,com.xiwei.logistics,com.huaxiaozhu.driver,com.xinchuzu.driver,com.jd.pingou,com.tool.biqudaogexs,com.tool.txtqbydq,com.baidu.yuedu,com.relief.space.master.cleaner,com.mampod.ergedd,com.ophone.reader.ui,com.ishansong,com.ximalaya.ting.lite,com.sfexpress.knight,com.mianfeizs.book,com.didapinche.booking,com.jryg.driver,com.tadu.read,com.android.incallui,com.android.camera,com.autonavi.minimap,com.sdu.didi.gsui,com.baidu.BaiduMap,com.duokan.reader,tv.danmaku.bili,com.dragon.read,com.kmxs.reader,com.eg.android.AlipayGphone,com.kugou.android,com.netease.cloudmusic,com.lechuan.mdwz,com.tencent.karaoke,com.qidian.QDReader,com.shuqi.controller,com.tencent.qqmusic,com.duokan.free,com.qq.reader,com.yueyou.adreader,com.ximalaya.ting.android,com.tencent.weread,com.android.deskclock,com.mfashiongallery.emag,com.miui.fm,com.miui.huanji,com.android.nfc,com.xiaomi.scanner,com.miui.yellowpage,com.miui.compass,com.miui.miservice,com.miui.player,com.kuaiyin.player,com.tencent.edu,com.wondertek.miguaikan,com.cmcc.cmvideo,com.kuaikan.comic,com.xs.fm,com.youku.phone,com.sup.android.superb,com.phoenix.read,com.dz.hmjc,com.jz.xydj,com.diotc.qojfqkj,com.taige.miaokan,com.taige.mygold,com.ss.android.yumme.video,cn.missevan,com.eggflower.read,cn.kuwo.tingshu.lite,com.picacomic.fregata,com.sohu.inputmethod.sogou.xiaomi,com.baidu.input_mi,com.iflytek.inputmethod.miui,com.instagram.android,com.google.android.googlequicksearchbox,org.telegram.messenger,iflix.play,com.tencent.videolite.android,cn.amazon.mShop.android,com.shopee.my,com.amazon.mShop.android.shopping,us.zoom.videomeetings'
warhol/fps_local.config	fps_smart_group.list60_game	'com.feiyu.luobo4.mi,com.bf.sgs.hdexp.mi,com.mfp.jelly.xiaomi,com.easygame2022.sheepmatchcn.mi,com.zy.game.painter2.mi,com.jingpinddz.cy.mi,com.lew.game.monster.mi,com.zf.myds.mi,com.mengmi.majiang.mi,com.tencent.tmgp.hqxy,com.feiyu.hcollege.mi,com.k7k7.goujihd,com.k7k7.goujihd.mi,com.fy.wdnc.mi,com.jd.game.cwllk.mi,com.djddz.km,com.ex.jpkbfc.mi,com.lywx.lyxq.mi,com.yh.zdxhz.mi,com.yh.zdxhz,com.zy.game.fkdgz.mi,com.dz.game.sqhx.mi,com.jd.game.cutfruit.mi,com.lew.game.qmppl.mi,com.duole.guandanhd.mi,com.ylly.xczzd.mi,com.pokercity.ddz.mi,com.rh.jtxqj.mi,com.xzh.ttwxq.mi,com.supercell.clashofclans,com.tencent.tmgp.supercell.clashofclans,com.supercell.clashroyale,com.tencent.tmgp.supercell.clashroyale,com.blizzard.wtcg.hearthstone,com.ironhidegames.android.kingdomrush.alliance,com.kingdomrush4.mi,com.ea.game.pvz2_row,com.popcap.pvz2cthdxm,com.tencent.tmgp.road7.ddtdmxandroid,com.road7.ddtdmxandroid.mi,com.co.zjhy.mi,com.volvapps.ef3.x.mi,com.ahlh.sgzhd.mi,com.my.cooking.chef.kitchen.craze.fever.mi'
warhol/fps_local.config	fps_group.list60	'com.miui.huanji,com.miui.cit,com.baidu.input,com.iflytek.inputmethod,com.sohu.inputmethod.sogou,com.tencent.wemeet.app,com.ifreetalk.ftalk,com.kuaidi.daijia.driver,com.xiwei.logistics,com.xinchuzu.driver,com.mampod.ergedd,com.android.incallui,com.android.camera,com.mfashiongallery.emag,com.xiaomi.scanner,com.miui.compass,com.autonavi.minimap,com.sdu.didi.gsui,com.baidu.BaiduMap,com.tencent.map'
warhol_id/fps_local.config	fps_smart_group.list60	'com.android.deskclock,com.android.camera,com.miui.player,com.android.incallui,com.netflix.mediaclient,com.google.android.apps.maps,com.xiaomi.scanner,com.truecaller,org.telegram.messenger,com.snapchat.android,com.viber.voip,com.google.android.apps.docs,com.google.android.apps.tachyon,com.shopee.id,com.microsoft.teams,com.flipkart.android,com.meesho.supply,com.pinterest,com.app.dream11Pro,com.avito.android,com.phonepe.app,com.alibaba.aliexpresshd,trendyol.com,ir.medu.shad,org.xbet.client1,com.google.android.apps.nbu.paisa.user,com.wildberries.ru,com.amazon.mShop.android.shopping,com.google.android.apps.classroom,com.microsoft.office.outlook,com.camerasideas.instashot,com.ubercab.driver,com.prisbank.app,com.gojek.partner,com.shopee.br,com.mercadolibre,com.zzkko,com.duolingo,com.whereismytrain.android,com.whereismytraingadi.trainstatus.livetrainlocation,com.shopee.my,com.tokopedia.tkpd,com.unacademyapp,com.msf.angelmobile,com.ak.ta.dainikbhaskar.activity,jp.ne.ibis.ibispaintx.app,com.myntra.android,com.offshore.pikashow,com.sahibinden,co.brainly,com.flatfish.cal.privacy,com.ubercab,xyz.penpencil.physicswala,ir.divar,com.cisco.webex.meetings,com.instander.android,com.olacabs.oladriver,com.vuclip.viu,com.olx.southasia,com.whatsapp,com.facebook.katana,com.instagram.android,com.android.chrome,com.facebook.orca,com.facebook.lite,com.gbwhatsapp,com.vkontakte.android,com.whatsapp.w4b,com.twitter.android,com.android.vending,com.imo.android.imoim,ru.ok.android,jp.naver.line.android,com.yandex.browser,org.telegram.plus,cn.wps.moffice_eng,com.discord,com.zing.zalo,com.fmwhatsapp,com.UCMobile.intl,com.yowhatsapp,com.WhatsApp2Plus,com.opera.browser,com.opera.mini.native,com.binance.dev,com.imo.android.imoimbeta,com.eterno,com.google.android.apps.translate,com.imo.android.imoimhd,ir.ilmili.telegraph,com.facebook.mlite,com.brave.browser,com.michatapp.im,com.obwhatsapp,org.mozilla.firefox,im.thebot.messenger,com.picsart.studio,com.linkedin.android,com.alightcreative.motion,com.grindrapp.android,com.uc.browser.en,com.reddit.frontpage,com.yy.hiyo,com.perm.kate_new_6,com.instagram.lite,re.sova.five,com.badoo.mobile,com.gbwhatsapp3,org.thunderdog.challegram,com.litatom.app,com.sec.android.app.sbrowser,com.canva.editor,com.instapro.app,com.vtosters.android,com.yandex.zen,com.jtwhatsapp,blackrussia.online,com.cricbuzz.android,com.nextbillion.groww,org.thoughtcrime.securesms,org.vidogram.messenger,com.blueWAplus,org.telegram.messenger.web,com.gojek.app,com.intsig.camscanner,mrt.battery.health,com.pay4vend.pay4vend,idm.internet.download.manager,in.upstox.app,com.application.zomato,com.schibsted.bomnegocio.androidApp,com.facemoji.lite.xiaomi,com.miui.huanji,com.miui.cit,com.ss.android.article.news,com.xunmeng.pinduoduo,com.taobao.taobao,com.dragon.read,com.UCMobile,com.tencent.mtt,com.kmxs.reader,com.eg.android.AlipayGphone,com.youku.phone,com.jingdong.app.mall,com.ss.android.yumme.video,com.phoenix.read'
warhol_id/fps_local.config	fps_smart_group.list60_game	'com.os.airforce,com.fancyforce.happywheels,com.rubygames.assassin,com.gamehivecorp.taptitans2,com.game.space.shooter2,com.os.space.force.galaxy.alien,com.alien.shooter.galaxy.attack,net.froemling.bombsquad,com.zeptolab.cats.google,com.os.space.force.galaxy.alien,net.froemling.bombsquad'
warhol_id/fps_local.config	fps_group.list60	'com.android.camera,com.android.incallui,com.netflix.mediaclient,com.google.android.apps.maps,com.xiaomi.scanner,com.miui.android.fashiongallery,com.miui.cit,com.miui.huanji'
warhol_intl/fps_local.config	fps_smart_group.list60	'com.android.deskclock,com.android.camera,com.miui.player,com.android.incallui,com.netflix.mediaclient,com.google.android.apps.maps,ru.yandex.yandexmaps,com.xiaomi.scanner,com.truecaller,org.telegram.messenger,com.snapchat.android,com.viber.voip,com.google.android.apps.docs,us.zoom.videomeetings,com.google.android.gm,com.google.android.apps.tachyon,com.shopee.id,com.microsoft.teams,com.flipkart.android,com.lemon.lvoverseas,com.meesho.supply,com.pinterest,com.app.dream11Pro,com.avito.android,com.phonepe.app,com.lazada.android,com.alibaba.aliexpresshd,trendyol.com,in.amazon.mShop.android.shopping,com.firsttouchgames.dls7,ir.medu.shad,org.xbet.client1,com.lenovo.anyshare.gps,com.google.android.apps.nbu.paisa.user,com.wildberries.ru,com.amazon.mShop.android.shopping,com.google.android.apps.classroom,com.microsoft.office.outlook,com.camerasideas.instashot,com.ubercab.driver,com.prisbank.app,com.gojek.partner,com.shopee.br,com.mercadolibre,com.zzkko,com.duolingo,com.whereismytrain.android,com.whereismytraingadi.trainstatus.livetrainlocation,com.shopee.my,ru.ozon.app.android,com.duokan.phone.remotecontroller,com.shopee.ph,com.tokopedia.tkpd,com.unacademyapp,com.msf.angelmobile,com.ak.ta.dainikbhaskar.activity,jp.ne.ibis.ibispaintx.app,com.myntra.android,com.offshore.pikashow,com.sahibinden,co.brainly,com.flatfish.cal.privacy,com.maleo.bussimulatorid,com.taxsee.driver,com.ubercab,xyz.penpencil.physicswala,ir.divar,com.cisco.webex.meetings,com.instander.android,com.olacabs.oladriver,com.vuclip.viu,com.olx.southasia,mrt.battery.health,com.pay4vend.pay4vend,idm.internet.download.manager,in.upstox.app,com.application.zomato,com.schibsted.bomnegocio.androidApp,com.whatsapp,com.instagram.android,com.imo.android.imoim,com.instagram.lite,iflix.play,com.tencent.videolite.android,cn.amazon.mShop.android,com.facemoji.lite.xiaomi,com.miui.huanji,com.miui.cit,com.ss.android.article.news,com.xunmeng.pinduoduo,com.taobao.taobao,com.dragon.read,com.UCMobile,com.tencent.mtt,com.kmxs.reader,com.eg.android.AlipayGphone,com.youku.phone,com.jingdong.app.mall,com.ss.android.yumme.video,com.phoenix.read'
warhol_intl/fps_local.config	fps_smart_group.list60_game	'com.os.airforce,com.fancyforce.happywheels,com.rubygames.assassin,com.gamehivecorp.taptitans2,com.game.space.shooter2,com.os.space.force.galaxy.alien,com.alien.shooter.galaxy.attack,net.froemling.bombsquad,com.zeptolab.cats.google,com.os.space.force.galaxy.alien,net.froemling.bombsquad'
warhol_intl/fps_local.config	fps_group.list60	'com.android.camera,com.android.incallui,com.netflix.mediaclient,com.google.android.apps.maps,com.xiaomi.scanner,com.miui.android.fashiongallery,com.miui.cit,com.miui.huanji'
warm_intl/fps_local.config	fps_smart_group.list120	'com.google.android.inputmethod.latin,com.mint.keyboard,com.touchtype.swiftkey,com.android.htmlviewer,com.bit.androsmart.kbinapp,com.celltick.lockscreen,com.clusterdev.malayalamkeyboard,com.emoji.coolkeyboard,com.fontskeyboard.fonts,com.google.android.apps.inputmethod.hindi,com.google.android.packageinstaller,com.hamrokeyboard,com.hb.dialer.free,com.hsv.freeadblockerbrowser,com.jb.emoji.gokeyboard,com.microsoft.office.officehubrow,com.microsoft.office.word,com.simejikeyboard,com.tencent.mm,com.teslacoilsw.launcher,com.vng.inputmethod.labankey,com.ziipin.softkeyboard.dz,com.ziipin.softkeyboard.saudi,info.sunista.app,lk.bhasha.helakuru,net.metaquotes.metatrader4,site.realanime.animlov.animlov,sun.way2sms.hyd.com,com.miui.calculator,com.xiaomi.calculator,com.miui.home,com.android.systemui,com.miui.gallery,com.android.contacts,com.android.mms,com.xiaomi.mihomemanager,com.miui.newhome,com.android.settings,com.xiaomi.misettings,com.miui.weather2,com.miui.notes,com.miui.hybrid,com.xiaomi.smarthome,com.xiaomi.shop,com.android.quicksearchbox,com.android.thememanager,com.android.fileexplorer,com.miui.voiceassist,com.android.phone,com.miui.notification,com.xiaomi.gamecenter,com.miui.securityadd,com.android.updater,com.xiaomi.account,com.xiaomi.vipaccount,com.miui.cloudservice,com.android.email,com.miui.personalassistant,com.ss.android.lark.kami,com.xiaomi.wearable,com.jeejen.family.miui,com.miui.securitycore,com.lbe.security.miui,com.xiaomi.youpin,com.mi.health,cn.wps.moffice_eng.xiaomi.lite,com.xiaomi.hm.health,com.mi.android.globallauncher'
warm_intl/fps_local.config	fps_group.list120	'com.whatsapp,com.instagram.android,com.google.android.inputmethod.latin,com.facebook.orca,com.google.android.googlequicksearchbox,com.truecaller,org.telegram.messenger,com.gbwhatsapp,com.vkontakte.android,com.whatsapp.w4b,com.snapchat.android,com.viber.voip,com.google.android.apps.docs,com.android.vending,com.imo.android.imoim,com.mint.keyboard,ru.ok.android,com.google.android.apps.meetings,jp.naver.line.android,com.yandex.browser,com.shopee.id,com.microsoft.teams,org.telegram.plus,cn.wps.moffice_eng,com.discord,com.flipkart.android,com.touchtype.swiftkey,com.zing.zalo,com.fmwhatsapp,com.meesho.supply,com.UCMobile.intl,com.pinterest,com.app.dream11Pro,com.yowhatsapp,com.WhatsApp2Plus,com.avito.android,com.opera.browser,com.phonepe.app,com.opera.mini.native,com.alibaba.aliexpresshd,trendyol.com,com.android.htmlviewer,ir.medu.shad,org.xbet.client1,com.binance.dev,com.bit.androsmart.kbinapp,com.google.android.apps.nbu.paisa.user,com.wildberries.ru,com.imo.android.imoimbeta,com.amazon.mShop.android.shopping,com.google.android.apps.translate,com.google.android.apps.classroom,com.imo.android.imoimhd,com.microsoft.office.outlook,com.celltick.lockscreen,com.camerasideas.instashot,com.ubercab.driver,ir.ilmili.telegraph,ru.sberbankmobile,com.clusterdev.malayalamkeyboard,com.gojek.partner,com.facebook.mlite,com.brave.browser,com.michatapp.im,com.shopee.br,com.obwhatsapp,com.mercadolibre,com.emoji.coolkeyboard,com.zzkko,com.google.android.apps.tachyon,org.mozilla.firefox,com.fontskeyboard.fonts,com.google.android.apps.inputmethod.hindi,im.thebot.messenger,com.picsart.studio,com.google.android.packageinstaller,com.linkedin.android,com.duolingo,com.whereismytrain.android,com.alightcreative.motion,com.grindrapp.android,com.shopee.my,com.uc.browser.en,com.hamrokeyboard,com.hb.dialer.free,com.reddit.frontpage,com.yy.hiyo,com.hsv.freeadblockerbrowser,com.perm.kate_new_6,com.instagram.lite,com.tokopedia.tkpd,com.unacademyapp,re.sova.five,com.msf.angelmobile,com.ak.ta.dainikbhaskar.activity,com.badoo.mobile,jp.ne.ibis.ibispaintx.app,com.gbwhatsapp3,com.myntra.android,com.offshore.pikashow,com.jb.emoji.gokeyboard,com.sahibinden,com.microsoft.office.officehubrow,co.brainly,org.thunderdog.challegram,com.litatom.app,com.sec.android.app.sbrowser,com.flatfish.cal.privacy,com.canva.editor,com.instapro.app,com.vtosters.android,com.yandex.zen,com.ubercab,com.jtwhatsapp,xyz.penpencil.physicswala,com.microsoft.office.word,com.simejikeyboard,blackrussia.online,com.cricbuzz.android,com.nextbillion.groww,ir.divar,com.cisco.webex.meetings,com.tencent.mm,com.teslacoilsw.launcher,com.vng.inputmethod.labankey,com.ziipin.softkeyboard.dz,org.thoughtcrime.securesms,org.vidogram.messenger,com.blueWAplus,com.ziipin.softkeyboard.saudi,com.instander.android,info.sunista.app,com.olacabs.oladriver,lk.bhasha.helakuru,org.telegram.messenger.web,com.gojek.app,com.olx.southasia,com.youdao.hindict,net.metaquotes.metatrader4,com.grab.merchant,com.intsig.camscanner,site.realanime.animlov.animlov,sun.way2sms.hyd.com,com.prisbank.app,com.whereismytraingadi.trainstatus.livetrainlocation,mrt.battery.health,com.pay4vend.pay4vend,idm.internet.download.manager,in.upstox.app,com.application.zomato,com.schibsted.bomnegocio.androidApp,com.gallery.player,com.miui.calculator,com.xiaomi.calculator,com.android.calendar,com.xiaomi.calendar,com.android.providers.downloads,com.android.providers.downloads.ui,com.miui.cit,com.miui.home,com.sohu.inputmethod.sogou.xiaomi,com.android.browser,com.android.systemui,com.baidu.input_mi,com.android.deskclock,com.iflytek.inputmethod.miui,com.miui.gallery,com.android.contacts,com.duokan.reader,com.android.mms,com.xiaomi.mihomemanager,com.miui.newhome,com.android.settings,com.xiaomi.misettings,com.miui.weather2,com.xiaomi.market,com.miui.notes,com.miui.cleanmaster,com.miui.player,com.miui.hybrid,com.xiaomi.smarthome,com.xiaomi.shop,com.android.quicksearchbox,com.android.soundrecorder,com.android.thememanager,com.android.fileexplorer,com.miui.voiceassist,com.android.phone,com.miui.notification,com.xiaomi.gamecenter,com.miui.securityadd,com.android.updater,com.xiaomi.account,com.xiaomi.vipaccount,com.miui.fm,com.android.nfc,com.mipay.wallet,com.miui.yellowpage,com.miui.cloudservice,com.android.email,com.miui.personalassistant,com.ss.android.lark.kami,com.miui.virtualsim,com.xiaomi.wearable,com.xiaomi.aiasst.service,com.jeejen.family.miui,com.miui.miservice,com.milink.service,com.miui.securitycore,com.miui.packageinstaller,com.lbe.security.miui,com.xiaomi.youpin,com.mi.health,cn.wps.moffice_eng.xiaomi.lite,com.xiaomi.hm.health,com.mi.android.globallauncher'
warsaw/fps_local.config	fps_smart_group.list60	'com.android.incallui,com.android.deskclock,com.miui.video,com.duokan.reader,com.android.camera,com.miui.cleanmaster,com.mfashiongallery.emag,com.android.calendar,com.miui.player,com.android.soundrecorder,com.miui.fm,com.miui.huanji,com.android.nfc,com.xiaomi.scanner,com.mipay.wallet,com.miui.yellowpage,com.android.providers.downloads,com.miui.virtualsim,com.xiaomi.aiasst.service,com.miui.bugreport,com.miui.compass,com.milink.service,com.miui.packageinstaller,com.miui.mediaviewer,com.android.providers.downloads.ui,com.miui.cit,com.ss.android.article.news,com.xunmeng.pinduoduo,com.taobao.taobao,com.dragon.read,com.UCMobile,com.kmxs.reader,com.eg.android.AlipayGphone,com.autonavi.minimap,com.youku.phone,com.taobao.live,com.jingdong.app.mall,com.sohu.inputmethod.sogou,com.sdu.didi.gsui,com.iflytek.inputmethod,com.baidu.BaiduMap,com.sup.android.superb,com.kugou.android,com.netease.cloudmusic,com.lechuan.mdwz,com.tencent.karaoke,com.qidian.QDReader,com.shuqi.controller,com.tencent.qqmusic,com.duokan.free,com.qq.reader,com.yueyou.adreader,com.ximalaya.ting.android,com.tencent.weread,com.xs.fm,com.tencent.wemeet.app,com.lechuan.mdxs,com.chaozh.iReader.dj,com.sankuai.meituan.dispatch.crowdsource,com.chaozh.iReaderFree,com.cootek.crazyreader,com.sankuai.meituan.meituanwaimaibusiness,com.lalamove.huolala.driver,com.faloo.BookReader4Android,com.jjwxc.reader,io.legado.app.release,com.baidu.input,com.sankuai.meituan.dispatch.homebrew,com.hpbr.bosszhipin,com.cmcc.cmvideo,com.lwby.breader.ad,com.snda.wifilocating,com.duoduo.child.story,me.ele.crowdsource,com.alukaxi.bqshugg.blue,com.tencent.map,com.tencent.qqpinyin,com.flyersoft.seekbooks,me.ele.napos,com.jingyao.easybike,cn.kuwo.player,com.kuaiyin.player,com.yiyou.ga,com.ninesixshop.say,com.tmri.app.main,com.lechuan.midunovel,com.tmall.wireless,com.picacomic.fregata,com.kuangxiangciweimao.novel,com.sdu.didi.psnger,com.qq.ac.android,com.bokecc.dance,com.duowan.mobile,com.ifreetalk.ftalk,com.kugou.android.elder,com.kuaidi.daijia.driver,com.dongqiudi.news,com.bilibili.comic,com.xiwei.logistics,com.huaxiaozhu.driver,com.xinchuzu.driver,com.kuaikan.comic,com.wondertek.miguaikan,com.tencent.edu,com.jd.pingou,com.tool.biqudaogexs,com.tool.txtqbydq,com.baidu.yuedu,com.relief.space.master.cleaner,com.mampod.ergedd,com.ophone.reader.ui,com.ishansong,com.ximalaya.ting.lite,com.sfexpress.knight,com.mianfeizs.book,com.didapinche.booking,com.jryg.driver,com.tadu.read,com.diotc.qojfqkj,com.taige.miaokan,com.taige.mygold,com.phoenix.read,cn.missevan,com.eggflower.read,cn.kuwo.tingshu.lite,com.ss.android.yumme.video,com.jz.xydj,com.dz.hmjc,com.comics.bika'
warsaw/fps_local.config	fps_group.list60	'com.android.incallui,com.miui.video,com.android.camera,com.mfashiongallery.emag,com.miui.huanji,com.xiaomi.scanner,com.miui.compass,com.miui.mediaviewer,com.miui.cit,com.autonavi.minimap,com.sohu.inputmethod.sogou,com.sdu.didi.gsui,com.iflytek.inputmethod,com.baidu.BaiduMap,com.tencent.wemeet.app,com.baidu.input,com.tencent.map,com.ifreetalk.ftalk,com.kuaidi.daijia.driver,com.xiwei.logistics,com.xinchuzu.driver,com.mampod.ergedd'
xuanyuan/fps_local.config	fps_smart_group.list60	'com.miui.cit,com.tmall.wireless,com.jingdong.app.mall,com.taobao.live,com.tencent.mtt,com.xunmeng.pinduoduo,com.qq.ac.android,com.tencent.qqpinyin,com.baidu.input,com.iflytek.inputmethod,com.sohu.inputmethod.sogou,com.lechuan.mdxs,com.taobao.taobao,com.UCMobile,com.tencent.wemeet.app,com.chaozh.iReader.dj,com.sankuai.meituan.dispatch.crowdsource,com.chaozh.iReaderFree,com.cootek.crazyreader,com.sankuai.meituan.meituanwaimaibusiness,com.lalamove.huolala.driver,com.faloo.BookReader4Android,com.jjwxc.reader,io.legado.app.release,com.sankuai.meituan.dispatch.homebrew,com.hpbr.bosszhipin,com.lwby.breader.ad,com.snda.wifilocating,com.duoduo.child.story,me.ele.crowdsource,com.alukaxi.bqshugg.blue,com.flyersoft.seekbooks,me.ele.napos,com.jingyao.easybike,cn.kuwo.player,com.yiyou.ga,com.ninesixshop.say,com.tmri.app.main,com.lechuan.midunovel,com.comics.bika,com.kuangxiangciweimao.novel,com.sdu.didi.psnger,com.bokecc.dance,com.duowan.mobile,com.ifreetalk.ftalk,com.kugou.android.elder,com.kuaidi.daijia.driver,com.dongqiudi.news,com.bilibili.comic,com.xiwei.logistics,com.huaxiaozhu.driver,com.xinchuzu.driver,com.jd.pingou,com.tool.biqudaogexs,com.tool.txtqbydq,com.baidu.yuedu,com.relief.space.master.cleaner,com.mampod.ergedd,com.ophone.reader.ui,com.ishansong,com.ximalaya.ting.lite,com.sfexpress.knight,com.mianfeizs.book,com.didapinche.booking,com.jryg.driver,com.tadu.read,com.android.incallui,com.android.camera,com.sdu.didi.gsui,com.dragon.read,com.kmxs.reader,com.eg.android.AlipayGphone,com.kugou.android,com.netease.cloudmusic,com.lechuan.mdwz,com.tencent.karaoke,com.qidian.QDReader,com.shuqi.controller,com.tencent.qqmusic,com.duokan.free,com.qq.reader,com.yueyou.adreader,com.ximalaya.ting.android,com.tencent.weread,com.miui.tsmclient,com.miui.huanji,com.android.nfc,com.xiaomi.scanner,com.miui.yellowpage,com.miui.virtualsim,com.xiaomi.aiasst.service,com.miui.compass,com.miui.miservice,com.miui.packageinstaller,com.kuaiyin.player,com.tencent.edu,com.wondertek.miguaikan,com.cmcc.cmvideo,com.kuaikan.comic,com.xs.fm'
xuanyuan/fps_local.config	fps_group.list60	'com.miui.huanji,com.miui.cit,com.baidu.input,com.iflytek.inputmethod,com.sohu.inputmethod.sogou,com.tencent.wemeet.app,com.ifreetalk.ftalk,com.kuaidi.daijia.driver,com.xiwei.logistics,com.xinchuzu.driver,com.mampod.ergedd,com.android.incallui,com.android.camera,com.miui.tsmclient,com.xiaomi.scanner,com.miui.compass,com.sdu.didi.gsui'
xuanyuan_id/fps_local.config	fps_smart_group.list60	'com.android.camera,com.android.incallui,com.xiaomi.scanner,com.google.android.googlequicksearchbox,com.truecaller,com.netflix.mediaclient,in.startv.hotstar,in.startv.hotstaronly,com.viber.voip,com.google.android.apps.maps,com.vanced.android.youtube,com.google.android.apps.docs,us.zoom.videomeetings,com.google.android.gm,in.mohalla.sharechat,ru.yandex.searchplugin,com.nemo.vidmate,com.kwai.video,com.google.android.apps.tachyon,com.shopee.id,com.microsoft.teams,com.funnypuri.client,org.telegram.plus,cn.wps.moffice_eng,com.jio.jioplay.tv,wp.wattpad,com.google.android.apps.youtube.music,com.spotify.music,com.flipkart.android,com.waze,com.lemon.lvoverseas,ru.yandex.yandexnavi,com.meesho.supply,com.pinterest,com.app.dream11Pro,com.tv.v18.viola,ru.yandex.taximeter,com.graymatrix.did,com.avito.android,com.phonepe.app,video.tiki,com.lazada.android,com.alibaba.aliexpresshd,trendyol.com,org.videolan.vlc,in.amazon.mShop.android.shopping,com.firsttouchgames.dls7,com.aero,ir.medu.shad,org.xbet.client1,com.binance.dev,com.lenovo.anyshare.gps,com.next.innovation.takatak,com.google.android.apps.nbu.paisa.user,com.wildberries.ru,video.like,com.imo.android.imoimbeta,com.kwai.kuaishou.video.live,com.eterno,com.amazon.mShop.android.shopping,com.moonvideo.android.resso,com.google.android.apps.translate,com.google.android.apps.classroom,com.imo.android.imoimhd,com.microsoft.office.outlook,com.camerasideas.instashot,com.ubercab.driver,ir.ilmili.telegraph,com.prisbank.app,com.starmakerinteractive.starmaker,free.tube.premium.advanced.tuber,com.gojek.partner,com.facebook.mlite,mobi.mangatoon.novel,mobi.mangatoon.novel.portuguese,com.brave.browser,com.sonyliv,sg.bigo.live,com.michatapp.im,com.nexstreaming.app.kinemasterfree,in.mohalla.video.lite,com.shopee.br,com.obwhatsapp,com.mercadolibre,com.zzkko,net.one97.paytm,com.google.android.apps.tachyon,org.mozilla.firefox,com.cardfeed.video_public,com.tinder,com.naver.linewebtoon,world.social.group.video.share,im.thebot.messenger,com.adv.videoplayer.app,com.picsart.studio,com.instapro.android,com.linkedin.android,com.pratilipi.mobile.android,com.huya.nimo,com.tencent.qqlivei18n,com.duolingo,com.whereismytraingadi.trainstatus.livetrainlocation,com.whereismytrain.android,com.alightcreative.motion,com.grindrapp.android,com.disney.disneyplus,com.shopee.my,com.uc.browser.en,com.iqiyi.i18n,com.adobe.reader,ru.ozon.app.android,com.reddit.frontpage,com.hbo.hbonow,ru.yandex.yandexmaps,com.yy.hiyo,com.wrx.wazirx,com.duokan.phone.remotecontroller,com.perm.kate_new_6,com.shopee.ph,org.jw.jwlibrary.mobile,ir.resaneh1.iptv,video.player.videoplayer,com.instagram.lite,com.jio.myjio,com.vidio.android,com.tokopedia.tkpd,com.unacademyapp,re.sova.five,com.msf.angelmobile,com.eterno.shortvideos,com.ak.ta.dainikbhaskar.activity,com.badoo.mobile,com.skype.raider,com.google.android.apps.magazines,jp.ne.ibis.ibispaintx.app,sinet.startup.inDriver,com.gbwhatsapp3,com.myntra.android,com.offshore.pikashow,ru.dublgis.dgismobile,com.sahibinden,com.dywx.larkplayer,co.brainly,com.bsbportal.music,com.mxtech.videoplayer.beta,org.thunderdog.challegram,com.litatom.app,com.sec.android.app.sbrowser,com.flatfish.cal.privacy,com.maleo.bussimulatorid,com.taxsee.driver,com.canva.editor,com.viki.android,com.instapro.app,com.vtosters.android,com.yandex.zen,com.ubercab,mobi.mangatoon.comics.aphone,com.jtwhatsapp,xyz.penpencil.physicswala,blackrussia.online,org.readera,com.cricbuzz.android,com.jio.media.jiobeats,com.nextbillion.groww,ir.divar,com.cisco.webex.meetings,org.thoughtcrime.securesms,org.vidogram.messenger,com.blueWAplus,com.instander.android,com.olacabs.oladriver,com.vuclip.viu,org.telegram.messenger.web,com.gojek.app,com.olx.southasia,com.youdao.hindict,com.grab.merchant,com.intsig.camscanner,com.amazon.mp3,com.shadow.blackhole,mrt.battery.health,com.pay4vend.pay4vend,idm.internet.download.manager,in.upstox.app,com.video.fun.app,com.application.zomato,com.schibsted.bomnegocio.androidApp,com.jio.media.ondemand,com.miui.cit,com.miui.compass'
xuanyuan_id/fps_local.config	fps_group.list60	'com.android.camera,com.android.incallui,com.xiaomi.scanner,com.netflix.mediaclient,in.startv.hotstar,in.startv.hotstaronly,com.google.android.apps.maps,com.vanced.android.youtube,us.zoom.videomeetings,com.google.android.gm,in.mohalla.sharechat,ru.yandex.searchplugin,com.nemo.vidmate,com.kwai.video,com.funnypuri.client,com.jio.jioplay.tv,wp.wattpad,com.google.android.apps.youtube.music,com.spotify.music,com.waze,com.lemon.lvoverseas,ru.yandex.yandexnavi,com.tv.v18.viola,ru.yandex.taximeter,com.graymatrix.did,video.tiki,org.videolan.vlc,com.aero,com.lenovo.anyshare.gps,com.next.innovation.takatak,video.like,com.kwai.kuaishou.video.live,com.moonvideo.android.resso,com.starmakerinteractive.starmaker,free.tube.premium.advanced.tuber,mobi.mangatoon.novel,mobi.mangatoon.novel.portuguese,com.sonyliv,sg.bigo.live,com.nexstreaming.app.kinemasterfree,in.mohalla.video.lite,net.one97.paytm,com.google.android.apps.tachyon,com.cardfeed.video_public,com.naver.linewebtoon,world.social.group.video.share,com.adv.videoplayer.app,com.instapro.android,com.pratilipi.mobile.android,com.huya.nimo,com.tencent.qqlivei18n,com.disney.disneyplus,com.iqiyi.i18n,com.adobe.reader,com.hbo.hbonow,ru.yandex.yandexmaps,com.wrx.wazirx,com.duokan.phone.remotecontroller,org.jw.jwlibrary.mobile,ir.resaneh1.iptv,video.player.videoplayer,com.jio.myjio,com.vidio.android,com.eterno.shortvideos,com.skype.raider,com.google.android.apps.magazines,sinet.startup.inDriver,ru.dublgis.dgismobile,com.dywx.larkplayer,com.bsbportal.music,com.mxtech.videoplayer.beta,com.maleo.bussimulatorid,com.taxsee.driver,com.viki.android,mobi.mangatoon.comics.aphone,org.readera,com.jio.media.jiobeats,com.vuclip.viu,com.amazon.mp3,com.shadow.blackhole,com.video.fun.app,com.jio.media.ondemand,com.miui.compass'
xuanyuan_intl/fps_local.config	fps_smart_group.list60	'com.android.camera,com.android.incallui,com.xiaomi.scanner,com.google.android.googlequicksearchbox,com.truecaller,com.netflix.mediaclient,in.startv.hotstar,in.startv.hotstaronly,com.viber.voip,com.google.android.apps.maps,com.vanced.android.youtube,com.google.android.apps.docs,us.zoom.videomeetings,com.google.android.gm,in.mohalla.sharechat,com.nemo.vidmate,com.kwai.video,com.google.android.apps.tachyon,com.shopee.id,com.microsoft.teams,com.funnypuri.client,com.jio.jioplay.tv,wp.wattpad,com.google.android.apps.youtube.music,com.spotify.music,com.flipkart.android,com.waze,com.lemon.lvoverseas,ru.yandex.yandexnavi,com.meesho.supply,com.pinterest,com.app.dream11Pro,com.tv.v18.viola,ru.yandex.taximeter,com.graymatrix.did,com.avito.android,com.phonepe.app,video.tiki,com.lazada.android,com.alibaba.aliexpresshd,trendyol.com,org.videolan.vlc,in.amazon.mShop.android.shopping,com.firsttouchgames.dls7,com.aero,ir.medu.shad,org.xbet.client1,com.lenovo.anyshare.gps,com.next.innovation.takatak,com.google.android.apps.nbu.paisa.user,com.wildberries.ru,video.like,com.kwai.kuaishou.video.live,com.amazon.mShop.android.shopping,com.moonvideo.android.resso,com.google.android.apps.classroom,com.microsoft.office.outlook,com.camerasideas.instashot,com.ubercab.driver,com.prisbank.app,com.starmakerinteractive.starmaker,free.tube.premium.advanced.tuber,com.gojek.partner,mobi.mangatoon.novel,mobi.mangatoon.novel.portuguese,com.sonyliv,sg.bigo.live,com.nexstreaming.app.kinemasterfree,in.mohalla.video.lite,com.shopee.br,com.mercadolibre,com.zzkko,net.one97.paytm,com.cardfeed.video_public,com.naver.linewebtoon,world.social.group.video.share,com.adv.videoplayer.app,com.pratilipi.mobile.android,com.huya.nimo,com.tencent.qqlivei18n,com.duolingo,com.whereismytrain.android,com.whereismytraingadi.trainstatus.livetrainlocation,com.disney.disneyplus,com.shopee.my,com.iqiyi.i18n,ru.ozon.app.android,com.hbo.hbonow,ru.yandex.yandexmaps,com.duokan.phone.remotecontroller,com.shopee.ph,org.jw.jwlibrary.mobile,ir.resaneh1.iptv,video.player.videoplayer,com.jio.myjio,com.vidio.android,com.tokopedia.tkpd,com.unacademyapp,com.msf.angelmobile,com.eterno.shortvideos,com.ak.ta.dainikbhaskar.activity,com.skype.raider,com.google.android.apps.magazines,jp.ne.ibis.ibispaintx.app,sinet.startup.inDriver,com.myntra.android,com.offshore.pikashow,ru.dublgis.dgismobile,com.sahibinden,com.dywx.larkplayer,co.brainly,com.bsbportal.music,com.mxtech.videoplayer.beta,com.flatfish.cal.privacy,com.maleo.bussimulatorid,com.taxsee.driver,com.viki.android,com.ubercab,mobi.mangatoon.comics.aphone,xyz.penpencil.physicswala,org.readera,com.jio.media.jiobeats,ir.divar,com.cisco.webex.meetings,com.instander.android,com.olacabs.oladriver,com.vuclip.viu,com.olx.southasia,com.grab.merchant,com.amazon.mp3,com.shadow.blackhole,mrt.battery.health,com.pay4vend.pay4vend,idm.internet.download.manager,in.upstox.app,com.video.fun.app,com.application.zomato,com.schibsted.bomnegocio.androidApp,com.jio.media.ondemand,com.miui.cit,com.miui.compass'
xuanyuan_intl/fps_local.config	fps_group.list60	'com.android.camera,com.android.incallui,ru.yandex.yandexmaps,com.xiaomi.scanner,com.netflix.mediaclient,in.startv.hotstar,in.startv.hotstaronly,com.google.android.apps.maps,com.vanced.android.youtube,in.mohalla.sharechat,com.nemo.vidmate,com.kwai.video,com.funnypuri.client,com.jio.jioplay.tv,wp.wattpad,com.google.android.apps.youtube.music,com.spotify.music,com.waze,ru.yandex.yandexnavi,com.tv.v18.viola,ru.yandex.taximeter,com.graymatrix.did,video.tiki,org.videolan.vlc,com.aero,com.next.innovation.takatak,video.like,com.kwai.kuaishou.video.live,com.moonvideo.android.resso,com.starmakerinteractive.starmaker,free.tube.premium.advanced.tuber,mobi.mangatoon.novel,mobi.mangatoon.novel.portuguese,com.sonyliv,sg.bigo.live,com.nexstreaming.app.kinemasterfree,in.mohalla.video.lite,net.one97.paytm,com.cardfeed.video_public,com.naver.linewebtoon,world.social.group.video.share,com.adv.videoplayer.app,com.pratilipi.mobile.android,com.huya.nimo,com.tencent.qqlivei18n,com.disney.disneyplus,com.iqiyi.i18n,com.hbo.hbonow,org.jw.jwlibrary.mobile,ir.resaneh1.iptv,video.player.videoplayer,com.jio.myjio,com.vidio.android,com.eterno.shortvideos,com.skype.raider,com.google.android.apps.magazines,sinet.startup.inDriver,ru.dublgis.dgismobile,com.dywx.larkplayer,com.bsbportal.music,com.mxtech.videoplayer.beta,com.viki.android,mobi.mangatoon.comics.aphone,org.readera,com.jio.media.jiobeats,com.vuclip.viu,com.amazon.mp3,com.shadow.blackhole,com.video.fun.app,com.jio.media.ondemand,com.miui.compass'
yili/fps_local.config	fps_smart_group.list60	'com.android.incallui,com.sohu.inputmethod.sogou.xiaomi,com.baidu.input_mi,com.android.deskclock,com.iflytek.inputmethod.miui,com.duokan.reader,com.android.camera,com.xiaomi.market,com.miui.cleanmaster,com.mfashiongallery.emag,com.android.calendar,com.miui.player,com.android.soundrecorder,com.miui.tsmclient,com.miui.fm,com.miui.huanji,com.android.nfc,com.xiaomi.scanner,com.mipay.wallet,com.miui.yellowpage,com.android.providers.downloads,com.miui.virtualsim,com.xiaomi.aiasst.service,com.miui.bugreport,com.miui.compass,com.milink.service,com.miui.packageinstaller,com.youku.phone,tv.danmaku.bilibilihd,tv.danmaku.bili,com.alibaba.android.rimet,com.tencent.wemeet.app,com.duowan.kiwi,com.sohu.inputmethod.sogou.xiaomi,air.tv.douyu.android,com.iflytek.inputmethod.miui,com.dragon.read,com.netease.cloudmusic,com.chaoxing.mobile,com.kmxs.reader,com.baidu.input_mi,com.tencent.qqmusic,com.kugou.android,tv.hanju.lite,com.sinyee.babybus.recommendapp,com.zhongduomei.rrmj.society,com.tencent.edu,com.ximalaya.ting.android,com.google.android.youtube,com.youku.pad,com.qiyi.video.child,com.hongen.app.word,com.tencent.weread,com.xiaohei.xiaoheiapps,org.xinkb.blackboard.android,com.yuantiku.tutor,com.shusheng.JoJoRead,com.miui.securityinputmethod,com.duokan.reader,cn.com.langeasy.LangEasyLexis,com.sohu.inputmethod.sogou,com.duoduo.child.story,com.sinyee.babybus.world,com.cmcc.cmvideo,com.maimemo.android.momo,com.youdao.dict,com.lemon.lv,com.qidian.QDReader,com.iflytek.inputmethod,com.huahuo.hhspfilms,com.app.moontv,com.xs.fm,com.eg.android.AlipayGphone,com.shanbay.sentence,com.bestv.app,com.shuqi.controller,com.example.notes.kyjsb,com.dianshijia.tvlive,com.jp1.xg1,com.duokan.hdreader,com.kuaikan.comic,com.sinyee.babybus.chants,com.videogo,com.jiongji.andriod.card,io.legado.app.release,cn.cntvhd,com.mxtech.videoplayer.ad,com.chaozh.iReaderFree,com.tencent.qqmusicpad,com.bb.happykids,com.jjwxc.reader,com.chuyiapp.cy,com.chaozh.iReader.dj,com.sw.battery1,com.starmoon.smfilms,cn.kuwo.player,com.yueyou.adreader,com.dianshijia.newlive,com.zhpphls.banma,com.xfp.kit,com.csd.newyunketang,com.bilibili.comic,com.huli.hlfilms,com.xs.video.bayi,com.xingxingsp.xxspfilms,com.sevenVideo.app.android,com.kkzy.browser,com.qihoo360.mobilesafe,com.qq.reader,com.android.providers.downloads.ui,com.miui.cit'
yili/fps_local.config	fps_smart_group.list90	'com.android.browser,com.miui.gallery,com.xiaomi.mihomemanager,com.miui.newhome,com.miui.weather2,com.miui.hybrid,com.xiaomi.smarthome,com.android.quicksearchbox,com.android.fileexplorer,com.xiaomi.gamecenter,com.xiaomi.vipaccount,com.miui.cloudservice,com.android.email,com.xiaomi.wearable,com.xiaomi.youpin,com.mi.health,cn.wps.moffice_eng.xiaomi.lite,com.xiaomi.hm.health,com.ss.android.article.news,com.baidu.netdisk,com.baidu.searchbox,com.xingin.xhs,com.ss.android.article.lite,com.quark.browser,com.tencent.mtt,com.UCMobile,com.taobao.taobao,com.xunmeng.pinduoduo,com.baidu.homework,com.sina.weibo,cn.eeo.classin,com.xunlei.downloadprovider,com.baidu.searchbox.lite,com.hexin.plat.android,com.taobao.live,com.zhihu.android,com.kuaiduizuoye.scan,cn.xuexi.android,com.tvbc.maiduidui,com.android.chrome,com.jingdong.app.mall,com.sup.android.superb,com.eastmoney.android.berlin,com.microsoft.emmx,com.tencent.news,com.mampod.ergedd,com.gotokeep.keep,com.estrongs.android.pop,com.lofter.android,com.tencent.karaoke,com.able.wisdomtree,com.alicloud.databox,com.netease.edu.ucmooc,com.sankuai.meituan.meituanwaimaibusiness,com.excean.gspace,com.hujiang.cctalk,com.tencent.wework,cn.xiaochuankeji.tieba,com.fluidtouch.noteshelf2,com.xiwang.zaixian,com.A17zuoye.mobile.homework,com.flexcil.flexcilnote,com.xiaoe.client,com.netease.mhxyhtb,com.baidu.tieba,com.yizhilu.qh,com.fenbi.android.solar,com.taptap,com.zuoyebang.airclass,com.taobao.idlefish,com.x8zs.sandbox,uni.UNIB957356,com.dongao.kaoqian.phone,com.yiyou.ga,com.playgame.havefun,com.handsgo.jiakao.android,com.gkid.crazyrope,com.yidian.zxpad,com.fenbi.android.leo,com.bokecc.dance,edu.www.qsxt,net.huanci.hsj,com.sankuai.meituan,com.android.pcmode,com.adsk.sketchbook,com.qihoo.browser,com.qq.ac.android,mark.via,com.xiaomi.bluetooth,com.duowan.mobile,cn.soulapp.android,com.yinghuadongman.app,com.mihoyo.hyperion,com.gbits.atm.leiting,com.netease.a13.avg,com.vmos.pro,com.tencent.start,com.netease.newsreader.activity,com.ss.android.auto,com.huatu.handheld_huatu,com.haixue.app.android.HaixueAcademy.h4,com.xuanke.kaochong,net.chinaedu.alioth,com.edu24ol.newclass,com.yuncheapp.android.pearl,com.yongshi.tenojo.ys,com.eoffcn.mobile,me.ele.napos,com.chaoge.athena_android,com.ifttt.ifttt,org.mozilla.firefox,com.excean.splay,com.twitter.android,com.android.dazhihui,com.levelinfinite.apexlegendsmobile,cn.wps.moffice_eng'
yili/fps_local.config	fps_group.list60	'com.android.incallui,com.android.camera,com.mfashiongallery.emag,com.miui.tsmclient,com.miui.huanji,com.xiaomi.scanner,com.miui.compass,cn.com.langeasy.LangEasyLexis,io.legado.app.release,com.qihoo360.mobilesafe,com.qq.reader'
yupei/fps_local.config	fps_smart_group.list60	'com.android.incallui,com.sohu.inputmethod.sogou.xiaomi,com.baidu.input_mi,com.android.deskclock,com.iflytek.inputmethod.miui,com.duokan.reader,com.android.camera,com.xiaomi.market,com.miui.cleanmaster,com.mfashiongallery.emag,com.android.calendar,com.miui.player,com.android.soundrecorder,com.miui.tsmclient,com.miui.fm,com.miui.huanji,com.android.nfc,com.xiaomi.scanner,com.mipay.wallet,com.miui.yellowpage,com.android.providers.downloads,com.miui.virtualsim,com.xiaomi.aiasst.service,com.miui.bugreport,com.miui.compass,com.milink.service,com.miui.packageinstaller,com.youku.phone,tv.danmaku.bilibilihd,tv.danmaku.bili,com.alibaba.android.rimet,com.tencent.wemeet.app,com.duowan.kiwi,com.sohu.inputmethod.sogou.xiaomi,air.tv.douyu.android,com.iflytek.inputmethod.miui,com.dragon.read,com.netease.cloudmusic,com.chaoxing.mobile,com.kmxs.reader,com.baidu.input_mi,com.tencent.qqmusic,com.kugou.android,tv.hanju.lite,com.sinyee.babybus.recommendapp,com.zhongduomei.rrmj.society,com.tencent.edu,com.ximalaya.ting.android,com.google.android.youtube,com.youku.pad,com.qiyi.video.child,com.hongen.app.word,com.tencent.weread,com.xiaohei.xiaoheiapps,org.xinkb.blackboard.android,com.yuantiku.tutor,com.shusheng.JoJoRead,com.miui.securityinputmethod,com.duokan.reader,cn.com.langeasy.LangEasyLexis,com.sohu.inputmethod.sogou,com.duoduo.child.story,com.sinyee.babybus.world,com.cmcc.cmvideo,com.maimemo.android.momo,com.youdao.dict,com.lemon.lv,com.qidian.QDReader,com.iflytek.inputmethod,com.huahuo.hhspfilms,com.app.moontv,com.xs.fm,com.eg.android.AlipayGphone,com.shanbay.sentence,com.bestv.app,com.shuqi.controller,com.example.notes.kyjsb,com.dianshijia.tvlive,com.jp1.xg1,com.duokan.hdreader,com.kuaikan.comic,com.sinyee.babybus.chants,com.videogo,com.jiongji.andriod.card,io.legado.app.release,cn.cntvhd,com.mxtech.videoplayer.ad,com.chaozh.iReaderFree,com.tencent.qqmusicpad,com.bb.happykids,com.jjwxc.reader,com.chuyiapp.cy,com.chaozh.iReader.dj,com.sw.battery1,com.starmoon.smfilms,cn.kuwo.player,com.yueyou.adreader,com.dianshijia.newlive,com.zhpphls.banma,com.xfp.kit,com.csd.newyunketang,com.bilibili.comic,com.huli.hlfilms,com.xs.video.bayi,com.xingxingsp.xxspfilms,com.sevenVideo.app.android,com.kkzy.browser,com.qihoo360.mobilesafe,com.qq.reader,com.android.providers.downloads.ui,com.miui.cit'
yupei/fps_local.config	fps_smart_group.list90	'com.android.browser,com.miui.gallery,com.xiaomi.mihomemanager,com.miui.newhome,com.miui.weather2,com.miui.hybrid,com.xiaomi.smarthome,com.android.quicksearchbox,com.android.fileexplorer,com.xiaomi.gamecenter,com.xiaomi.vipaccount,com.miui.cloudservice,com.android.email,com.xiaomi.wearable,com.xiaomi.youpin,com.mi.health,cn.wps.moffice_eng.xiaomi.lite,com.xiaomi.hm.health,com.ss.android.article.news,com.baidu.netdisk,com.baidu.searchbox,com.xingin.xhs,com.ss.android.article.lite,com.quark.browser,com.tencent.mtt,com.UCMobile,com.taobao.taobao,com.xunmeng.pinduoduo,com.baidu.homework,com.sina.weibo,cn.eeo.classin,com.xunlei.downloadprovider,com.baidu.searchbox.lite,com.hexin.plat.android,com.taobao.live,com.zhihu.android,com.kuaiduizuoye.scan,cn.xuexi.android,com.tvbc.maiduidui,com.android.chrome,com.jingdong.app.mall,com.sup.android.superb,com.eastmoney.android.berlin,com.microsoft.emmx,com.tencent.news,com.mampod.ergedd,com.gotokeep.keep,com.estrongs.android.pop,com.lofter.android,com.tencent.karaoke,com.able.wisdomtree,com.alicloud.databox,com.netease.edu.ucmooc,com.sankuai.meituan.meituanwaimaibusiness,com.excean.gspace,com.hujiang.cctalk,com.tencent.wework,cn.xiaochuankeji.tieba,com.fluidtouch.noteshelf2,com.xiwang.zaixian,com.A17zuoye.mobile.homework,com.flexcil.flexcilnote,com.xiaoe.client,com.netease.mhxyhtb,com.baidu.tieba,com.yizhilu.qh,com.fenbi.android.solar,com.taptap,com.zuoyebang.airclass,com.taobao.idlefish,com.x8zs.sandbox,uni.UNIB957356,com.dongao.kaoqian.phone,com.yiyou.ga,com.playgame.havefun,com.handsgo.jiakao.android,com.gkid.crazyrope,com.yidian.zxpad,com.fenbi.android.leo,com.bokecc.dance,edu.www.qsxt,net.huanci.hsj,com.sankuai.meituan,com.android.pcmode,com.adsk.sketchbook,com.qihoo.browser,com.qq.ac.android,mark.via,com.xiaomi.bluetooth,com.duowan.mobile,cn.soulapp.android,com.yinghuadongman.app,com.mihoyo.hyperion,com.gbits.atm.leiting,com.netease.a13.avg,com.vmos.pro,com.tencent.start,com.netease.newsreader.activity,com.ss.android.auto,com.huatu.handheld_huatu,com.haixue.app.android.HaixueAcademy.h4,com.xuanke.kaochong,net.chinaedu.alioth,com.edu24ol.newclass,com.yuncheapp.android.pearl,com.yongshi.tenojo.ys,com.eoffcn.mobile,me.ele.napos,com.chaoge.athena_android,com.ifttt.ifttt,org.mozilla.firefox,com.excean.splay,com.twitter.android,com.android.dazhihui,com.levelinfinite.apexlegendsmobile'
yupei/fps_local.config	fps_group.list60	'com.android.incallui,com.android.camera,com.mfashiongallery.emag,com.miui.tsmclient,com.miui.huanji,com.xiaomi.scanner,com.miui.compass,cn.com.langeasy.LangEasyLexis,io.legado.app.release,com.qihoo360.mobilesafe,com.qq.reader'
yupei_intl/fps_local.config	fps_smart_group.list60	'com.bilibili.comic,com.tencent.wemeet.app,com.android.incallui,com.sohu.inputmethod.sogou.xiaomi,com.baidu.input_mi,com.android.deskclock,com.iflytek.inputmethod.miui,com.miui.video,com.duokan.reader,com.android.camera,com.xiaomi.market,com.miui.cleanmaster,com.mfashiongallery.emag,com.android.calendar,com.miui.player,com.android.soundrecorder,com.miui.tsmclient,com.miui.fm,com.miui.huanji,com.android.nfc,com.xiaomi.scanner,com.mipay.wallet,com.miui.yellowpage,com.android.providers.downloads,com.miui.virtualsim,com.xiaomi.aiasst.service,com.miui.bugreport,com.miui.compass,com.milink.service,com.miui.packageinstaller,com.miui.mediaviewer,com.google.android.youtube,com.zhiliaoapp.musically,com.ss.android.ugc.trill,com.google.android.googlequicksearchbox,com.truecaller,org.telegram.messenger,com.mxtech.videoplayer.ad,com.netflix.mediaclient,in.startv.hotstar,in.startv.hotstaronly,com.snapchat.android,com.viber.voip,com.google.android.apps.maps,com.zhiliaoapp.musically.go,com.vanced.android.youtube,com.google.android.apps.docs,us.zoom.videomeetings,com.google.android.gm,com.playit.videoplayer,in.mohalla.sharechat,com.nemo.vidmate,com.kwai.video,com.google.android.apps.tachyon,com.gallery.player,in.mohalla.video,com.shopee.id,com.microsoft.teams,com.funnypuri.client,com.jio.jioplay.tv,com.kwai.bulldog,wp.wattpad,com.google.android.apps.youtube.music,com.google.android.apps.youtube.kids,com.spotify.music,com.flipkart.android,com.waze,com.lemon.lvoverseas,ru.yandex.yandexnavi,com.amazon.avod.thirdpartyclient,tv.twitch.android.app,com.meesho.supply,com.pinterest,com.app.dream11Pro,com.tv.v18.viola,ru.yandex.taximeter,com.graymatrix.did,com.google.android.apps.youtube.mango,com.avito.android,com.phonepe.app,video.tiki,com.lazada.android,com.alibaba.aliexpresshd,trendyol.com,org.videolan.vlc,in.amazon.mShop.android.shopping,com.firsttouchgames.dls7,com.aero,ir.medu.shad,org.xbet.client1,com.lenovo.anyshare.gps,com.next.innovation.takatak,com.google.android.apps.nbu.paisa.user,com.wildberries.ru,video.like,com.kwai.kuaishou.video.live,com.amazon.mShop.android.shopping,com.moonvideo.android.resso,com.google.android.apps.classroom,com.microsoft.office.outlook,com.camerasideas.instashot,com.ubercab.driver,com.prisbank.app,com.starmakerinteractive.starmaker,free.tube.premium.advanced.tuber,com.gojek.partner,mobi.mangatoon.novel,mobi.mangatoon.novel.portuguese,com.sonyliv,sg.bigo.live,com.nexstreaming.app.kinemasterfree,in.mohalla.video.lite,com.shopee.br,com.mercadolibre,com.zzkko,net.one97.paytm,com.cardfeed.video_public,com.naver.linewebtoon,world.social.group.video.share,com.adv.videoplayer.app,com.bstar.intl,com.pratilipi.mobile.android,com.ss.android.ugc.aweme,com.huya.nimo,com.tencent.qqlivei18n,com.duolingo,com.whereismytrain.android,com.whereismytraingadi.trainstatus.livetrainlocation,com.disney.disneyplus,com.shopee.my,com.iqiyi.i18n,ru.ozon.app.android,com.hbo.hbonow,ru.yandex.yandexmaps,com.duokan.phone.remotecontroller,com.shopee.ph,org.jw.jwlibrary.mobile,ir.resaneh1.iptv,video.player.videoplayer,com.jio.myjio,com.vidio.android,com.tokopedia.tkpd,com.unacademyapp,com.msf.angelmobile,com.eterno.shortvideos,com.ak.ta.dainikbhaskar.activity,com.skype.raider,com.google.android.apps.magazines,jp.ne.ibis.ibispaintx.app,sinet.startup.inDriver,com.myntra.android,com.offshore.pikashow,ru.dublgis.dgismobile,in.startv.hotstar.dplus,com.sahibinden,com.dywx.larkplayer,co.brainly,com.bsbportal.music,com.mxtech.videoplayer.beta,com.flatfish.cal.privacy,com.maleo.bussimulatorid,com.taxsee.driver,com.viki.android,com.ubercab,mobi.mangatoon.comics.aphone,xyz.penpencil.physicswala,org.readera,com.jio.media.jiobeats,ir.divar,com.cisco.webex.meetings,com.instander.android,com.olacabs.oladriver,com.vuclip.viu,com.olx.southasia,com.grab.merchant,com.amazon.mp3,com.shadow.blackhole,mrt.battery.health,com.pay4vend.pay4vend,idm.internet.download.manager,in.upstox.app,com.video.fun.app,com.application.zomato,com.schibsted.bomnegocio.androidApp,com.jio.media.ondemand,com.dragon.read,tv.danmaku.bilibilihd,tv.danmaku.bili,com.tencent.qqlive,com.miui.cit,com.xiaomi.calendar,com.android.providers.downloads.ui'
yupei_intl/fps_local.config	fps_smart_group.list90	'com.mi.globalbrowser,com.android.browser,com.miui.gallery,com.xiaomi.mihomemanager,com.miui.newhome,com.miui.weather2,com.miui.hybrid,com.xiaomi.smarthome,com.android.quicksearchbox,com.android.fileexplorer,com.xiaomi.gamecenter,com.xiaomi.vipaccount,com.miui.cloudservice,com.android.email,com.xiaomi.wearable,com.xiaomi.youpin,com.mi.health,cn.wps.moffice_eng.xiaomi.lite,com.xiaomi.hm.health,com.whatsapp,com.facebook.katana,com.instagram.android,com.android.chrome,com.google.android.inputmethod.latin,com.facebook.orca,com.facebook.lite,com.gbwhatsapp,com.vkontakte.android,com.whatsapp.w4b,com.twitter.android,com.android.vending,com.imo.android.imoim,ru.yandex.searchplugin,com.mint.keyboard,ru.ok.android,jp.naver.line.android,com.yandex.browser,org.telegram.plus,com.discord,com.touchtype.swiftkey,com.zing.zalo,com.fmwhatsapp,com.UCMobile.intl,com.yowhatsapp,com.WhatsApp2Plus,com.opera.browser,com.opera.mini.native,com.google.android.apps.inputmethod.hindi,com.binance.dev,com.imo.android.imoimbeta,com.snaptube.premium,com.eterno,com.google.android.apps.translate,com.imo.android.imoimhd,com.celltick.lockscreen,ir.ilmili.telegraph,com.clusterdev.malayalamkeyboard,com.facebook.mlite,com.brave.browser,com.michatapp.im,com.obwhatsapp,com.microsoft.office.word,org.mozilla.firefox,com.bit.androsmart.kbinapp,com.tinder,com.emoji.coolkeyboard,im.thebot.messenger,com.picsart.studio,com.simejikeyboard,com.instapro.android,com.linkedin.android,com.alightcreative.motion,com.grindrapp.android,com.uc.browser.en,com.adobe.reader,com.ziipin.softkeyboard.saudi,com.vng.inputmethod.labankey,com.reddit.frontpage,com.yy.hiyo,com.wrx.wazirx,site.realanime.animlov.animlov,com.perm.kate_new_6,com.instagram.lite,re.sova.five,com.badoo.mobile,com.gbwhatsapp3,com.hamrokeyboard,com.fontskeyboard.fonts,org.thunderdog.challegram,com.litatom.app,com.sec.android.app.sbrowser,com.canva.editor,com.instapro.app,com.vtosters.android,com.yandex.zen,com.jtwhatsapp,com.teslacoilsw.launcher,com.android.htmlviewer,blackrussia.online,com.cricbuzz.android,com.nextbillion.groww,com.hsv.freeadblockerbrowser,lk.bhasha.helakuru,com.microsoft.office.officehubrow,sun.way2sms.hyd.com,org.thoughtcrime.securesms,org.vidogram.messenger,com.blueWAplus,com.hb.dialer.free,net.metaquotes.metatrader4,info.sunista.app,org.telegram.messenger.web,com.gojek.app,com.youdao.hindict,com.google.android.packageinstaller,com.intsig.camscanner,com.jb.emoji.gokeyboard,com.ziipin.softkeyboard.dz,com.ss.android.article.news'
yupei_intl/fps_local.config	fps_group.list60	'com.android.incallui,com.miui.video,com.android.camera,com.mfashiongallery.emag,com.miui.tsmclient,com.miui.huanji,com.xiaomi.scanner,com.miui.compass,com.miui.mediaviewer,com.google.android.youtube,com.zhiliaoapp.musically,com.ss.android.ugc.trill,com.mxtech.videoplayer.ad,com.netflix.mediaclient,in.startv.hotstar,in.startv.hotstaronly,com.google.android.apps.maps,com.zhiliaoapp.musically.go,com.vanced.android.youtube,com.playit.videoplayer,in.mohalla.sharechat,com.nemo.vidmate,com.kwai.video,com.gallery.player,in.mohalla.video,com.funnypuri.client,com.jio.jioplay.tv,com.kwai.bulldog,wp.wattpad,com.google.android.apps.youtube.music,com.google.android.apps.youtube.kids,com.spotify.music,com.waze,ru.yandex.yandexnavi,com.amazon.avod.thirdpartyclient,tv.twitch.android.app,com.tv.v18.viola,ru.yandex.taximeter,com.graymatrix.did,com.google.android.apps.youtube.mango,video.tiki,org.videolan.vlc,com.aero,com.next.innovation.takatak,video.like,com.kwai.kuaishou.video.live,com.moonvideo.android.resso,com.starmakerinteractive.starmaker,free.tube.premium.advanced.tuber,mobi.mangatoon.novel,mobi.mangatoon.novel.portuguese,com.sonyliv,sg.bigo.live,com.nexstreaming.app.kinemasterfree,in.mohalla.video.lite,net.one97.paytm,com.cardfeed.video_public,com.naver.linewebtoon,world.social.group.video.share,com.adv.videoplayer.app,com.bstar.intl,com.pratilipi.mobile.android,com.ss.android.ugc.aweme,com.huya.nimo,com.tencent.qqlivei18n,com.disney.disneyplus,com.iqiyi.i18n,com.hbo.hbonow,org.jw.jwlibrary.mobile,ir.resaneh1.iptv,video.player.videoplayer,com.jio.myjio,com.vidio.android,com.eterno.shortvideos,com.skype.raider,com.google.android.apps.magazines,sinet.startup.inDriver,ru.dublgis.dgismobile,in.startv.hotstar.dplus,com.dywx.larkplayer,com.bsbportal.music,com.mxtech.videoplayer.beta,com.viki.android,mobi.mangatoon.comics.aphone,org.readera,com.jio.media.jiobeats,com.vuclip.viu,com.amazon.mp3,com.shadow.blackhole,com.video.fun.app,com.jio.media.ondemand'
zephyr_id/fps_local.config	fps_smart_group.list60	'com.instagram.android,com.autonavi.minimap,com.android.incallui,com.sohu.inputmethod.sogou.xiaomi,com.baidu.input_mi,com.android.deskclock,com.iflytek.inputmethod.miui,com.android.camera,com.mfashiongallery.emag,com.android.soundrecorder,com.miui.tsmclient,com.miui.fm,com.miui.huanji,com.android.nfc,com.xiaomi.scanner,com.miui.yellowpage,com.xiaomi.aiasst.service,com.miui.compass,com.milink.service,com.miui.packageinstaller,com.google.android.apps.maps,ru.yandex.yandexmaps,com.gallery.player,com.android.providers.downloads.ui,com.miui.cit,com.amazon.mShop.android.shopping,com.android.chrome'
zephyr_id/fps_local.config	fps_smart_group.list90	'com.duokan.reader,com.xiaomi.market,com.xiaomi.mipicks,com.miui.cleanmaster,com.miui.cleaner,com.android.calendar,com.miui.player,com.mipay.wallet,com.android.providers.downloads,com.miui.virtualsim,com.miui.miservice,com.miui.bugreport,com.google.android.gm'
zephyr_id/fps_local.config	fps_group.list60	'com.autonavi.minimap,com.android.incallui,com.android.camera,com.mfashiongallery.emag,com.miui.tsmclient,com.miui.huanji,com.xiaomi.scanner,com.miui.compass,com.google.android.apps.maps,ru.yandex.yandexmaps'
zephyr_intl/fps_local.config	fps_smart_group.list60	'com.instagram.android,com.autonavi.minimap,com.android.incallui,com.sohu.inputmethod.sogou.xiaomi,com.baidu.input_mi,com.android.deskclock,com.iflytek.inputmethod.miui,com.android.camera,com.mfashiongallery.emag,com.android.soundrecorder,com.miui.tsmclient,com.miui.fm,com.miui.huanji,com.android.nfc,com.xiaomi.scanner,com.miui.yellowpage,com.xiaomi.aiasst.service,com.miui.compass,com.milink.service,com.miui.packageinstaller,com.google.android.apps.maps,ru.yandex.yandexmaps,com.gallery.player,com.android.providers.downloads.ui,com.miui.cit,com.amazon.mShop.android.shopping,com.android.chrome'
zephyr_intl/fps_local.config	fps_smart_group.list90	'com.duokan.reader,com.xiaomi.market,com.xiaomi.mipicks,com.miui.cleanmaster,com.miui.cleaner,com.android.calendar,com.miui.player,com.mipay.wallet,com.android.providers.downloads,com.miui.virtualsim,com.miui.miservice,com.miui.bugreport,com.google.android.gm'
zephyr_intl/fps_local.config	fps_group.list60	'com.autonavi.minimap,com.android.incallui,com.android.camera,com.mfashiongallery.emag,com.miui.tsmclient,com.miui.huanji,com.xiaomi.scanner,com.miui.compass,com.google.android.apps.maps,ru.yandex.yandexmaps'
zorn/fps_local.config	fps_smart_group.list60	'com.ss.android.article.news,com.miui.cit,com.tmall.wireless,com.jingdong.app.mall,com.taobao.live,com.tencent.mtt,com.xunmeng.pinduoduo,com.qq.ac.android,com.milink.service,com.tencent.qqpinyin,com.baidu.input,com.iflytek.inputmethod,com.sohu.inputmethod.sogou,com.lechuan.mdxs,com.taobao.taobao,com.UCMobile,com.tencent.wemeet.app,com.chaozh.iReader.dj,com.sankuai.meituan.dispatch.crowdsource,com.chaozh.iReaderFree,com.cootek.crazyreader,com.sankuai.meituan.meituanwaimaibusiness,com.lalamove.huolala.driver,com.faloo.BookReader4Android,com.jjwxc.reader,io.legado.app.release,com.sankuai.meituan.dispatch.homebrew,com.hpbr.bosszhipin,com.lwby.breader.ad,com.snda.wifilocating,com.duoduo.child.story,me.ele.crowdsource,com.alukaxi.bqshugg.blue,com.tencent.map,com.flyersoft.seekbooks,me.ele.napos,com.jingyao.easybike,cn.kuwo.player,com.yiyou.ga,com.ninesixshop.say,com.tmri.app.main,com.lechuan.midunovel,com.comics.bika,com.kuangxiangciweimao.novel,com.sdu.didi.psnger,com.bokecc.dance,com.duowan.mobile,com.ifreetalk.ftalk,com.kugou.android.elder,com.kuaidi.daijia.driver,com.dongqiudi.news,com.bilibili.comic,com.xiwei.logistics,com.huaxiaozhu.driver,com.xinchuzu.driver,com.jd.pingou,com.tool.biqudaogexs,com.tool.txtqbydq,com.baidu.yuedu,com.relief.space.master.cleaner,com.mampod.ergedd,com.ophone.reader.ui,com.ishansong,com.ximalaya.ting.lite,com.sfexpress.knight,com.mianfeizs.book,com.didapinche.booking,com.jryg.driver,com.tadu.read,com.android.incallui,com.android.camera,com.autonavi.minimap,com.sdu.didi.gsui,com.baidu.BaiduMap,com.duokan.reader,tv.danmaku.bili,com.dragon.read,com.kmxs.reader,com.eg.android.AlipayGphone,com.kugou.android,com.netease.cloudmusic,com.lechuan.mdwz,com.tencent.karaoke,com.qidian.QDReader,com.shuqi.controller,com.tencent.qqmusic,com.duokan.free,com.qq.reader,com.yueyou.adreader,com.ximalaya.ting.android,com.tencent.weread,com.android.deskclock,com.miui.cleanmaster,com.mfashiongallery.emag,com.android.calendar,com.android.soundrecorder,com.miui.tsmclient,com.miui.fm,com.miui.huanji,com.android.nfc,com.xiaomi.scanner,com.mipay.wallet,com.miui.yellowpage,com.android.providers.downloads.ui,com.miui.virtualsim,com.xiaomi.aiasst.service,com.miui.compass,com.miui.miservice,com.miui.packageinstaller,com.miui.player,com.kuaiyin.player,com.tencent.edu,com.wondertek.miguaikan,com.cmcc.cmvideo,com.kuaikan.comic,com.xs.fm,com.youku.phone'
zorn/fps_local.config	fps_group.list60	'com.miui.huanji,com.miui.cit,com.baidu.input,com.iflytek.inputmethod,com.sohu.inputmethod.sogou,com.tencent.wemeet.app,com.ifreetalk.ftalk,com.kuaidi.daijia.driver,com.xiwei.logistics,com.xinchuzu.driver,com.mampod.ergedd,com.android.incallui,com.android.camera,com.mfashiongallery.emag,com.miui.tsmclient,com.xiaomi.scanner,com.miui.compass,com.autonavi.minimap,com.sdu.didi.gsui,com.baidu.BaiduMap,com.tencent.map'
zorn_id/fps_local.config	fps_smart_group.list60	'com.android.deskclock,com.android.camera,com.miui.player,com.miui.cleanmaster,com.android.soundrecorder,com.miui.cleaner,com.xiaomi.calendar,com.google.android.calendar,com.android.calendar,com.android.incallui,com.netflix.mediaclient,com.google.android.apps.maps,com.xiaomi.scanner,com.google.android.googlequicksearchbox,com.truecaller,org.telegram.messenger,com.snapchat.android,com.viber.voip,com.google.android.apps.docs,com.google.android.apps.tachyon,com.shopee.id,com.microsoft.teams,com.flipkart.android,com.meesho.supply,com.pinterest,com.app.dream11Pro,com.avito.android,com.phonepe.app,com.alibaba.aliexpresshd,trendyol.com,ir.medu.shad,org.xbet.client1,com.google.android.apps.nbu.paisa.user,com.wildberries.ru,com.amazon.mShop.android.shopping,com.google.android.apps.classroom,com.microsoft.office.outlook,com.camerasideas.instashot,com.ubercab.driver,com.prisbank.app,com.gojek.partner,com.shopee.br,com.mercadolibre,com.zzkko,com.duolingo,com.whereismytrain.android,com.whereismytraingadi.trainstatus.livetrainlocation,com.shopee.my,com.tokopedia.tkpd,com.unacademyapp,com.msf.angelmobile,com.ak.ta.dainikbhaskar.activity,jp.ne.ibis.ibispaintx.app,com.myntra.android,com.offshore.pikashow,com.sahibinden,co.brainly,com.flatfish.cal.privacy,com.ubercab,xyz.penpencil.physicswala,ir.divar,com.cisco.webex.meetings,com.instander.android,com.olacabs.oladriver,com.vuclip.viu,com.olx.southasia,com.whatsapp,com.facebook.katana,com.instagram.android,com.android.chrome,com.facebook.orca,com.facebook.lite,com.gbwhatsapp,com.vkontakte.android,com.whatsapp.w4b,com.twitter.android,com.android.vending,com.imo.android.imoim,ru.ok.android,jp.naver.line.android,com.yandex.browser,org.telegram.plus,cn.wps.moffice_eng,com.discord,com.zing.zalo,com.fmwhatsapp,com.UCMobile.intl,com.yowhatsapp,com.WhatsApp2Plus,com.opera.browser,com.opera.mini.native,com.binance.dev,com.imo.android.imoimbeta,com.eterno,com.google.android.apps.translate,com.imo.android.imoimhd,ir.ilmili.telegraph,com.facebook.mlite,com.brave.browser,com.michatapp.im,com.obwhatsapp,org.mozilla.firefox,im.thebot.messenger,com.picsart.studio,com.linkedin.android,com.alightcreative.motion,com.grindrapp.android,com.uc.browser.en,com.reddit.frontpage,com.yy.hiyo,com.perm.kate_new_6,com.instagram.lite,re.sova.five,com.badoo.mobile,com.gbwhatsapp3,org.thunderdog.challegram,com.litatom.app,com.sec.android.app.sbrowser,com.canva.editor,com.instapro.app,com.vtosters.android,com.yandex.zen,com.jtwhatsapp,blackrussia.online,com.cricbuzz.android,com.nextbillion.groww,org.thoughtcrime.securesms,org.vidogram.messenger,com.blueWAplus,org.telegram.messenger.web,com.gojek.app,com.intsig.camscanner,mrt.battery.health,com.pay4vend.pay4vend,idm.internet.download.manager,in.upstox.app,com.application.zomato,com.schibsted.bomnegocio.androidApp'
zorn_id/fps_local.config	fps_group.list60	'com.android.camera,com.android.incallui,com.netflix.mediaclient,com.google.android.apps.maps,com.xiaomi.scanner'
zorn_intl/fps_local.config	fps_smart_group.list60	'com.android.deskclock,com.android.camera,com.miui.player,com.miui.cleanmaster,com.android.soundrecorder,com.miui.cleaner,com.xiaomi.calendar,com.google.android.calendar,com.android.calendar,com.android.incallui,com.netflix.mediaclient,com.google.android.apps.maps,ru.yandex.yandexmaps,com.xiaomi.scanner,com.google.android.googlequicksearchbox,com.truecaller,org.telegram.messenger,com.snapchat.android,com.viber.voip,com.google.android.apps.docs,us.zoom.videomeetings,com.google.android.gm,com.google.android.apps.tachyon,com.shopee.id,com.microsoft.teams,com.flipkart.android,com.lemon.lvoverseas,com.meesho.supply,com.pinterest,com.app.dream11Pro,com.avito.android,com.phonepe.app,com.lazada.android,com.alibaba.aliexpresshd,trendyol.com,in.amazon.mShop.android.shopping,com.firsttouchgames.dls7,ir.medu.shad,org.xbet.client1,com.lenovo.anyshare.gps,com.google.android.apps.nbu.paisa.user,com.wildberries.ru,com.amazon.mShop.android.shopping,com.google.android.apps.classroom,com.microsoft.office.outlook,com.camerasideas.instashot,com.ubercab.driver,com.prisbank.app,com.gojek.partner,com.shopee.br,com.mercadolibre,com.zzkko,com.duolingo,com.whereismytrain.android,com.whereismytraingadi.trainstatus.livetrainlocation,com.shopee.my,ru.ozon.app.android,com.duokan.phone.remotecontroller,com.shopee.ph,com.tokopedia.tkpd,com.unacademyapp,com.msf.angelmobile,com.ak.ta.dainikbhaskar.activity,jp.ne.ibis.ibispaintx.app,com.myntra.android,com.offshore.pikashow,com.sahibinden,co.brainly,com.flatfish.cal.privacy,com.maleo.bussimulatorid,com.taxsee.driver,com.ubercab,xyz.penpencil.physicswala,ir.divar,com.cisco.webex.meetings,com.instander.android,com.olacabs.oladriver,com.vuclip.viu,com.olx.southasia,mrt.battery.health,com.pay4vend.pay4vend,idm.internet.download.manager,in.upstox.app,com.application.zomato,com.schibsted.bomnegocio.androidApp,com.whatsapp'
zorn_intl/fps_local.config	fps_group.list60	'com.android.camera,com.android.incallui,com.netflix.mediaclient,com.google.android.apps.maps,com.xiaomi.scanner'
